{
"type": "FeatureCollection",
"name": "waterways_utm442",
"crs": { "type": "name", "properties": { "name": "urn:ogc:def:crs:OGC:1.3:CRS84" } },
"features": [
{"type":"Feature","properties":{"full_id":"w27935408","osm_id":"27935408","osm_type":"way","waterway":"river","bridge":null,"usage":null,"width":null,"ship":null,"intermittent":null,"tunnel":null,"name:ml":null,"designation":null,"layer":null,"boat":null,"name:ur":null,"name:te":"మూసీ నది","name:fa":"رودخانه موسی","name":"Musi River"},"geometry":{"type":"LineString","coordinates":[[78.3168514,17.3759563],[78.3169135,17.3759728],[78.3169761,17.3759899],[78.3170459,17.3759822],[78.3175957,17.3757083],[78.3180477,17.3754664],[78.3187196,17.3751349],[78.3189408,17.375149],[78.3190837,17.3752309],[78.3191621,17.3753576],[78.3191299,17.3755458],[78.3190455,17.3757416],[78.3190709,17.3759054],[78.3191675,17.3760949],[78.3194071,17.3762545],[78.3200231,17.3765454],[78.320404,17.3767911],[78.320809,17.3772161],[78.3214393,17.3778074],[78.3216378,17.37792],[78.3217826,17.3779738],[78.3219114,17.3781043],[78.3219838,17.3782707],[78.3220482,17.3785625],[78.3222064,17.3788518],[78.32248,17.3788953],[78.3229789,17.3788466],[78.3233491,17.3786137],[78.3242261,17.3783193],[78.3247733,17.3781376],[78.3256423,17.3777997],[78.3267716,17.3772775],[78.3275413,17.376955],[78.329089,17.3764737],[78.33076,17.3759822],[78.3314359,17.3758107],[78.3317926,17.3757186],[78.3324578,17.3754831],[78.333182,17.3751221],[78.3340001,17.3748534],[78.3345553,17.3747842],[78.3352151,17.3747049],[78.3361003,17.3744975],[78.3378008,17.3739728],[78.3393806,17.3735606],[78.3413172,17.373192],[78.3417302,17.3732227],[78.3419985,17.3733815],[78.3422184,17.3736272],[78.3423632,17.3740419],[78.3424383,17.3748713],[78.3426154,17.376699],[78.3429202,17.3782532],[78.3429426,17.3787314],[78.3428192,17.3795966],[78.3427066,17.3798577],[78.3422828,17.3808407],[78.3422667,17.3814294],[78.342374,17.3826376],[78.3426261,17.3833134],[78.343125,17.3837895],[78.3436131,17.3840915],[78.3442113,17.3843065],[78.3448952,17.3845062],[78.3454049,17.384583],[78.3472368,17.3847442],[78.3475686,17.3847557],[78.3484277,17.3847903],[78.3488139,17.3847519],[78.3491868,17.3846572],[78.3495462,17.3845267],[78.3496642,17.3844576],[78.3498707,17.3843961],[78.3500022,17.384391],[78.3501416,17.3844064],[78.3502999,17.3843987],[78.3509678,17.3840915],[78.3510482,17.3839789],[78.3512011,17.3837383],[78.3513513,17.3833415],[78.3516128,17.3831112],[78.3518717,17.3829781],[78.3520997,17.3829397],[78.3523813,17.382955],[78.3525288,17.3829294],[78.3526576,17.3828475],[78.3529298,17.3826082],[78.3531108,17.3825173],[78.3532181,17.3824328],[78.3534481,17.3821205],[78.3536292,17.3819516],[78.353833,17.3818486],[78.3541207,17.3817635],[78.3545566,17.3816419],[78.3551721,17.3813718],[78.3555436,17.3812093],[78.3558655,17.3810839],[78.356127,17.3810608],[78.3563094,17.3810455],[78.3564341,17.3810915],[78.356536,17.3811261],[78.3566312,17.3811325],[78.356705,17.3810992],[78.3568431,17.3809853],[78.3569397,17.3808919],[78.3570389,17.3808407],[78.3572227,17.3808663],[78.3573997,17.380888],[78.3577149,17.3808752],[78.3581159,17.380888],[78.3584256,17.3809559],[78.3585517,17.3810096],[78.3586751,17.3810237],[78.3588709,17.3809917],[78.3590975,17.3810339],[78.3593792,17.3810339],[78.359693,17.3809968],[78.3600725,17.3809188],[78.3603555,17.38092],[78.3606639,17.3810147],[78.3608383,17.3810608],[78.3610958,17.3810544],[78.3613305,17.3809661],[78.3615397,17.3808279],[78.3617623,17.3806397],[78.3618535,17.3804516],[78.3619796,17.3801675],[78.3621164,17.3799051],[78.3623712,17.3796542],[78.3625764,17.3795557],[78.3627923,17.3795378],[78.3630833,17.379571],[78.3632965,17.3795659],[78.3635151,17.3795135],[78.3637042,17.379397],[78.3639751,17.3790834],[78.3645599,17.3784985],[78.3647114,17.3782809],[78.3648214,17.3782092],[78.3649904,17.3781798],[78.3652505,17.3781517],[78.3654812,17.3780582],[78.3656904,17.3778893],[78.3657762,17.3777754],[78.36585,17.3776871],[78.3659144,17.3776563],[78.3660109,17.3776256],[78.3664495,17.3773671],[78.3676323,17.3767527],[78.3686677,17.3762408],[78.3702233,17.3755765],[78.3711031,17.3752604],[78.3715725,17.3749916],[78.3719426,17.3746665],[78.3723128,17.3739421],[78.3729699,17.3734762],[78.3737317,17.3730551],[78.3738685,17.3730307],[78.3740321,17.3730154],[78.3743352,17.3730282],[78.3746396,17.3730512],[78.374995,17.3730973],[78.3751345,17.3730858],[78.3752565,17.3730179],[78.3754563,17.3728464],[78.3760303,17.3724497],[78.3765373,17.3722602],[78.3771904,17.3722871],[78.3773862,17.3722705],[78.3779012,17.3722385],[78.3780071,17.3722615],[78.3781452,17.3723012],[78.3782405,17.3723908],[78.378329,17.3726045],[78.3783706,17.3729092],[78.3785395,17.3733776],[78.3787394,17.3737245],[78.379096,17.3739079]]}},
{"type":"Feature","properties":{"full_id":"w27935989","osm_id":"27935989","osm_type":"way","waterway":"river","bridge":null,"usage":null,"width":null,"ship":null,"intermittent":null,"tunnel":null,"name:ml":null,"designation":null,"layer":null,"boat":null,"name:ur":null,"name:te":null,"name:fa":null,"name":null},"geometry":{"type":"LineString","coordinates":[[78.4884936,17.3546824],[78.4887149,17.3550019],[78.4888879,17.3553431],[78.4890042,17.3556031],[78.4892426,17.356104],[78.4894877,17.3565321],[78.4895859,17.3567127],[78.4898241,17.3571628],[78.4901561,17.3577531],[78.4904539,17.3581024],[78.4904596,17.3581511],[78.4905476,17.3584896],[78.490661,17.3588931],[78.4908426,17.3591476],[78.491115,17.3595267],[78.4913249,17.3598922],[78.4915944,17.3604365],[78.4917902,17.3607127],[78.4919689,17.3610051],[78.4920171,17.361349],[78.4920568,17.3617768],[78.4920809,17.3620194],[78.4921079,17.3622913],[78.4919973,17.3628708],[78.4918611,17.3632959],[78.4916001,17.3637697],[78.4913902,17.3641759],[78.4910724,17.3646795],[78.4908606,17.3650227],[78.4906497,17.3653645],[78.4904029,17.3658059],[78.4902401,17.3660889],[78.4901958,17.366166],[78.4899411,17.36666],[78.4899319,17.3666778],[78.4897616,17.3672649],[78.489705,17.3677419],[78.4897192,17.3683376],[78.4898752,17.3691553],[78.4899887,17.3696508],[78.4900653,17.3698295],[78.490244,17.3703548],[78.4903915,17.3708394],[78.4905476,17.3711454],[78.4908228,17.3712916],[78.4912568,17.3713132],[78.4916597,17.3713295],[78.4919122,17.3713782],[78.4920171,17.3714567],[78.4921732,17.3717654],[78.49282,17.3726427],[78.4934158,17.3734631],[78.4941818,17.3744107],[78.4947208,17.3751553],[78.4949931,17.3756535],[78.4952088,17.376111],[78.4953705,17.3766011],[78.4954125,17.3767916]]}},
{"type":"Feature","properties":{"full_id":"w27935994","osm_id":"27935994","osm_type":"way","waterway":"river","bridge":null,"usage":null,"width":null,"ship":null,"intermittent":null,"tunnel":null,"name:ml":null,"designation":null,"layer":null,"boat":null,"name:ur":null,"name:te":null,"name:fa":null,"name":null},"geometry":{"type":"LineString","coordinates":[[78.4737789,17.3289423],[78.4737619,17.3290906],[78.4736347,17.3294566],[78.4739596,17.3299759],[78.4742014,17.3304231],[78.4751043,17.3312489],[78.4754519,17.3312417],[78.4760034,17.3311047],[78.476215,17.3311552],[78.4764643,17.3313499],[78.476555,17.3315951],[78.4766212,17.3319744],[78.4765625,17.3323092],[78.476691,17.3326121],[78.4769554,17.3328429],[78.4771972,17.33298],[78.477341,17.3329892],[78.4774925,17.3330049],[78.4777024,17.3330223],[78.4778923,17.3330377],[78.4779268,17.3330395],[78.4781012,17.3330975],[78.4782924,17.3331136],[78.4784563,17.3331753],[78.4788084,17.3333858],[78.4789874,17.333486],[78.4791727,17.3335991],[78.4793257,17.3336575],[78.4793992,17.3336657],[78.4795615,17.3336838],[78.4796865,17.333741],[78.4798309,17.3338037],[78.4798981,17.3338492],[78.4799732,17.3339077],[78.4800942,17.3339819],[78.4802127,17.3340274],[78.4803758,17.3340901],[78.4804766,17.3341213],[78.4806101,17.3341831],[78.4807546,17.334251],[78.4808651,17.3342994],[78.4809452,17.3343063],[78.4811228,17.3343589],[78.4813169,17.3345061],[78.4813512,17.3345572],[78.4814513,17.3347064],[78.4815904,17.3350643],[78.4817083,17.3353636],[78.4815786,17.3357619],[78.481647,17.3359127],[78.4818049,17.3362908],[78.4820242,17.3364799],[78.4824788,17.3364772],[78.482682,17.3364664],[78.4827108,17.3364796],[78.4829437,17.3365181],[78.482965,17.3365574],[78.4832219,17.3366577],[78.4834412,17.3372563],[78.4838042,17.3372563],[78.4839811,17.3372788],[78.484106,17.3374003],[78.4841319,17.3377469],[78.4844038,17.3378044],[78.4845893,17.3378437],[78.4850981,17.3379642],[78.4853962,17.3380453],[78.4857505,17.3381417],[78.4861517,17.3382278],[78.4865356,17.338274],[78.4868287,17.3383222],[78.4871943,17.3384962],[78.4874448,17.3386309],[78.4876658,17.3386823],[78.4880072,17.3388678],[78.4884403,17.3391566],[78.4887234,17.3394639],[78.4889066,17.3398137],[78.4889649,17.3401025],[78.4891205,17.3402937],[78.4891524,17.340364],[78.4893618,17.3405503],[78.4895839,17.3406934],[78.489781,17.3409372],[78.4900613,17.3410882],[78.4902057,17.3411094],[78.490375,17.3413399],[78.4905999,17.3416579],[78.4908636,17.3418646],[78.4908802,17.3421057],[78.4908858,17.3424872],[78.4909274,17.3426674],[78.4910107,17.3428714],[78.4910107,17.3432106],[78.4910551,17.3434093],[78.4912078,17.3437061],[78.4915742,17.3438968],[78.4918407,17.3441353],[78.4920544,17.3444162],[78.4921765,17.3445195],[78.4923625,17.3446069],[78.4924514,17.3447871],[78.4925707,17.3450415],[78.4926303,17.3454339],[78.4926143,17.3457863],[78.4925835,17.3460239],[78.4925258,17.3461853],[78.4924389,17.3463346],[78.4923453,17.3464284],[78.4922487,17.3465094],[78.4920395,17.346598],[78.4919229,17.3466588],[78.4917213,17.3467452],[78.4914798,17.3468485],[78.4911023,17.3469545],[78.4907997,17.3470631],[78.4904527,17.3471903],[78.490214,17.347283],[78.4900641,17.3473864],[78.4899559,17.3476381],[78.4899725,17.3479852],[78.4901585,17.3491298],[78.4903528,17.3501128],[78.4905693,17.3513899],[78.4907053,17.3521158],[78.4907522,17.3522825],[78.4908164,17.3525106],[78.4910051,17.3528233],[78.4912106,17.353022],[78.4915103,17.3533505],[78.4918379,17.3536473],[78.4920794,17.353891],[78.4921266,17.3540102],[78.4920766,17.354352],[78.4920183,17.354707],[78.4918712,17.3552025],[78.4917246,17.3554336],[78.491688,17.3554913],[78.4915131,17.3556052],[78.4914409,17.3557483],[78.4913799,17.3559603],[78.4911911,17.3562278],[78.4910967,17.3563762],[78.4911217,17.3565219],[78.4911883,17.3568584],[78.4912799,17.3572055],[78.49123,17.3573592],[78.4910496,17.3575552],[78.4909802,17.35764],[78.4908497,17.3576956],[78.4907581,17.3577645],[78.4905971,17.3579235],[78.4904539,17.3581024]]}},
{"type":"Feature","properties":{"full_id":"w27936441","osm_id":"27936441","osm_type":"way","waterway":"stream","bridge":null,"usage":null,"width":null,"ship":null,"intermittent":null,"tunnel":null,"name:ml":null,"designation":null,"layer":null,"boat":null,"name:ur":null,"name:te":null,"name:fa":null,"name":null},"geometry":{"type":"LineString","coordinates":[[78.4812936,17.3730768],[78.4811815,17.3735665],[78.4811263,17.3742022],[78.4812239,17.374676],[78.4813173,17.3752388],[78.4814106,17.3758745],[78.4815418,17.3761895],[78.481699,17.3765177],[78.4819058,17.3768702],[78.48203,17.3771824],[78.4822507,17.3775468],[78.4824755,17.3777614],[78.4825731,17.3779436],[78.4830186,17.3786562],[78.4832901,17.3790045],[78.4835786,17.3795349],[78.4838587,17.3798426],[78.4841684,17.3800613],[78.4846393,17.3802435],[78.4849787,17.3802516],[78.4853351,17.3803447],[78.4857424,17.3802961],[78.4860734,17.3803204],[78.4863958,17.3802354],[78.4867055,17.3800856],[78.4868116,17.3800127],[78.4865825,17.3798345],[78.486434,17.3796847],[78.4865401,17.3796159],[78.4867183,17.3796604],[78.487011,17.3795389],[78.4872444,17.3793041],[78.487622,17.3791826],[78.4881923,17.3789695]]}},
{"type":"Feature","properties":{"full_id":"w27937120","osm_id":"27937120","osm_type":"way","waterway":"river","bridge":null,"usage":null,"width":null,"ship":null,"intermittent":null,"tunnel":null,"name:ml":null,"designation":null,"layer":null,"boat":null,"name:ur":null,"name:te":null,"name:fa":"رودخانه موسی","name":"Musi River"},"geometry":{"type":"LineString","coordinates":[[78.551829,17.3801502],[78.5521026,17.3802567],[78.5525157,17.3805386],[78.5530548,17.380673],[78.5536543,17.3806679],[78.5541558,17.3808522],[78.5546708,17.3810941],[78.5553762,17.3813859],[78.5559797,17.3818006],[78.5567844,17.3821717],[78.5573557,17.3825173],[78.5580512,17.3829388],[78.5589087,17.3834158],[78.5589999,17.3835181],[78.5592198,17.3838151],[78.5594183,17.3839533],[78.5596973,17.3840659],[78.5603195,17.384542],[78.5610169,17.3850744],[78.5626638,17.3860727],[78.5632002,17.3862212],[78.5646701,17.3861239],[78.5659522,17.3860676],[78.566899,17.3862237],[78.569737,17.387025],[78.5720529,17.3876766],[78.574156,17.3882136],[78.5755696,17.3885017],[78.576911,17.3888978],[78.5775676,17.3891861],[78.5778049,17.3892902],[78.5786197,17.3895821],[78.5795322,17.3896423],[78.5802596,17.3896902],[78.5813854,17.3895937],[78.5821474,17.3894079],[78.5828327,17.3892101],[78.583931,17.3888283],[78.5858395,17.3881526],[78.5871389,17.3879157],[78.5881727,17.3877748],[78.5915577,17.3875293],[78.592728,17.387503],[78.5940564,17.3875317],[78.5957032,17.3876264],[78.5972865,17.3876827],[78.5974585,17.3876713],[78.5975432,17.3876674],[78.5978155,17.3876251],[78.5986027,17.3877736],[78.5989594,17.3878875],[78.5993725,17.3878786],[78.5998446,17.3877813],[78.6003958,17.3876712],[78.6007941,17.387629],[78.6016765,17.387629],[78.6024812,17.387574],[78.6037391,17.3874281],[78.6046015,17.3873167],[78.6048777,17.3873212],[78.6051393,17.3873167],[78.6054021,17.3872886],[78.6055657,17.3872271],[78.6057233,17.3870966],[78.6058574,17.3870428],[78.6060137,17.3869974],[78.6063838,17.3869827],[78.606986,17.3869724],[78.6080414,17.3870403],[78.6085564,17.3870556],[78.6094791,17.3869904],[78.610218,17.3871299],[78.6106002,17.3872924],[78.6109436,17.3873589],[78.6111675,17.3873615],[78.6116865,17.3872591],[78.6123598,17.3872066],[78.6127433,17.387103],[78.6130625,17.3869635],[78.6134474,17.3869212],[78.6137585,17.3869212],[78.6143178,17.3868944],[78.615168,17.3867024],[78.6157849,17.386536],[78.616375,17.3864362],[78.6169893,17.3864132],[78.6177751,17.3863543],[78.6185127,17.3861981],[78.619194,17.3860702],[78.6202401,17.3860062],[78.6209857,17.3860548],[78.6225978,17.3859499],[78.6237833,17.3858603],[78.6258969,17.3854251],[78.6272889,17.3853458],[78.6279595,17.3852997],[78.6289251,17.3850642],[78.6302367,17.3847289],[78.6314142,17.3843014],[78.6334526,17.3836769],[78.6345738,17.3834158],[78.635636,17.3832417],[78.6362958,17.3831803],[78.6370307,17.3832199],[78.6372694,17.3832545],[78.6374947,17.3833185],[78.637661,17.3834439],[78.6378381,17.3835821],[78.6382203,17.3837127],[78.6384952,17.3837844],[78.6388908,17.3839226],[78.639379,17.3840288],[78.6396995,17.3840877],[78.6403446,17.3842361],[78.6407872,17.3842643],[78.6412458,17.3842285],[78.6416227,17.3842579],[78.6419941,17.3843565],[78.6424394,17.3845062],[78.6434466,17.3850437],[78.6439106,17.385205],[78.6444765,17.3853534],[78.6451766,17.3854482],[78.6463433,17.3857272],[78.64703,17.3857297],[78.6479915,17.3855031],[78.6487225,17.3853714],[78.6498061,17.3851973],[78.6508173,17.3848901],[78.6519062,17.3843398],[78.6529389,17.3835437],[78.6535474,17.3828652],[78.6538026,17.3825045],[78.6541781,17.3822613],[78.6544061,17.3819618],[78.6546233,17.3816508],[78.6549224,17.3812643],[78.6551088,17.3809981],[78.6552684,17.3808496],[78.6557405,17.3806602],[78.6560127,17.3806039],[78.6564781,17.38049],[78.6568952,17.3802635],[78.6574343,17.3798629],[78.6579332,17.3794802],[78.6583127,17.379228],[78.6589739,17.3789285],[78.659631,17.3786444],[78.6601809,17.3784767],[78.6604665,17.3783987],[78.6607508,17.3783692],[78.6611344,17.3784179],[78.6613624,17.3784243],[78.6615723,17.3784287],[78.6617761,17.3784294],[78.6619578,17.3784192],[78.662053,17.3784064],[78.6621912,17.3783641],[78.6624084,17.3782976],[78.6625734,17.378295],[78.6628295,17.3783628],[78.6641036,17.3790003],[78.6645569,17.3791474],[78.6652087,17.3793368],[78.6656579,17.3794123],[78.6660106,17.3795058],[78.6664478,17.3797259],[78.666696,17.380051],[78.6668032,17.3802033],[78.6669467,17.3803083],[78.6673182,17.3805169],[78.6676817,17.380705],[78.6680062,17.3808855],[78.6684005,17.3810595],[78.6687586,17.3811568],[78.6693299,17.3812605],[78.669759,17.3813808],[78.6700997,17.3815062],[78.6705261,17.381775],[78.671127,17.3822153],[78.6721301,17.3830881],[78.672334,17.383385],[78.6724949,17.3837895],[78.6726344,17.3840352],[78.6730581,17.3844396],[78.6732741,17.3846994],[78.6734846,17.3849593],[78.6736187,17.3852383],[78.673681,17.3854241],[78.673726,17.3855582],[78.673836,17.3861521],[78.673887,17.3864285],[78.6738977,17.3866896],[78.6738239,17.3869379],[78.6737582,17.387135],[78.6736295,17.3874396],[78.6735329,17.3877608],[78.6734618,17.38805],[78.6734565,17.388361],[78.6735155,17.3886669],[78.6735678,17.3889242],[78.6735973,17.3890726],[78.6735758,17.3891904],[78.6735302,17.3893055],[78.6734122,17.3894182],[78.6731896,17.3895845],[78.6730823,17.3897381],[78.6730555,17.3898507],[78.6730474,17.3900478],[78.6730716,17.3902654],[78.6730742,17.3904062],[78.6730877,17.3905854],[78.6730903,17.3907005],[78.6731252,17.3909053],[78.6731628,17.3910589],[78.6732405,17.3913558],[78.6733398,17.391686],[78.6734793,17.3925127],[78.673718,17.3934009],[78.6737636,17.3936185],[78.6737891,17.393758],[78.6738239,17.3941598],[78.6738735,17.3943761],[78.6739325,17.3945245],[78.6739755,17.3946192],[78.6740398,17.3947754],[78.674182,17.395126],[78.6744717,17.3959976],[78.6746085,17.3963418],[78.6747064,17.3966157],[78.6748137,17.3969638],[78.6748807,17.3973144],[78.6749411,17.3977086],[78.6750014,17.397953],[78.6751047,17.3981923],[78.6753032,17.3987055],[78.6755499,17.3993748],[78.6762124,17.4010717],[78.6764887,17.4017039],[78.6766805,17.4019791],[78.6769152,17.4021826],[78.6772692,17.4023566],[78.67752,17.4023822],[78.6777413,17.4022952],[78.677972,17.4020623],[78.6781383,17.4019432],[78.6783166,17.4018882],[78.6786063,17.4019176],[78.679018,17.4020699],[78.6793828,17.4023694],[78.679651,17.4026791],[78.6802733,17.4036363],[78.6804932,17.403923],[78.6812067,17.4044041],[78.681491,17.4045475],[78.6819041,17.4047369],[78.6822152,17.4048085],[78.6824298,17.4048034],[78.6829823,17.4047676],[78.6833149,17.4047829],[78.6836368,17.4048828],[78.6839667,17.4049851],[78.6846319,17.4050312],[78.684909,17.4049973],[78.6852461,17.405108],[78.6856055,17.4053434],[78.685914,17.4054816],[78.6862841,17.4055226],[78.6869118,17.4054586],[78.6877057,17.4052564],[78.6880758,17.4050568],[78.6884433,17.4048827],[78.6890066,17.4047727],[78.6894491,17.4046268]]}},
{"type":"Feature","properties":{"full_id":"w27955170","osm_id":"27955170","osm_type":"way","waterway":"river","bridge":null,"usage":null,"width":null,"ship":null,"intermittent":null,"tunnel":null,"name:ml":null,"designation":null,"layer":null,"boat":null,"name:ur":"دریا عیسی","name:te":"ఎసి నది","name:fa":null,"name":"Esi River"},"geometry":{"type":"LineString","coordinates":[[78.3621672,17.3303707],[78.3642621,17.3312019],[78.3642953,17.3312158],[78.3644217,17.3312646],[78.3651298,17.3315053],[78.3656006,17.3316704],[78.365909,17.3318394],[78.3661772,17.3321313],[78.3663556,17.3323566],[78.3665849,17.3326997],[78.3667982,17.332934],[78.3671696,17.3330377],[78.3674861,17.3329852],[78.3677866,17.3328726],[78.3680239,17.332733],[78.3682251,17.3323682],[78.3683619,17.3320289],[78.3687025,17.3306066],[78.3692135,17.3295504],[78.3698183,17.3281588],[78.3701375,17.3277913],[78.3704165,17.3276083],[78.3706873,17.3275571],[78.3710575,17.3276185],[78.3712962,17.3276953],[78.3715966,17.3277465],[78.3717763,17.3277389],[78.371897,17.3276825],[78.3720472,17.3276262],[78.3722591,17.3275775],[78.3725944,17.3275596],[78.373501,17.3278285],[78.3738202,17.327895],[78.3741769,17.3279309],[78.3746999,17.3280564],[78.3749682,17.3281357],[78.3752298,17.3281752],[78.3755797,17.3281741],[78.3762449,17.328041],[78.3767921,17.3280666],[78.3771193,17.3281127],[78.3775485,17.3281434],[78.3782405,17.3281844],[78.3793026,17.3282758],[78.3800054,17.3284251],[78.3808154,17.328635],[78.3814055,17.3287733],[78.3819687,17.328886],[78.3825159,17.3289474],[78.383106,17.3289525],[78.3837819,17.3289986],[78.3842198,17.32905],[78.3847494,17.329073],[78.3855782,17.3292182],[78.3863032,17.3294288],[78.3867565,17.3296797],[78.3871534,17.3299357],[78.38736,17.3300996],[78.3877248,17.3303505],[78.3879769,17.3304888],[78.3881217,17.330563],[78.3884731,17.3306347],[78.3887547,17.330668],[78.3893529,17.3306322],[78.3898383,17.3306168],[78.3902192,17.3306271],[78.390702,17.3306373],[78.390981,17.3306424],[78.3915442,17.3305912],[78.3920324,17.3305605],[78.3923113,17.33054],[78.3928746,17.3304581],[78.3937865,17.3303147],[78.394559,17.330371],[78.3949238,17.3304632],[78.3956172,17.3306245],[78.396159,17.3307973],[78.3967826,17.3311443],[78.3972681,17.3315527],[78.3975899,17.3319457],[78.3977307,17.3323438],[78.3979198,17.3333309],[78.3981316,17.3348042],[78.3982444,17.3356506],[78.3985058,17.336963],[78.3987004,17.3381085],[78.3992207,17.3415547],[78.3993977,17.3429577],[78.3997357,17.3442046],[78.4004813,17.346071],[78.4011787,17.3477018],[78.4012082,17.3479719],[78.4012096,17.3483381],[78.4012498,17.3486747],[78.4013249,17.3489871],[78.4015703,17.3494146],[78.4019854,17.349901],[78.4022985,17.3502262],[78.4027424,17.3506089],[78.4031448,17.3509699],[78.4036031,17.3513324],[78.4040445,17.3516005],[78.4045081,17.3519081],[78.4046422,17.3520846],[78.4047378,17.3522553],[78.4048255,17.3527151],[78.4049579,17.3529161],[78.4052083,17.3531429],[78.4054986,17.3533059],[78.4060123,17.3536865],[78.4061606,17.3538722],[78.4065291,17.3541996],[78.4070188,17.354702],[78.4073937,17.3551283],[78.4079193,17.3556506],[78.4081019,17.3558531],[78.4083779,17.3560997],[78.408472,17.3561926],[78.4085853,17.3563616],[78.4087001,17.3565808],[78.4087687,17.3568001],[78.4090128,17.3572918],[78.4092185,17.3575659],[78.4095775,17.3580775],[78.409863,17.3584748],[78.4100129,17.3586423],[78.4100831,17.3588113],[78.4101469,17.3590115],[78.4102299,17.3592391],[78.4104028,17.359609],[78.410545,17.359824],[78.4106389,17.3599136],[78.410663,17.3599981],[78.4106362,17.3601491],[78.4105611,17.3602695],[78.4104592,17.3604205],[78.4103975,17.3606074],[78.4103734,17.3607829],[78.4103256,17.3608575],[78.4102179,17.3609466],[78.4100895,17.3610372],[78.4100089,17.3611415],[78.4099563,17.3612412],[78.4098821,17.3614475],[78.4097808,17.3615883],[78.4096859,17.3616576],[78.4095918,17.361669],[78.4095001,17.3616713],[78.4093693,17.361752],[78.4092154,17.3619355],[78.4089649,17.3622537],[78.4089107,17.3624805],[78.4089027,17.362852],[78.4087783,17.3633194],[78.4085916,17.3636924],[78.4083779,17.3639223],[78.408204,17.3641857],[78.4079839,17.3646957],[78.4078371,17.3651737],[78.4077781,17.3655285],[78.4077765,17.3658847],[78.4078084,17.3661329],[78.4079376,17.3667495],[78.4081482,17.3672519],[78.4083452,17.3676325],[78.4085597,17.3679918],[78.4087113,17.3681349],[78.4089075,17.3682582],[78.4090511,17.3683709],[78.4091372,17.3684729],[78.4092233,17.3686936],[78.4092233,17.3688778],[78.409252,17.3690666],[78.4093749,17.3694289],[78.4094594,17.3697212],[78.4094897,17.3699176],[78.4095089,17.3699983],[78.4095695,17.370076],[78.4098598,17.3703378],[78.4102442,17.3705464],[78.4103623,17.3706195],[78.4105026,17.3706636],[78.4109477,17.3707123],[78.4111184,17.3707702],[78.4113337,17.3708646],[78.4116049,17.3709437],[78.4117357,17.3710305],[78.4120202,17.3712004],[78.4122509,17.3712465],[78.4124592,17.3712275]]}},
{"type":"Feature","properties":{"full_id":"w28095682","osm_id":"28095682","osm_type":"way","waterway":"canal","bridge":null,"usage":null,"width":null,"ship":null,"intermittent":null,"tunnel":null,"name:ml":null,"designation":null,"layer":null,"boat":null,"name:ur":null,"name:te":null,"name:fa":null,"name":"Ashoknagar Nala"},"geometry":{"type":"LineString","coordinates":[[78.486186,17.4243229],[78.4864247,17.424218],[78.4864998,17.4241336],[78.4865228,17.4240096],[78.4865207,17.4238273],[78.4864008,17.4230991],[78.486354,17.4228091],[78.4863622,17.4226074],[78.4864496,17.4222835],[78.4865471,17.4221051],[78.4876914,17.4206832],[78.4884043,17.4196688],[78.4886993,17.4186895],[78.4890127,17.4180973],[78.4890559,17.4179096],[78.4890559,17.417751],[78.4890023,17.4175002],[78.4888923,17.4171777],[78.4888306,17.4169883],[78.4887877,17.4167017],[78.4887546,17.4160449],[78.4887608,17.4153206],[78.4887323,17.4150569],[78.4886551,17.4148105],[78.4884823,17.4145215],[78.4882181,17.4140405],[78.4881306,17.4138349],[78.4880148,17.4136953],[78.487842,17.413544],[78.487781,17.4134354],[78.4877443,17.413262],[78.4876611,17.4120353],[78.4876734,17.4119294],[78.4877088,17.4117957],[78.4879938,17.4113528],[78.4880474,17.4112018],[78.4881091,17.4109459],[78.4882015,17.4103333],[78.4883183,17.4096892],[78.4883371,17.4093053],[78.4883022,17.4091108],[78.4880294,17.4082691],[78.4877406,17.4070024],[78.4876852,17.4068198],[78.487335,17.4056654],[78.487169,17.4047916],[78.4875624,17.4044984],[78.4879434,17.4040762],[78.4882726,17.4034327],[78.4886686,17.4033373],[78.4899592,17.4034076],[78.4908564,17.403437],[78.4916062,17.4029971],[78.4923191,17.4023638],[78.4931058,17.4013492],[78.4936896,17.4004637],[78.4941936,17.3993495],[78.4948757,17.3984698],[78.4956439,17.3973321],[78.4961848,17.3967867],[78.496787,17.3963175],[78.497543,17.3959246],[78.4982927,17.3955551],[78.4990056,17.3953029],[78.4993805,17.3954671],[78.5008186,17.3953322],[78.5019003,17.3949979],[78.5031232,17.3946754],[78.5042418,17.3940186],[78.5044937,17.3937957],[78.5047457,17.3927342],[78.5047949,17.3916375],[78.5044999,17.3906698],[78.5044937,17.3898898],[78.5048317,17.389403],[78.5050837,17.3889045],[78.5056983,17.3878136],[78.5056016,17.387367],[78.5054586,17.3870555],[78.5054955,17.3862301],[78.50573,17.3859018],[78.5059087,17.3856937]]}},
{"type":"Feature","properties":{"full_id":"w28130558","osm_id":"28130558","osm_type":"way","waterway":"stream","bridge":null,"usage":null,"width":null,"ship":null,"intermittent":null,"tunnel":null,"name:ml":null,"designation":null,"layer":null,"boat":null,"name:ur":null,"name:te":null,"name:fa":null,"name":null},"geometry":{"type":"LineString","coordinates":[[77.9654119,17.3098938],[77.9651826,17.310021],[77.9647718,17.3101745],[77.9644101,17.3103066],[77.96416,17.310443],[77.9639412,17.3106647],[77.9636152,17.3109674],[77.9634188,17.3112445],[77.9632223,17.3115728],[77.9630169,17.3118115],[77.9625302,17.3122037],[77.9620032,17.3127664],[77.9615567,17.3132183],[77.9614049,17.3133675],[77.9610209,17.3137086],[77.9607529,17.313781],[77.9605699,17.3137896],[77.9599626,17.3139985],[77.9595919,17.3141349],[77.9592481,17.3143651],[77.9588775,17.3143779],[77.9587301,17.3143779],[77.9581586,17.3144972],[77.9580157,17.3145526],[77.9574709,17.3146422],[77.9573057,17.3147232],[77.9569555,17.3147304],[77.9565644,17.3147019],[77.9563144,17.3147743],[77.9561179,17.314834],[77.9558723,17.3152262],[77.9558187,17.3153754],[77.9557205,17.3155374],[77.9554392,17.3158571],[77.9551578,17.3161001],[77.9548944,17.3163602],[77.9545416,17.3164753],[77.9543451,17.3165094],[77.9540594,17.3164838],[77.9538272,17.3163729],[77.953653,17.3161811],[77.953461,17.3160617],[77.9531931,17.3160191],[77.9528224,17.3160617],[77.9525724,17.3161555],[77.9521705,17.3162493],[77.9518803,17.3163388],[77.9517061,17.3163303],[77.9513623,17.3162323],[77.951014,17.3161726],[77.9505942,17.3159765],[77.9503888,17.3158742],[77.9500941,17.3158614],[77.9496878,17.315968],[77.9493841,17.3160831],[77.9490345,17.3161762],[77.9489197,17.3162067],[77.948558,17.3163175],[77.9482499,17.3164369],[77.9480445,17.3165264],[77.9479284,17.3167012],[77.9478659,17.3169783],[77.9477453,17.3172213],[77.9475493,17.3174299],[77.9471764,17.3175961],[77.9465914,17.3176878],[77.9460467,17.317837],[77.9454148,17.3181461],[77.9447919,17.3183336],[77.9443096,17.3185191],[77.9418684,17.3218454],[77.9380415,17.3260894],[77.9377933,17.3267833],[77.9376147,17.3274824],[77.9374271,17.3281985],[77.9371949,17.3289487],[77.9368466,17.3302531],[77.9366144,17.3307135],[77.9362929,17.3313358],[77.9360964,17.3314808],[77.9358017,17.331549],[77.9355517,17.3315831],[77.9346764,17.3318132],[77.9340156,17.3323333],[77.9336494,17.3328022],[77.9330433,17.3336897],[77.9322918,17.3339369],[77.9315214,17.3342503],[77.9308204,17.3344613],[77.9302016,17.3348049],[77.9297216,17.3353414],[77.9295006,17.3355825],[77.9293175,17.3357393],[77.928806,17.3357935],[77.9283765,17.3357574],[77.928004,17.3356368],[77.9276882,17.3355645],[77.9273661,17.335468],[77.9271325,17.3354017],[77.9265199,17.3354379],[77.9260337,17.335685],[77.9253896,17.3360588],[77.9247454,17.3364084],[77.9242907,17.3366073],[77.9235772,17.3368123],[77.9225604,17.3369991],[77.9222826,17.3370293],[77.9220552,17.3370775],[77.9218721,17.3372945],[77.9216953,17.3374452],[77.9213795,17.3375778],[77.9209249,17.3377225],[77.9207922,17.33803],[77.9205965,17.3383193],[77.9203439,17.3386328],[77.9201269,17.3387875],[77.9196535,17.3389708],[77.9191802,17.339103],[77.9186176,17.3395761],[77.9183631,17.3400023],[77.9179835,17.3406247],[77.917854,17.340906],[77.9176441,17.3410125],[77.9171485,17.3413024],[77.9167912,17.3417968],[77.9165412,17.3420057],[77.9161438,17.3424106],[77.9157821,17.34305],[77.9155275,17.3436936],[77.9152775,17.3441454],[77.914947,17.3446228],[77.9145496,17.3451087],[77.9143978,17.3454539],[77.9144514,17.3460251],[77.9143978,17.3463874],[77.9143398,17.3466559],[77.9142549,17.3468647],[77.9141165,17.3475637],[77.9139915,17.34799],[77.9140004,17.3484077],[77.9140897,17.3492047],[77.914045,17.3500912],[77.9140808,17.3504706],[77.9137593,17.3512804],[77.9136655,17.3517961],[77.9137816,17.3526698],[77.9138262,17.3531728],[77.9138843,17.3540465],[77.9137987,17.3545079],[77.9136736,17.3547465],[77.9133298,17.355079],[77.9132271,17.3552111],[77.9132271,17.3553986],[77.9132896,17.3556117],[77.9134638,17.3560678],[77.9135397,17.3564684],[77.9138076,17.3571248],[77.9139505,17.3576788],[77.9141023,17.3590512],[77.9141827,17.3596649],[77.9145489,17.3603426],[77.9148346,17.3606793],[77.9148123,17.3609563],[77.9146069,17.36131],[77.9143033,17.3616467],[77.9141336,17.3618726],[77.9141068,17.3622945],[77.9143167,17.3627335],[77.9146739,17.3632705],[77.9147543,17.3635177],[77.9147096,17.3638587],[77.9146739,17.3642507],[77.9147677,17.3645746],[77.914848,17.3648304],[77.9152008,17.3652864],[77.9155759,17.3655762],[77.9156965,17.3659001],[77.9159108,17.3661004],[77.9161385,17.3663646],[77.9165851,17.3668334],[77.9169959,17.3670465],[77.9174871,17.367575],[77.917947,17.3678307],[77.9185811,17.3681588],[77.9189874,17.368227],[77.9194965,17.3683591],[77.9200368,17.3687555],[77.9207245,17.3689984],[77.9211264,17.3689728],[77.9214747,17.3688706],[77.9217247,17.3688109],[77.9221534,17.368764],[77.9227473,17.3689558],[77.9231804,17.3693308],[77.9234483,17.3698081],[77.9237966,17.3700042],[77.9243325,17.3701619],[77.9247433,17.3704005],[77.9251407,17.3707798],[77.9253908,17.371223],[77.9254712,17.3715895],[77.9256498,17.3722629],[77.9260025,17.3729234],[77.9264714,17.3732899],[77.9268554,17.3735158],[77.9271635,17.373584],[77.927427,17.3734135],[77.9277574,17.3734263],[77.9279628,17.3734817],[77.9284719,17.3736565],[77.9291194,17.3743554],[77.9297624,17.3752716],[77.9302178,17.3756381],[77.9310261,17.3761069],[77.9316825,17.3766055],[77.9323434,17.37707],[77.9328524,17.3777519],[77.9331516,17.3780246],[77.9334463,17.3781354],[77.9336026,17.3781524],[77.9340581,17.3781141],[77.9343706,17.3781354],[77.9347636,17.3783953],[77.9350404,17.3784678],[77.9353486,17.3785189],[77.9355584,17.3786084],[77.9360586,17.3789025],[77.936974,17.3795758],[77.937358,17.3799892],[77.9377375,17.3803301],[77.9383046,17.3808628],[77.9387333,17.3810503],[77.9394031,17.3811184],[77.9398184,17.3813997],[77.9400865,17.3824487],[77.9400995,17.3832203],[77.9407646,17.3835812],[77.9413124,17.3840044],[77.9418079,17.3842533],[77.94246,17.384664],[77.942773,17.3851618],[77.9436207,17.3861326],[77.9440383,17.3869228],[77.9441869,17.3874036],[77.9445988,17.3877256],[77.9450422,17.3880243],[77.9455117,17.3883603],[77.9460072,17.3886839],[77.946568,17.3889577],[77.9470897,17.3890697],[77.9474418,17.3890822],[77.9478852,17.3889826],[77.9481852,17.3887835],[77.9492806,17.388547],[77.9499979,17.3885097],[77.9507934,17.3888581],[77.9512838,17.3891119],[77.9518278,17.3893935],[77.9522428,17.3894463],[77.952501,17.3894287],[77.9528607,17.3894639],[77.9533402,17.3897632],[77.9536814,17.3899568],[77.9541701,17.3901592],[77.9549816,17.3906608],[77.9553044,17.3908016],[77.9560329,17.3910392],[77.9564571,17.3912328],[77.957075,17.3915496],[77.9575821,17.391928],[77.9581816,17.3921304],[77.9585873,17.3919368],[77.9588178,17.3917696],[77.9590299,17.3916288],[77.9591775,17.391576],[77.9595721,17.3914396],[77.959858,17.3915628],[77.9603329,17.3920468],[77.961232,17.392324],[77.9615732,17.3924516],[77.9627859,17.3925352],[77.9633484,17.3925484],[77.964123,17.3922844],[77.9645518,17.391862],[77.9647316,17.3916068],[77.9647916,17.3914132],[77.965082,17.3908148],[77.9652619,17.3904716],[77.9654982,17.3903533],[77.966018,17.3900932],[77.9666682,17.3897632],[77.9672676,17.3894859],[77.9679822,17.3892659],[77.9684756,17.3892483],[77.9687661,17.3893715],[77.969158,17.3897192],[77.9698035,17.3902032],[77.9701678,17.3904012],[77.9709378,17.3905596],[77.9716156,17.3908808],[77.9724594,17.3912108],[77.9730818,17.3916112],[77.9735521,17.3919236],[77.974442,17.3925528],[77.975046,17.3927376],[77.9755117,17.392742],[77.9764918,17.3924255],[77.977196,17.3919029],[77.9775025,17.3916042],[77.9783958,17.3910317],[77.9792631,17.3909197],[77.9799673,17.3908326],[77.9812845,17.3907454],[77.9825104,17.3906148],[77.9836058,17.3909072],[77.984121,17.3910441],[77.9845318,17.3911001],[77.9848643,17.3910815],[77.9851839,17.3910068],[77.9854773,17.3909944],[77.9858164,17.3911312],[77.9860968,17.3911499],[77.986814,17.3911873],[77.9880073,17.3916539],[77.9886594,17.392046],[77.9891028,17.3926122],[77.9896701,17.3933963],[77.9904395,17.3938381],[77.9909677,17.3940745],[77.9918806,17.3948025],[77.9927674,17.3953563],[77.9935238,17.3959101],[77.9943845,17.3965573],[77.9950888,17.3967751],[77.9958778,17.3971982],[77.9971819,17.3980507],[77.9978275,17.3986107],[77.9988577,17.39932],[77.9996533,17.3999111]]}},
{"type":"Feature","properties":{"full_id":"w28130559","osm_id":"28130559","osm_type":"way","waterway":"stream","bridge":null,"usage":null,"width":null,"ship":null,"intermittent":null,"tunnel":null,"name:ml":null,"designation":null,"layer":null,"boat":null,"name:ur":null,"name:te":null,"name:fa":null,"name":null},"geometry":{"type":"LineString","coordinates":[[78.2908343,17.4022765],[78.2909723,17.4016918],[78.2911237,17.4012475],[78.2910888,17.4006421],[78.2910713,17.4001033],[78.2908327,17.399759],[78.29053,17.3995423],[78.2898955,17.3993868],[78.2896278,17.3991924],[78.2897384,17.398787],[78.2902564,17.398587],[78.2910014,17.3984204],[78.2911595,17.3984195],[78.2911551,17.3982172],[78.2909133,17.397958]]}},
{"type":"Feature","properties":{"full_id":"w28321587","osm_id":"28321587","osm_type":"way","waterway":"river","bridge":null,"usage":null,"width":null,"ship":null,"intermittent":null,"tunnel":null,"name:ml":null,"designation":null,"layer":null,"boat":null,"name:ur":null,"name:te":null,"name:fa":null,"name":"Musi River"},"geometry":{"type":"LineString","coordinates":[[78.6894491,17.4046268],[78.6898769,17.4043657],[78.6901613,17.4042582],[78.6905368,17.404152],[78.6907205,17.4040752],[78.6909056,17.4039614],[78.69121,17.4036606],[78.6913656,17.4035326],[78.691556,17.40342],[78.6917344,17.4033189],[78.6919476,17.4032396],[78.6922467,17.4031577],[78.6925068,17.4031116],[78.6926906,17.4031129],[78.6928468,17.4030867],[78.69305,17.4030054],[78.6932418,17.402825],[78.6934805,17.402546],[78.6937353,17.4021582],[78.6940759,17.4016604],[78.694784,17.4007525],[78.694839,17.4006341],[78.6948833,17.4005061],[78.6950308,17.4003845],[78.6952293,17.4002898],[78.6954734,17.4001196],[78.6957912,17.399865],[78.696038,17.3996052],[78.6962391,17.3993505],[78.6968037,17.3985033],[78.6970089,17.397898],[78.6972195,17.3972248],[78.6973402,17.3968921],[78.6976245,17.3964032],[78.6979625,17.3960244],[78.6983353,17.3956866],[78.6990353,17.3953385],[78.6995852,17.3951772],[78.6998749,17.3951158],[78.7002128,17.3949699],[78.7006044,17.3947165],[78.7009639,17.3944964],[78.7016612,17.3942583],[78.7022889,17.3942046],[78.7030613,17.3942379],[78.7037963,17.3944273],[78.7043112,17.394632],[78.7050462,17.3949187],[78.7057462,17.3953129],[78.7063001,17.3958734],[78.7065616,17.3966643],[78.7068486,17.3970943],[78.7072429,17.397404],[78.7075084,17.3975832],[78.7077391,17.3976728],[78.7080073,17.3977163],[78.7082809,17.3977214],[78.7085035,17.3977956],[78.7089702,17.3981181],[78.7092197,17.3985404],[78.7093404,17.3990319],[78.7096247,17.3993799],[78.7098835,17.3994951],[78.710361,17.3996039],[78.7109122,17.399664],[78.7112448,17.3996922],[78.7116256,17.3997767],[78.7119099,17.3999059],[78.7120964,17.40008],[78.7126395,17.4004652],[78.713015,17.4007134],[78.7134308,17.4008644],[78.7137982,17.4008747],[78.7143105,17.4008081],[78.7145627,17.4007416],[78.7147665,17.4007339],[78.7151286,17.4007697],[78.7155068,17.4008568],[78.7159842,17.4009879],[78.7163275,17.4010282],[78.7165663,17.4010206],[78.7169579,17.4009796],[78.7174541,17.4008849],[78.7180763,17.4007211],[78.718531,17.4005599],[78.7190366,17.4003884],[78.7195019,17.4001977],[78.7196548,17.4001145],[78.7197836,17.4000083],[78.7201041,17.3997459],[78.7208283,17.3990344],[78.7213728,17.3983561],[78.7217577,17.3978686],[78.7220165,17.3975051],[78.7220916,17.3972786],[78.7221158,17.3970917],[78.7221131,17.3968755],[78.7221158,17.3966426],[78.7221238,17.3964032],[78.7222485,17.3961998],[78.7224269,17.395931],[78.722726,17.395508],[78.7227769,17.395389],[78.7227689,17.3952783],[78.7227045,17.3951542],[78.7226576,17.3949443],[78.7226509,17.3947139],[78.7227005,17.3944298],[78.7227997,17.3941752],[78.722907,17.3939154],[78.7230277,17.3938079],[78.7231739,17.393813],[78.7232316,17.3939269],[78.7232852,17.3940363],[78.7233952,17.3940741],[78.7235266,17.3940741],[78.723654,17.3940446],[78.7237318,17.3939371],[78.7237935,17.3937439],[78.7238055,17.3935839],[78.7238438,17.3934815],[78.7239678,17.3934418],[78.7240751,17.3934188],[78.7242012,17.3933087],[78.72435,17.3929581],[78.724578,17.3925076],[78.7249643,17.3917781],[78.725431,17.3906263],[78.7257448,17.3896716],[78.7261525,17.3883482],[78.7264127,17.3875125],[78.7265414,17.3871196],[78.7268043,17.3868099],[78.7271985,17.3865667],[78.7276518,17.3863364],[78.7277886,17.3862557],[78.7279227,17.3861367],[78.7282433,17.3858065],[78.7287126,17.385429],[78.7292705,17.3852152],[78.7299129,17.3851589],[78.7305567,17.3851717],[78.731128,17.3852024],[78.7316939,17.3852511],[78.7324423,17.3853074],[78.7328848,17.3854277],[78.7331343,17.3855736],[78.733322,17.385786],[78.7334883,17.3859319],[78.7337458,17.3860292],[78.7340985,17.3860714],[78.7346618,17.3861495],[78.7353967,17.3861636],[78.7358755,17.3860714],[78.736141,17.3858923],[78.7362537,17.3857912],[78.7363851,17.3857528],[78.7365165,17.3857656],[78.7366815,17.3857451],[78.7367754,17.3856913],[78.7368706,17.3855953],[78.7368652,17.3853355],[78.7369309,17.3850578],[78.7369685,17.3849362],[78.7370127,17.3849081],[78.7370811,17.3849055],[78.7371562,17.3849567],[78.7373963,17.385118],[78.7376685,17.3852395],[78.7383217,17.38542],[78.7389252,17.3855045],[78.7392041,17.3854942],[78.739424,17.3854405],[78.7395595,17.3853624],[78.7397439,17.3853304],[78.7398988,17.3853733],[78.7401348,17.3854968],[78.7404889,17.3856209],[78.7407558,17.38558],[78.7410749,17.3854795],[78.7411876,17.3854584],[78.7413096,17.3854533],[78.7416704,17.3855211],[78.7419024,17.3855313],[78.742117,17.385539],[78.7422404,17.3855864],[78.7423798,17.385667],[78.7424415,17.3857208],[78.7425086,17.3857464],[78.7432569,17.3858091],[78.7445202,17.3856325],[78.7465426,17.3852203],[78.7476665,17.3848594],[78.7486294,17.3844396],[78.7493911,17.3841837],[78.7500617,17.3840071],[78.751148,17.3838663],[78.7518869,17.3838816],[78.7524837,17.3840186],[78.7527734,17.3841427],[78.7530282,17.384359],[78.7531261,17.3846342],[78.7531865,17.3847174],[78.753228,17.3847686],[78.7533085,17.3847852],[78.7539998,17.3848134],[78.7542433,17.3848645],[78.7543881,17.3848601],[78.754543,17.3848249],[78.7547307,17.3847442],[78.7548333,17.3847263],[78.7549701,17.384725],[78.7551659,17.3847673],[78.755343,17.3848428],[78.7556085,17.3848581],[78.7558418,17.3848466],[78.7561168,17.3848914],[78.7563273,17.3849721],[78.7565687,17.3851256],[78.756723,17.3853023],[78.7568571,17.385539],[78.756963,17.3856248],[78.757132,17.3856964],[78.757356,17.3857745],[78.7574646,17.3858411],[78.7574927,17.3859255],[78.7574995,17.3860433],[78.7575451,17.3861508],[78.7576456,17.3862199],[78.7578642,17.3863031],[78.758221,17.3864567],[78.758626,17.3866448],[78.7587668,17.3867389],[78.758921,17.3869072],[78.7590498,17.3871938],[78.7591732,17.3875893],[78.7593368,17.3880872],[78.759491,17.3886119],[78.7596881,17.3889728],[78.7599979,17.3894745],[78.7603305,17.3899199],[78.7607342,17.3902846],[78.7609635,17.3905214],[78.7611231,17.3907325],[78.7612411,17.3908746],[78.7613726,17.3910883],[78.7615402,17.3915183],[78.7616824,17.3917807],[78.7619412,17.3919637],[78.7626882,17.3923169],[78.7629631,17.3923591],[78.7633708,17.3923054],[78.7637678,17.3922056],[78.7641151,17.392116],[78.764217,17.3921403],[78.7643015,17.3922798],[78.7643297,17.3925102],[78.7643646,17.3927124],[78.7644906,17.3929351],[78.7648407,17.3932371],[78.7650874,17.3935724],[78.7653503,17.3938693],[78.7656118,17.3940817],[78.7660825,17.3944733],[78.7664366,17.3949597],[78.7665814,17.3952975],[78.7667799,17.3956251],[78.7669972,17.3959374],[78.7671205,17.3963418],[78.7672842,17.3966157],[78.7677053,17.3970815],[78.7684,17.3977623],[78.7687755,17.3983894],[78.7691107,17.3987964],[78.7699664,17.3993057],[78.7706476,17.3998381],[78.7709507,17.4003014],[78.7710446,17.4004908],[78.7711948,17.4006008],[78.7718815,17.4007672],[78.7733835,17.4012125],[78.7736732,17.4012765],[78.7739843,17.4012253],[78.7743853,17.4010705],[78.7745194,17.4010756],[78.774616,17.4011089],[78.7747635,17.4012356],[78.7749244,17.4012816],[78.7751511,17.4012778],[78.7756875,17.4013034],[78.7759182,17.4013149],[78.7762052,17.4012867],[78.776405,17.4011869],[78.7766129,17.4011626],[78.7767805,17.4012381],[78.7769173,17.4013533],[78.7770474,17.4015363],[78.7770675,17.4017167],[78.7770447,17.4021237],[78.777087,17.4022165],[78.7771815,17.4022785],[78.7774242,17.4023553],[78.7778078,17.4023911],[78.7779339,17.4024142],[78.7780438,17.4024922],[78.7781323,17.4025985],[78.7782396,17.4026714],[78.7783885,17.4027341],[78.7785394,17.4028051],[78.7787345,17.4029171],[78.7789196,17.4029811],[78.7792535,17.4030208],[78.7796465,17.4030348],[78.7802741,17.4031295],[78.7809339,17.403278],[78.7814972,17.4034546],[78.7821114,17.4037003],[78.78279,17.4039754],[78.7829268,17.4040932],[78.7830301,17.4042442],[78.7831427,17.4044489],[78.7832808,17.4046857],[78.7833372,17.4048124],[78.7834539,17.4049742],[78.7836054,17.4050773],[78.7838522,17.4050734],[78.7840748,17.4051092],[78.7842652,17.4051873],[78.7844449,17.4052871],[78.7848379,17.4055469],[78.7852737,17.405863],[78.7857579,17.4061202],[78.7860341,17.4063032],[78.7861542,17.406474],[78.7862433,17.4066263],[78.7863144,17.4068663],[78.7864244,17.4070749],[78.7865719,17.4072233],[78.7868643,17.4072975],[78.7871928,17.4073116],[78.7875429,17.4073398],[78.7877333,17.4073871],[78.787854,17.4074946],[78.7879546,17.4075918],[78.7880646,17.4078145],[78.7881652,17.407986],[78.7883046,17.408169],[78.7884548,17.4082509],[78.7886895,17.4083097],[78.7889618,17.4083353],[78.7892997,17.4084684],[78.7898683,17.408709],[78.790732,17.4091978],[78.7912953,17.4094666],[78.7918586,17.409592],[78.7929153,17.4095766],[78.7944415,17.409551],[78.7946963,17.4095741],[78.7949243,17.4097455],[78.7951657,17.4101166],[78.7953454,17.4103675],[78.7955385,17.4105159],[78.795796,17.4105441],[78.7960964,17.4104801],[78.7962842,17.4102651],[78.7964022,17.4101448],[78.7965041,17.4101064],[78.7967643,17.4101627],[78.7970513,17.4102318],[78.7975609,17.4102523],[78.799181,17.4101857]]}},
{"type":"Feature","properties":{"full_id":"w28321727","osm_id":"28321727","osm_type":"way","waterway":"river","bridge":null,"usage":null,"width":null,"ship":null,"intermittent":null,"tunnel":null,"name:ml":null,"designation":null,"layer":null,"boat":null,"name:ur":null,"name:te":null,"name:fa":null,"name":"Musi River"},"geometry":{"type":"LineString","coordinates":[[78.799181,17.4101857],[78.7994948,17.4101819],[78.7998877,17.4101896],[78.8001975,17.4102536],[78.8005275,17.4103687],[78.8009673,17.4105748],[78.8012812,17.4106515],[78.8016593,17.410713],[78.8023648,17.4107027],[78.8032874,17.4106797],[78.8042423,17.4106029],[78.8048243,17.4105466],[78.8052991,17.4105415],[78.8057658,17.4105569],[78.8069057,17.4105146],[78.8074703,17.4105018],[78.808279,17.4105824],[78.8091105,17.4106925],[78.8095799,17.4107642],[78.8099152,17.4108844],[78.8101807,17.4111097],[78.8104624,17.4114411],[78.8107869,17.4117111],[78.8117257,17.412223],[78.8120073,17.4123688],[78.8123533,17.4125493],[78.8124914,17.4126824],[78.8125464,17.4128385],[78.8125907,17.4130496],[78.8126618,17.4131635],[78.8127583,17.4132748],[78.8130239,17.4134719],[78.8133846,17.4136075],[78.8137883,17.413692],[78.8142161,17.4136818],[78.8149108,17.413605],[78.8151884,17.4135768],[78.8155103,17.4135871],[78.8156927,17.4136203],[78.8158911,17.4136613],[78.816205,17.413788],[78.8166904,17.4139044],[78.8171491,17.4139684],[78.8179055,17.4139582],[78.8184835,17.4138814],[78.8187061,17.4138379],[78.8188818,17.4138379],[78.8191205,17.4138878],[78.8193659,17.4139415],[78.81972,17.4139428],[78.8200754,17.4138763],[78.8204133,17.4138456],[78.8206682,17.4138558],[78.8208827,17.4138673],[78.8210946,17.4139262],[78.8212623,17.4140068],[78.8214594,17.4140029],[78.8216552,17.4139671],[78.8224786,17.4137176],[78.8227415,17.413651],[78.8230325,17.4135999],[78.8233839,17.413564],[78.8236628,17.4135205],[78.8243884,17.4134207],[78.8249014,17.4133778],[78.8254586,17.4133926],[78.8264725,17.4134668],[78.8268909,17.4135205],[78.827312,17.4136203],[78.8276634,17.4137509],[78.8279825,17.413907],[78.8283366,17.4141527],[78.8286236,17.4144163],[78.8289455,17.4147694],[78.8292405,17.4150638],[78.8295463,17.4153171],[78.8298789,17.4155603],[78.8301524,17.4157061],[78.8303938,17.4157957],[78.8306996,17.4158239],[78.8310054,17.4158059],[78.831574,17.4156601],[78.8323653,17.4154809],[78.8330036,17.4153811],[78.8336796,17.4153095],[78.8351306,17.4151892],[78.8369277,17.4150561],[78.8380301,17.4149921],[78.838651,17.4149345],[78.8392425,17.4148488],[78.840141,17.4146287],[78.8410798,17.4142576],[78.8416564,17.4140682],[78.8421687,17.4139351],[78.8427132,17.4138404],[78.8432631,17.4137969],[78.8443574,17.4136536],[78.8453042,17.4134361],[78.8465756,17.4130394],[78.8478953,17.4127297],[78.8487858,17.4125787],[78.8492364,17.4125122],[78.8494509,17.4124443],[78.8497245,17.4122524],[78.8498868,17.4121462],[78.8500987,17.4120464],[78.8510334,17.4117546],[78.8514948,17.4115985],[78.8524041,17.4112146],[78.8526964,17.4110585],[78.8530317,17.4107974],[78.8533428,17.4106183],[78.8535869,17.410498],[78.8538524,17.4104801],[78.8540697,17.4105389],[78.8543044,17.4105901],[78.8545579,17.4105671],[78.8552231,17.4104391],[78.8559258,17.4102843],[78.8581198,17.4100053],[78.8589446,17.4097507],[78.8595924,17.4094576],[78.8600443,17.4092618],[78.8606384,17.4091108],[78.8612822,17.4089509],[78.8616087,17.4088197],[78.8618253,17.4087135],[78.8619688,17.4086137],[78.8620828,17.4084915],[78.8622075,17.4083174],[78.8624295,17.4081255],[78.8625495,17.407986],[78.86264,17.4078823],[78.8626863,17.4078139],[78.8627104,17.4077672],[78.8627715,17.4076539],[78.8628446,17.4074997],[78.8628915,17.4072988],[78.8629089,17.4070569],[78.8629626,17.4068522],[78.8631208,17.4066666],[78.8634521,17.4064158],[78.8639644,17.40595],[78.864586,17.405465],[78.86493,17.4051694],[78.8653068,17.4047202],[78.8655831,17.404248],[78.8657092,17.4040253],[78.8658124,17.4039473],[78.8659063,17.403937],[78.8660417,17.4039665],[78.8661732,17.4039601],[78.8662979,17.403905],[78.8663757,17.4037284],[78.8664266,17.4035467],[78.8664427,17.4033906],[78.8664722,17.4031423],[78.8665339,17.4028173],[78.8666171,17.4025127],[78.8667861,17.4022721],[78.8671884,17.4018921],[78.8676162,17.4016566],[78.8678482,17.4014723],[78.8679837,17.4011652],[78.8680749,17.4003513],[78.8681808,17.3997639],[78.8682693,17.399275],[78.8682774,17.3989244],[78.8682345,17.3985455],[78.8682452,17.398177],[78.8684222,17.3976881],[78.8685966,17.3973989],[78.8688648,17.3972863],[78.8694254,17.3970738],[78.8696185,17.3969075],[78.8698639,17.3967027],[78.8700959,17.3966477],[78.8704352,17.3965619],[78.8706028,17.3964544],[78.8708523,17.3961716],[78.8711098,17.3960551],[78.871437,17.3958747],[78.8719359,17.3957698],[78.8721773,17.3957557],[78.8723624,17.3957864],[78.8726601,17.3958888],[78.8729189,17.3959451],[78.8731617,17.3959476],[78.8734889,17.3958965],[78.8741755,17.3955996],[78.8752055,17.3950365],[78.8755917,17.3946218],[78.8761041,17.3937208],[78.8764769,17.3928864],[78.8768738,17.3923233],[78.8791805,17.3905342],[78.8794837,17.3904267],[78.8798672,17.3904113],[78.8801917,17.390332],[78.8806933,17.3901221],[78.8813639,17.3897074],[78.8818225,17.3892748],[78.8822007,17.3886631],[78.8825789,17.3881384],[78.882941,17.3877467],[78.8834131,17.3873295],[78.88392,17.3869072],[78.8846415,17.3863594],[78.8852584,17.3857656],[78.8853738,17.3854584],[78.8855857,17.3851333],[78.8857037,17.3848876],[78.8856822,17.3846239],[78.8857251,17.3844678],[78.8859424,17.3843654],[78.8863233,17.3843501],[78.8871306,17.3841658],[78.8880265,17.3840301],[78.8888097,17.3838048],[78.8893381,17.3835706],[78.889731,17.3832699],[78.8901159,17.3827042],[78.8902312,17.3821666],[78.8904163,17.3815804],[78.8905263,17.3812784],[78.8905397,17.3809815],[78.8905746,17.3806052],[78.8906014,17.380362],[78.8906845,17.380124],[78.8910037,17.3794994],[78.8934064,17.3769394],[78.8936537,17.3763816],[78.8937905,17.3758491],[78.8938254,17.3755291],[78.8938469,17.3752629],[78.8939622,17.3748406],[78.8944235,17.3739421],[78.89507,17.3722807],[78.8956547,17.3712004],[78.8961428,17.3705093],[78.8967182,17.369845],[78.8973525,17.3693112],[78.8983986,17.3687378]]}},
{"type":"Feature","properties":{"full_id":"w28321728","osm_id":"28321728","osm_type":"way","waterway":"river","bridge":null,"usage":null,"width":null,"ship":null,"intermittent":null,"tunnel":null,"name:ml":null,"designation":null,"layer":null,"boat":null,"name:ur":null,"name:te":null,"name:fa":null,"name":"Musi River"},"geometry":{"type":"LineString","coordinates":[[79.2646462,17.3600903],[79.2650726,17.3601799],[79.2653489,17.3603258],[79.2655072,17.3604],[79.2656708,17.3604768],[79.2658183,17.360784],[79.2658961,17.3609171],[79.2660221,17.3610221],[79.2663681,17.3610759],[79.2668,17.3610963],[79.2672506,17.3610528],[79.2675912,17.3609888],[79.267948,17.3608787],[79.268302,17.3607891],[79.2683972,17.3607431],[79.2684717,17.3606515],[79.2686453,17.3604845],[79.2688331,17.3604256],[79.2691255,17.3603719],[79.269851,17.3603578],[79.2705443,17.3603591],[79.2714161,17.3606125],[79.2717862,17.3608275],[79.2719525,17.3609453],[79.2720739,17.3609856],[79.2721939,17.3609863],[79.2724138,17.3608967],[79.2725962,17.3607507],[79.272843,17.3604666],[79.2729583,17.3604384],[79.2730764,17.3604883],[79.2732319,17.3605805],[79.2734425,17.3606573],[79.2737053,17.360729],[79.2740983,17.3608147],[79.2744765,17.3608762],[79.2747541,17.3608954],[79.2749472,17.3608954],[79.2751779,17.3608775],[79.2753442,17.3608147],[79.2754796,17.3607143],[79.2757183,17.360592],[79.2759289,17.3605664],[79.2761689,17.3605408],[79.2762695,17.3605331],[79.2763969,17.3604973],[79.2765579,17.3603757],[79.2769951,17.3601952],[79.2772445,17.3600851],[79.2777139,17.359952],[79.2782557,17.3598573],[79.278768,17.3598727],[79.2792535,17.3598803],[79.2795539,17.3598675],[79.2798677,17.3597958],[79.2803156,17.359568],[79.2805678,17.3594656],[79.2809379,17.3594374],[79.2814368,17.3594989],[79.2820403,17.3594886],[79.2825955,17.3594272],[79.2830649,17.3592378],[79.2834941,17.3590765],[79.2839688,17.3589741],[79.2843872,17.3588307],[79.2848539,17.3586694],[79.2853528,17.3585286],[79.2858088,17.3584493],[79.2860448,17.3584185],[79.2862084,17.358352],[79.2863882,17.3582393],[79.2867234,17.3581037],[79.2870882,17.3579987],[79.2875227,17.3579526],[79.2879586,17.3578835],[79.2885125,17.3577222],[79.2889336,17.3575635],[79.2893265,17.3572512],[79.2897168,17.3570886],[79.2901647,17.3569324],[79.2909533,17.3566649],[79.2919591,17.3563449],[79.2922515,17.3562962],[79.2925492,17.3562911],[79.2931607,17.3564447],[79.2934424,17.3565625],[79.2936784,17.3565932],[79.2940351,17.3565139],[79.2944241,17.356309],[79.2946815,17.3562988],[79.2950463,17.35635],[79.2954138,17.3564806],[79.2961836,17.3567238],[79.2971143,17.3569644],[79.2977902,17.3570361],[79.2987451,17.3570579],[79.2992842,17.3569772],[79.2996812,17.3569593],[79.3001023,17.3570233],[79.3004402,17.3571308],[79.300738,17.357351],[79.301084,17.3576172],[79.3014461,17.357776],[79.3017814,17.3578144],[79.3020415,17.3578246],[79.3024935,17.3577337],[79.3026799,17.3576825],[79.3028676,17.3576979],[79.3030232,17.3577593],[79.3031399,17.3578835],[79.3033665,17.3580397],[79.3036133,17.3581037],[79.304013,17.3581421],[79.3047103,17.3580781],[79.3048766,17.3580806],[79.3052629,17.358119],[79.3060407,17.3581267],[79.3068883,17.3582009],[79.3076393,17.3582777],[79.3082401,17.358375],[79.3087658,17.3584262],[79.3092138,17.3584851],[79.3095356,17.3585901],[79.3098991,17.3587642],[79.3102786,17.3588768],[79.3106112,17.3588998],[79.3109411,17.3588742],[79.311499,17.3587693],[79.3119416,17.358608],[79.3125397,17.3584621],[79.312773,17.3584493],[79.3130654,17.3583366],[79.3133202,17.3582624],[79.3135321,17.3582624],[79.3138701,17.3582137],[79.3140873,17.3581344],[79.314377,17.3579987],[79.3146479,17.3579142],[79.3150663,17.3577632],[79.3154687,17.35763],[79.3157583,17.3576211],[79.3161473,17.3576915],[79.3165389,17.3577977],[79.3168809,17.3578861],[79.3171933,17.3580128],[79.3173945,17.3581587],[79.3175273,17.3582649],[79.3177593,17.3583622],[79.3179899,17.358352],[79.3182448,17.3583238],[79.3184057,17.3583725],[79.3185747,17.3584902],[79.3187302,17.3587002],[79.318867,17.3588525],[79.3190722,17.3589715],[79.3194102,17.3590829],[79.3201277,17.3593402],[79.3208009,17.3596038],[79.3213347,17.35976],[79.3217934,17.3598112],[79.3222037,17.3597626],[79.3226168,17.3596678],[79.3230969,17.3594554],[79.323408,17.359184],[79.3237379,17.3588998],[79.3239766,17.3587514],[79.3241805,17.3586976],[79.3244514,17.3587232],[79.3246928,17.3587078],[79.3249851,17.3586362],[79.3253902,17.3584672],[79.3256852,17.3583289],[79.3259051,17.3582854],[79.326227,17.3583622],[79.3264899,17.3583929],[79.3266669,17.3584057],[79.3269271,17.3583443],[79.3271953,17.3581561],[79.327426,17.3578285],[79.3276177,17.3576697],[79.3278082,17.3576198],[79.3280455,17.3576032],[79.3284385,17.3576812],[79.3287215,17.357671],[79.3289199,17.3575788],[79.3291533,17.3574201],[79.3293142,17.3573305],[79.3294591,17.357287],[79.329679,17.3573075],[79.3300384,17.3573305],[79.3303174,17.3572716],[79.3307465,17.3569619],[79.3311274,17.3565983],[79.3314305,17.3562399],[79.3316853,17.3561042],[79.3321171,17.3560351],[79.3324953,17.3559967],[79.3327904,17.3560326],[79.3332329,17.3562758],[79.3338338,17.3567007],[79.3341637,17.3569875],[79.3345982,17.3571769],[79.3352231,17.3572614],[79.33595,17.3573459],[79.3364918,17.3574918],[79.3369076,17.357712],[79.3372831,17.3579731],[79.3377203,17.3581753],[79.3384793,17.3584416],[79.3389326,17.3585542],[79.3392062,17.358713],[79.3394771,17.3589331],[79.339681,17.3591584],[79.339909,17.359289],[79.340153,17.359312],[79.3404669,17.3593299],[79.3409389,17.3593606],[79.3413815,17.3593862],[79.3417248,17.3593786],[79.3419635,17.3593376],[79.3421459,17.3592403],[79.3422666,17.3590662],[79.3424289,17.358841],[79.3425643,17.3586643],[79.3427052,17.3585376],[79.3429023,17.358407],[79.3432403,17.3582521],[79.3437096,17.3580704],[79.3440986,17.3579168],[79.3444338,17.3577965],[79.3446752,17.3576851],[79.3449046,17.3575059],[79.3451124,17.3572972],[79.3453807,17.3568825],[79.3458849,17.3565651],[79.3463623,17.356327],[79.3469524,17.3561887],[79.3474352,17.3559686],[79.3477383,17.3557382],[79.3480387,17.3553593],[79.3482962,17.3550034],[79.3484759,17.3546143],[79.3488595,17.3541278],[79.3491572,17.3538462],[79.349632,17.3535672],[79.3500692,17.3533393],[79.3504044,17.3532728],[79.350847,17.3533547],[79.3512762,17.3533624],[79.3518394,17.3532804],[79.3523705,17.3531012],[79.3533683,17.3526379],[79.3537545,17.3525278],[79.3541783,17.3524535],[79.3546933,17.3523511],[79.3554336,17.3523562],[79.3561524,17.352282],[79.356662,17.3520362],[79.3570751,17.3516112],[79.3573165,17.351304],[79.3574882,17.3508995],[79.3575445,17.350664],[79.357751,17.3502851],[79.3580514,17.3499062],[79.358215,17.3496348],[79.3584564,17.3493788],[79.3587273,17.3491893],[79.3590988,17.3490024],[79.359414,17.3487541],[79.3598109,17.3483957],[79.3602079,17.3481038],[79.3608516,17.3476455],[79.3612888,17.3471693],[79.3614954,17.3469312],[79.3617636,17.3467699],[79.3621498,17.3466214],[79.3626782,17.3464909],[79.3632951,17.3464294],[79.3637189,17.346432],[79.3639845,17.3463603],[79.3642688,17.3462092],[79.3645585,17.3461324],[79.3647167,17.346112],[79.3649715,17.3462092],[79.3651754,17.3463782],[79.3654168,17.346537],[79.3658459,17.346688],[79.3663502,17.3467469],[79.3670797,17.3467904],[79.3680467,17.3468391],[79.3683699,17.3467955],[79.3686636,17.3466931],[79.3690109,17.3465114],[79.3695581,17.3462144],[79.3700999,17.3459174],[79.3706363,17.3455385],[79.3710172,17.3450059],[79.3712747,17.3442583],[79.3716556,17.34369],[79.371956,17.343393],[79.3722457,17.3431574],[79.3727231,17.3429987],[79.3733668,17.3429321],[79.3740159,17.3429731],[79.3746811,17.3431677],[79.3758291,17.3436336],[79.3767035,17.3440894],[79.3774062,17.3444068],[79.3779802,17.3445451],[79.378742,17.34454],[79.3792516,17.3444811],[79.3797398,17.3445374],[79.3802655,17.3447192],[79.3807697,17.3447755],[79.3812686,17.3448011],[79.3821645,17.3446526],[79.3829638,17.3445502],[79.383983,17.3444478],[79.3854582,17.3443505],[79.3862361,17.3444632],[79.3870568,17.3448574],[79.3878454,17.3452312],[79.3888754,17.3456358],[79.3896371,17.3458252],[79.3903264,17.3460736],[79.3907905,17.3461324],[79.3911767,17.3461171],[79.3919975,17.3458815],[79.3923461,17.3458585],[79.3927512,17.3459455],[79.3932474,17.3462963],[79.3937731,17.3465318],[79.3945187,17.3466547],[79.395377,17.3466138],[79.3959778,17.3464601],[79.3964499,17.3461171],[79.3973458,17.3455641],[79.3981665,17.3450162],[79.3986386,17.3448165],[79.3990838,17.3447858],[79.4011867,17.3447653],[79.4025761,17.3450162],[79.4043732,17.3455743],[79.4058269,17.3461017],[79.4065967,17.3464473],[79.4070634,17.3466138],[79.4076347,17.3466778],[79.4080961,17.3466266],[79.4084743,17.3465318],[79.4097832,17.3460095],[79.4110358,17.3457842],[79.4125378,17.3457843],[79.4135356,17.3460044],[79.4141418,17.3461734],[79.4146997,17.3462169],[79.4152254,17.346135],[79.4155566,17.3458867],[79.4158772,17.3455039],[79.4162312,17.3452108],[79.416596,17.344965],[79.4169903,17.3448395],[79.4177252,17.3446936],[79.4184011,17.3446449],[79.4189456,17.3447064],[79.4202036,17.3450725],[79.4214293,17.3452748],[79.4225961,17.34518],[79.4240713,17.3447192],[79.4253749,17.3445809],[79.4266999,17.3447909],[79.428395,17.3450111],[79.4298971,17.3449343],[79.430927,17.3449445],[79.4326222,17.34518],[79.4339096,17.3456818],[79.4345856,17.3459071],[79.435755,17.346071],[79.4370371,17.345984],[79.4382656,17.345774],[79.4394754,17.3454368],[79.4412296,17.345022],[79.4420367,17.3448216],[79.4435549,17.3445246],[79.446044,17.3442788],[79.4552243,17.3438238]]}},
{"type":"Feature","properties":{"full_id":"w28475564","osm_id":"28475564","osm_type":"way","waterway":"stream","bridge":null,"usage":null,"width":null,"ship":null,"intermittent":null,"tunnel":null,"name:ml":null,"designation":null,"layer":null,"boat":null,"name:ur":null,"name:te":null,"name:fa":null,"name":null},"geometry":{"type":"LineString","coordinates":[[78.5298713,17.3686503],[78.5296772,17.3689691],[78.5296843,17.3692247],[78.5298687,17.3697751],[78.5297988,17.3704688],[78.529799,17.3705014],[78.5298015,17.3709785],[78.5298043,17.3714933],[78.5297651,17.3720151],[78.5298681,17.3724572],[78.5300075,17.3725638],[78.5304947,17.3724703],[78.5305388,17.3725119],[78.5307507,17.3727123],[78.5311939,17.372821],[78.53123,17.3730622],[78.5314646,17.3733492],[78.531914,17.3736571]]}},
{"type":"Feature","properties":{"full_id":"w28476533","osm_id":"28476533","osm_type":"way","waterway":"canal","bridge":null,"usage":null,"width":null,"ship":null,"intermittent":null,"tunnel":null,"name:ml":null,"designation":null,"layer":null,"boat":null,"name:ur":null,"name:te":null,"name:fa":null,"name":null},"geometry":{"type":"LineString","coordinates":[[78.4661314,17.5197417],[78.4659737,17.519009],[78.4658398,17.5185807],[78.4655324,17.5182726],[78.465493,17.5176225],[78.4650833,17.5166531],[78.4650123,17.5162698],[78.4649099,17.5159504],[78.4651069,17.5158828],[78.4652093,17.5158828],[78.4653433,17.5157776],[78.4654142,17.5156122],[78.465343,17.5155398],[78.4652615,17.5154697],[78.4652126,17.5153518],[78.4652409,17.515244],[78.4652555,17.5151446],[78.4652833,17.515005],[78.4654064,17.5146578],[78.4656349,17.5138086],[78.465296,17.5130533],[78.4649729,17.5123281],[78.4649493,17.5121177],[78.464902,17.511772],[78.4649729,17.5116029],[78.4653275,17.5114075],[78.4656112,17.5113248],[78.4655876,17.5112046],[78.4655718,17.510919],[78.4656979,17.5106484],[78.4662732,17.5096451],[78.4666751,17.5089162],[78.4668012,17.5087433],[78.4669903,17.5084502],[78.4669824,17.5082022],[78.4669509,17.5079617],[78.4668642,17.507601],[78.4668958,17.5072327],[78.4673607,17.5064924],[78.4680193,17.5058137],[78.4681205,17.5057523],[78.4681942,17.5056382],[78.4681942,17.5055065],[78.4681573,17.5053748],[78.4680561,17.5051729],[78.4678491,17.505003],[78.4675774,17.5048129],[78.4673197,17.5046549],[78.467246,17.5045935],[78.4671079,17.5045671],[78.4668962,17.5044969],[78.4666845,17.504532],[78.4662334,17.5046637],[78.4658468,17.5046198],[78.4657363,17.5045408],[78.4655154,17.5042511],[78.4652393,17.5040579],[78.4650183,17.5038297],[78.4648987,17.5035575],[78.4646133,17.5032459],[78.4642911,17.5031581],[78.4641622,17.5030352],[78.4640702,17.5028508],[78.4639781,17.5027016],[78.4638401,17.5026401],[78.4634903,17.5025523],[78.4631405,17.5023855],[78.462984,17.5022977],[78.4627078,17.5019817],[78.4622752,17.5017534],[78.4621279,17.5014988],[78.4620634,17.5012969],[78.4618609,17.5009545],[78.4616308,17.5007789],[78.461327,17.5006824],[78.4611964,17.5006605],[78.4609956,17.5006209],[78.4608023,17.5005419],[78.4605722,17.500419],[78.460563,17.5002083],[78.460609,17.4999976],[78.460655,17.4998834],[78.460528,17.4997008],[78.4603308,17.4994571],[78.4601997,17.499308],[78.4600291,17.4991455],[78.4599627,17.4991039],[78.4598899,17.4990888],[78.4597445,17.4991082],[78.4596167,17.4990676],[78.4594996,17.499018],[78.4593759,17.4989621],[78.4592978,17.4988938],[78.4591871,17.4989062],[78.4590635,17.4989869],[78.4588747,17.4991359],[78.458764,17.4992601],[78.4585362,17.4993035],[78.4583407,17.499154],[78.4582758,17.4990801],[78.4582368,17.4988814],[78.4581587,17.4988566],[78.458035,17.4987759],[78.4578983,17.4986765],[78.4577681,17.4986765],[78.4574817,17.4986455],[78.4572409,17.4986021],[78.4570717,17.4981147],[78.4570209,17.4978849],[78.4570952,17.4977396],[78.4571498,17.4976926],[78.457332,17.4975995],[78.4574014,17.4975582],[78.4574449,17.4974319],[78.4575468,17.4971897],[78.4575488,17.4970232],[78.4575208,17.496988],[78.457306,17.4969445],[78.4571042,17.4968266],[78.4570417,17.4966901],[78.4570442,17.4965275],[78.4571584,17.4963667],[78.4572393,17.4962834],[78.4572214,17.4961002],[78.4571563,17.496032],[78.4569024,17.4958768],[78.4567618,17.4957403],[78.4566046,17.4955908],[78.4561213,17.4950542],[78.4559845,17.494936],[78.4558169,17.4948533],[78.4556928,17.4948088],[78.4555153,17.4948036],[78.4554068,17.4948722],[78.4552361,17.4949549],[78.4550107,17.4950241],[78.4548939,17.4949674],[78.4548524,17.4948929],[78.4548192,17.4947528],[78.4548376,17.4944693],[78.4548336,17.4943657],[78.4547907,17.4942058],[78.4546942,17.4941252],[78.4544729,17.494069],[78.4543289,17.4939744],[78.4542797,17.4938788],[78.4542911,17.4936849],[78.4542925,17.4934064],[78.4542577,17.4931268],[78.4542529,17.4928845],[78.4543105,17.4926],[78.4544239,17.4924859],[78.4545884,17.492361],[78.454722,17.4922843],[78.4548233,17.4921702],[78.4549153,17.4920385],[78.454989,17.4919419],[78.4551086,17.49174],[78.4555045,17.4917312],[78.4555781,17.4914634],[78.4553495,17.491318],[78.4553995,17.4911575],[78.4555096,17.4910043],[78.4553244,17.4905942],[78.4552722,17.4903652],[78.4551291,17.4895997],[78.4550074,17.489027],[78.4550258,17.48879],[78.4550166,17.4882281],[78.4548785,17.4878857],[78.4546392,17.4875345],[78.4546852,17.4870823],[78.4546852,17.4868189],[78.4546484,17.4862658],[78.4548233,17.4858048],[78.4548969,17.4854888],[78.454943,17.4851902],[78.4550718,17.4848039],[78.4551915,17.4842947],[78.4551363,17.4838118],[78.4550718,17.4833552],[78.4550258,17.4829777],[78.4551179,17.4825914],[78.4552283,17.4821875],[78.4552651,17.4818714],[78.4554308,17.4815114],[78.455799,17.4806466],[78.4557622,17.4803568],[78.4557346,17.4790442],[78.4557898,17.4787895],[78.4558727,17.4783681],[78.4559187,17.4774725],[78.4561304,17.4770949],[78.4562685,17.4765242],[78.4562317,17.4761203],[78.4563882,17.475813],[78.4566459,17.4754267],[78.457051,17.4750403],[78.4572443,17.4748472],[78.4573824,17.4745135],[78.4574284,17.4742589],[78.4575665,17.4739603],[78.4579531,17.4737584],[78.4582477,17.4735038],[78.458487,17.4731525],[78.4587079,17.4727837],[78.458938,17.4725116],[78.459564,17.4723447],[78.4599768,17.4726131],[78.4602128,17.4725926],[78.4602772,17.4724186],[78.4603523,17.472214],[78.4605561,17.4720093],[78.4608136,17.471733],[78.4607814,17.4714567],[78.4607814,17.4712008],[78.4606312,17.4707198],[78.4604918,17.470638],[78.4603094,17.470597],[78.4602523,17.4704287],[78.4600762,17.4702681],[78.4600197,17.4701979],[78.4599553,17.4699318],[78.4598051,17.4695224],[78.4590434,17.4688368],[78.4588288,17.4687754],[78.4587751,17.4683148],[78.458802,17.4678293],[78.4587995,17.4672302],[78.4586952,17.4668701],[78.4586432,17.4665711],[78.4584634,17.4658745],[78.4582772,17.4656349],[78.4577452,17.4652037],[78.4575628,17.4650194],[78.4575091,17.4645794],[78.4569834,17.4645487],[78.4567689,17.464651],[78.456183,17.4647096],[78.4556531,17.4645896],[78.4557044,17.4640137],[78.4557406,17.4635897],[78.4557594,17.4634853],[78.4558372,17.463184],[78.4560655,17.4627492],[78.4560756,17.4621433]]}},
{"type":"Feature","properties":{"full_id":"w28476617","osm_id":"28476617","osm_type":"way","waterway":"canal","bridge":null,"usage":null,"width":null,"ship":null,"intermittent":null,"tunnel":null,"name:ml":null,"designation":null,"layer":null,"boat":null,"name:ur":null,"name:te":null,"name:fa":null,"name":null},"geometry":{"type":"LineString","coordinates":[[78.4539346,17.451523],[78.4536759,17.45061],[78.4533586,17.4501147],[78.4525316,17.4495688],[78.4526181,17.4491101],[78.452681,17.4486573],[78.4526946,17.4484703],[78.4526325,17.4483808],[78.4526265,17.4482882],[78.4525631,17.4481835],[78.4525024,17.4480035],[78.4524713,17.4476851],[78.4525513,17.447427],[78.4527001,17.4473063],[78.4529385,17.4471],[78.4533394,17.446913],[78.4538827,17.4467891],[78.4542144,17.4465414],[78.4548203,17.4463304],[78.4551088,17.445913],[78.4552338,17.4449635],[78.4550511,17.4445736],[78.4551088,17.4443351],[78.4550161,17.4438469],[78.4550352,17.4436682],[78.4552193,17.4433626],[78.4553151,17.4428653],[78.455864,17.4424454],[78.4568641,17.4413151],[78.4569238,17.4412477],[78.4580593,17.440932],[78.4582668,17.440825],[78.4588575,17.4405232],[78.4596905,17.4404687],[78.4601359,17.4406635],[78.4605079,17.4406247],[78.461038,17.4405066],[78.4614397,17.4402571],[78.4619943,17.4396396],[78.4637548,17.4389748],[78.4654063,17.4393395],[78.4658459,17.4393399],[78.466805,17.4393706],[78.467787,17.4390804],[78.4681071,17.4388232],[78.4682129,17.4384052],[78.4687716,17.4381629],[78.4692424,17.4379734],[78.4693059,17.4378571],[78.4694064,17.4377693],[78.4695383,17.4368742],[78.4696077,17.4343682],[78.4704514,17.4278277],[78.4717834,17.4263789],[78.483279,17.4254475]]}},
{"type":"Feature","properties":{"full_id":"w28476618","osm_id":"28476618","osm_type":"way","waterway":"drain","bridge":null,"usage":null,"width":null,"ship":null,"intermittent":null,"tunnel":null,"name:ml":null,"designation":null,"layer":null,"boat":null,"name:ur":null,"name:te":null,"name:fa":null,"name":null},"geometry":{"type":"LineString","coordinates":[[78.4407858,17.4652417],[78.4407982,17.4650968],[78.441914,17.4638333],[78.4422821,17.4634194],[78.4426282,17.4623765],[78.4431885,17.4623556],[78.4433457,17.4625627],[78.4434192,17.4626595],[78.4435621,17.4630683],[78.4451112,17.4638333],[78.4452376,17.4636447],[78.4451826,17.4630263],[78.4454079,17.4626019],[78.4457045,17.4625337],[78.4461605,17.4623137],[78.4470998,17.4622822],[78.4474075,17.4625495],[78.4473086,17.4631626],[78.4474899,17.4636604],[78.4477206,17.4640587],[78.448248,17.4643626],[78.4488248,17.4644569],[78.4492643,17.4644936],[78.4498521,17.4644622],[78.4502861,17.4641792],[78.4503465,17.4637338],[78.4504179,17.463063],[78.4504838,17.4627014],[78.4507304,17.4623792],[78.4507805,17.4623137],[78.4511143,17.4620336],[78.4513079,17.4618682],[78.4519121,17.4616481]]}},
{"type":"Feature","properties":{"full_id":"w28668220","osm_id":"28668220","osm_type":"way","waterway":"drain","bridge":null,"usage":null,"width":null,"ship":null,"intermittent":null,"tunnel":null,"name:ml":null,"designation":null,"layer":null,"boat":null,"name:ur":null,"name:te":null,"name:fa":null,"name":null},"geometry":{"type":"LineString","coordinates":[[78.4780564,17.4071183],[78.4793134,17.4071433],[78.4796345,17.4067957],[78.4800095,17.4063022],[78.4800956,17.4063653],[78.4801801,17.4064342],[78.4802936,17.4065066],[78.4804087,17.4065357],[78.4804881,17.4065327],[78.4805702,17.4065261],[78.4813887,17.4064272],[78.4816617,17.4064546],[78.4822206,17.406191],[78.4827664,17.4059087],[78.4831352,17.4055474],[78.483415,17.4052689],[78.4837084,17.4049759],[78.484167,17.4047981],[78.4844235,17.4045847],[78.4846649,17.4044069],[78.4849298,17.4043337],[78.4852,17.4042489],[78.4854212,17.4041795],[78.4857424,17.4040052],[78.4858969,17.4039097],[78.4860452,17.4038127],[78.486507,17.403535],[78.4867349,17.4033907],[78.4868522,17.4033286],[78.486918,17.4032865],[78.4869943,17.4032555],[78.4872144,17.4031849],[78.4874345,17.4031815],[78.4877475,17.4031985],[78.4880006,17.4032357],[78.4882726,17.4034327]]}},
{"type":"Feature","properties":{"full_id":"w45038968","osm_id":"45038968","osm_type":"way","waterway":"river","bridge":null,"usage":null,"width":null,"ship":null,"intermittent":null,"tunnel":null,"name:ml":null,"designation":null,"layer":null,"boat":"no","name:ur":null,"name:te":null,"name:fa":null,"name":null},"geometry":{"type":"LineString","coordinates":[[78.5120628,17.638007],[78.5122495,17.6380996],[78.5123802,17.6381814],[78.5125222,17.6382491],[78.5126529,17.6382989],[78.5127948,17.6383096],[78.5129659,17.6383984],[78.5130966,17.6384375],[78.5132199,17.6384625],[78.5133356,17.638466],[78.5134738,17.6384696],[78.513612,17.6384981],[78.5137465,17.6385657],[78.5139557,17.6386004],[78.5140753,17.6386324],[78.514206,17.6386929],[78.5143218,17.6388032],[78.5144002,17.6389278],[78.5144898,17.6390453],[78.5145982,17.6391663],[78.5147139,17.6392482],[78.5148297,17.6393371],[78.5149679,17.6393799],[78.5151173,17.6393799],[78.5152929,17.6393514],[78.5154721,17.6393016],[78.5155842,17.6392944],[78.5157784,17.6392624],[78.5158972,17.6392206],[78.5160466,17.6391637],[78.5161848,17.6391209],[78.516338,17.6391031],[78.5164351,17.6391067],[78.5165284,17.6391423],[78.5165919,17.6392099],[78.5166442,17.6392847],[78.5167451,17.6393701],[78.5168235,17.6393986],[78.5169057,17.6394484],[78.5169617,17.6395303],[78.5170065,17.6396264],[78.5170551,17.6397545],[78.5170588,17.6398471],[78.5170999,17.6399432],[78.5171559,17.6400357],[78.5172605,17.6401104],[78.5173427,17.6402243],[78.5174136,17.6403204],[78.5175369,17.6404237],[78.5176452,17.6404877],[78.5177909,17.6405376],[78.5179029,17.6405625],[78.5180154,17.6406176],[78.5181499,17.6406176],[78.5183068,17.6405749],[78.5184599,17.6405357],[78.518628,17.6405286],[78.5188259,17.6405535],[78.5190089,17.6405179],[78.5192069,17.6405037],[78.5193284,17.6404895],[78.5194703,17.6404503],[78.5195824,17.6404468],[78.5197392,17.6404574],[78.5198214,17.6404824],[78.5199223,17.6404681],[78.520038,17.6404147],[78.5201688,17.6403756],[78.5202733,17.6403115],[78.5204265,17.6402546],[78.520617,17.6401869],[78.5207883,17.6401311],[78.5209974,17.6400456],[78.5211954,17.6399282],[78.5213747,17.6398499],[78.5215427,17.6397538],[78.5217332,17.639679],[78.5219162,17.6395758],[78.5221038,17.6395129],[78.5222943,17.6394738],[78.5225296,17.6394026],[78.5226827,17.6393492],[78.522763,17.6393161],[78.5228209,17.6392922],[78.5230152,17.6392424],[78.5231907,17.6391356],[78.5233438,17.6390573],[78.523497,17.638979],[78.5235903,17.6388793],[78.5237771,17.6387654],[78.5239302,17.6386622],[78.5240983,17.638591],[78.5242514,17.6385305],[78.5243859,17.6384664],[78.5245726,17.6384059],[78.5246922,17.6383703],[78.5248304,17.6383561],[78.52492,17.6383205],[78.5250171,17.6382422],[78.5252905,17.6381343],[78.5254661,17.6380418],[78.5256416,17.6379599],[78.5258396,17.6378496],[78.5259964,17.6377321],[78.526101,17.6376645],[78.5262467,17.6375755],[78.5263587,17.637515],[78.5264633,17.6374402],[78.5266551,17.6373305],[78.5268045,17.6372664],[78.5269539,17.6371632],[78.5270921,17.6370777],[78.5272116,17.6369959],[78.5273274,17.636882],[78.5273983,17.6367966],[78.5274917,17.6367111],[78.5275328,17.636615],[78.5275253,17.6365082],[78.5274693,17.6364228],[78.5273647,17.6363587],[78.5272788,17.6363018],[78.527234,17.6362092],[78.5271966,17.6360918],[78.5271742,17.6359423],[78.5271742,17.6358319],[78.5272158,17.6357028],[78.5272905,17.635539],[78.5273577,17.6353931],[78.5273876,17.6352365],[78.5274063,17.6350158],[78.5274324,17.6348805],[78.5274772,17.6347417],[78.527481,17.6345851],[78.5275669,17.6344071],[78.527649,17.6342897],[78.5277349,17.6342007],[78.5278769,17.6341402],[78.5280412,17.6340903],[78.5282055,17.6340797],[78.5283811,17.6340797],[78.5285043,17.6340725],[78.5287097,17.6340216],[78.5290646,17.6338293],[78.5294294,17.6333998],[78.5297298,17.6325819],[78.5311567,17.6315491],[78.5318648,17.6308948],[78.5327232,17.6303222],[78.5330128,17.6299745],[78.5329699,17.6295348],[78.5326159,17.628134],[78.5326266,17.6274592],[78.5328734,17.6266616],[78.5328412,17.6249029],[78.5331168,17.6242271],[78.5332348,17.623675],[78.5330524,17.623133],[78.5328056,17.6222946],[78.5327627,17.6217219],[78.5328271,17.621364],[78.5330738,17.6209959],[78.5334601,17.6207812],[78.5338678,17.6208426],[78.534372,17.621088],[78.5351338,17.6211289],[78.5359697,17.6210261],[78.5361316,17.6210062],[78.5363676,17.6207914],[78.5364749,17.6205153],[78.5365071,17.6199632],[78.5364963,17.6189713],[78.5363461,17.618552],[78.5361423,17.6180203],[78.5361959,17.6175704],[78.5365607,17.6168546],[78.5368504,17.6167217],[78.5379233,17.6168546],[78.5382881,17.6166807],[78.5385563,17.616466],[78.5385885,17.6150855],[78.5386421,17.6147072],[78.5388889,17.61438],[78.5393073,17.6142879],[78.5396721,17.6144209],[78.5406269,17.614881],[78.5408952,17.6149117],[78.5416033,17.6147174],[78.5428585,17.6146356],[78.5441889,17.6135005],[78.5464742,17.6120894],[78.5473308,17.6112425],[78.5474441,17.6111349]]}},
{"type":"Feature","properties":{"full_id":"w51720608","osm_id":"51720608","osm_type":"way","waterway":"canal","bridge":null,"usage":null,"width":null,"ship":null,"intermittent":null,"tunnel":null,"name:ml":null,"designation":null,"layer":null,"boat":"no","name:ur":null,"name:te":null,"name:fa":null,"name":null},"geometry":{"type":"LineString","coordinates":[[78.6606622,17.4058624],[78.6604935,17.4054519],[78.6604198,17.4052756],[78.6603268,17.4051177],[78.6602845,17.4050677],[78.6599748,17.4049546],[78.6594006,17.4048409],[78.6591165,17.404801],[78.6585249,17.4050312],[78.6579754,17.405278],[78.6576037,17.4055586],[78.6572926,17.4056917],[78.6570541,17.4058838],[78.6568878,17.4059176],[78.656733,17.405887],[78.656485,17.4056304],[78.6563982,17.4055384],[78.6561231,17.405405],[78.6556986,17.4054039],[78.6555223,17.4053334],[78.6550824,17.4050058],[78.6547391,17.4048522],[78.6542563,17.4045041],[78.6540739,17.4043198],[78.6538379,17.4041867],[78.6536711,17.4041407],[78.653398,17.4038182],[78.6531834,17.4035111],[78.6530869,17.4031016],[78.6531512,17.4028866],[78.6532371,17.4025487],[78.6533229,17.4024054],[78.6535268,17.4023132],[78.6536448,17.4022416],[78.6535697,17.4019754],[78.6536019,17.4016785],[78.6535602,17.4014383],[78.6537046,17.4011743],[78.6538808,17.4010833],[78.6543529,17.4007776],[78.6546104,17.4006957],[78.6547928,17.4005523],[78.6546855,17.4001838],[78.6546962,17.3999995],[78.6549537,17.3996719],[78.6552648,17.3994467],[78.6556403,17.3992009],[78.6558442,17.3990986],[78.6559622,17.3989552],[78.6560695,17.3987198],[78.6564665,17.3984024],[78.656755,17.3982084],[78.6569707,17.3980236],[78.6572543,17.3978979],[78.6573466,17.3977482],[78.6573784,17.3975424],[78.6573677,17.397266],[78.6573999,17.3970305],[78.6574642,17.3966824],[78.6574539,17.3964738],[78.6574362,17.3963202],[78.6574353,17.3960716],[78.6572389,17.3957917],[78.6567776,17.3954026],[78.6565201,17.3951979],[78.6565094,17.3948907],[78.6564986,17.3947064],[78.6563806,17.3944914],[78.6562412,17.3942764],[78.6559944,17.3939386],[78.6558227,17.3936519],[78.655812,17.3934369],[78.6558227,17.3931502],[78.6557691,17.392925],[78.655576,17.392669],[78.6550717,17.3921776],[78.6545675,17.3914507],[78.6536662,17.3903654],[78.6532907,17.3898228],[78.653162,17.3894439],[78.6528938,17.3889627],[78.6526041,17.3886658],[78.6521441,17.3884918],[78.6517364,17.3883791],[78.6514655,17.3882153],[78.6512093,17.3882051],[78.6510269,17.3881641],[78.6508875,17.3880413],[78.6507265,17.3879798],[78.6506192,17.387816],[78.650233,17.387601],[78.6499541,17.387386],[78.6496858,17.38713],[78.6494605,17.3869662],[78.6492245,17.386915],[78.6489992,17.3869867],[78.6487417,17.3871812],[78.6484842,17.3872119],[78.6482053,17.387386],[78.6479585,17.3874679],[78.6476903,17.387386],[78.6474864,17.3873553],[78.6472933,17.3874372],[78.6470573,17.3875498],[78.6468856,17.3874474],[78.6467247,17.387345],[78.6463599,17.3874065],[78.6458771,17.3872529],[78.6453824,17.3871008],[78.6452295,17.3870885],[78.6450153,17.3870998],[78.6448917,17.3871209],[78.644711,17.3871805],[78.6444211,17.3872961],[78.6441712,17.3874269],[78.6439465,17.3877578],[78.6438064,17.3880208],[78.643779,17.3883126],[78.6436562,17.3886658],[78.6435275,17.3890344],[78.6434725,17.3893045],[78.6434765,17.389577],[78.6434171,17.3896633],[78.643327,17.3897299],[78.642991,17.3898944],[78.6428623,17.390048],[78.6426376,17.3900781],[78.6424794,17.3899961],[78.6423688,17.3898739],[78.6421589,17.3897574],[78.6420247,17.3896475],[78.6418323,17.3893313],[78.6413281,17.389147],[78.6408131,17.3887272],[78.6407165,17.3887784],[78.6403625,17.3886658],[78.6400728,17.388461],[78.6397295,17.3881744],[78.6396115,17.3879696],[78.6396329,17.3877341],[78.6398475,17.3875703],[78.6399011,17.3872734],[78.6401801,17.3869457],[78.6406307,17.3866181],[78.6408453,17.386485],[78.6407909,17.3859993],[78.6404053,17.3856601],[78.6401666,17.385767],[78.639806,17.3857606],[78.6393875,17.3856966],[78.6388604,17.3857478],[78.6381094,17.3856249],[78.6377547,17.3856109],[78.6374442,17.3856454],[78.6368836,17.3857107],[78.6366718,17.3856659],[78.6360938,17.3857325],[78.6359042,17.3857208],[78.6356847,17.3856864],[78.6353092,17.3856557],[78.6347835,17.3856454],[78.63429,17.3856659],[78.6339989,17.3857568],[78.6336007,17.3859065],[78.6330735,17.3862367],[78.6329167,17.3865055],[78.6327316,17.3866475],[78.6323527,17.3866757],[78.6319511,17.3866079],[78.6313932,17.3863212],[78.6310031,17.3860254],[78.6309493,17.3860191],[78.6301379,17.3863416],[78.629525,17.3866891],[78.6294083,17.3868126],[78.6290623,17.387004],[78.6283676,17.3872836],[78.6279707,17.3874577],[78.6281316,17.3881129],[78.6279921,17.3881846],[78.6276153,17.3881091],[78.6270607,17.3880969],[78.6261575,17.3882767],[78.6256962,17.3882767],[78.6251704,17.3881232],[78.6246984,17.3879082],[78.6240895,17.3878003],[78.6235289,17.3876112],[78.6229858,17.3875319],[78.6226184,17.3877059],[78.6206536,17.3878877],[78.6201749,17.3877392],[78.619688,17.3875498],[78.6190335,17.3875908],[78.6185186,17.3876317],[78.6177173,17.3877683],[78.617455,17.38788],[78.6160617,17.3881539],[78.6154394,17.3881436],[78.6151068,17.3882767],[78.6148815,17.3885429],[78.6146178,17.3891951],[78.6144589,17.3894091],[78.6140983,17.3895258],[78.6131649,17.3897613],[78.6121242,17.3899354],[78.6112659,17.390048],[78.6106329,17.3901811],[78.6102735,17.3903206],[78.6098765,17.3907704],[78.6086489,17.3899582],[78.6071187,17.3893235],[78.6057039,17.3886285],[78.6049466,17.3885634],[78.6038308,17.3886863],[78.6023931,17.388717],[78.600617,17.388704],[78.5999469,17.3887477],[78.5985209,17.3886004],[78.5978396,17.3886029],[78.5976881,17.3882766],[78.5972865,17.3876827]]}},
{"type":"Feature","properties":{"full_id":"w51759402","osm_id":"51759402","osm_type":"way","waterway":"river","bridge":null,"usage":null,"width":null,"ship":null,"intermittent":null,"tunnel":null,"name:ml":null,"designation":null,"layer":null,"boat":"no","name:ur":null,"name:te":null,"name:fa":null,"name":"Musi River"},"geometry":{"type":"LineString","coordinates":[[78.290488,17.2696208],[78.2906771,17.2696298],[78.2908447,17.2696644],[78.2910097,17.2697591],[78.2911545,17.2698641],[78.2913993,17.2701158],[78.2916722,17.2703546],[78.2920396,17.2706325],[78.2923521,17.2709271],[78.2926646,17.2712793],[78.2930347,17.2717224],[78.2932788,17.2719554],[78.2935202,17.2722781],[78.2937053,17.2727212],[78.2939386,17.2730773],[78.2941344,17.2733078],[78.2945462,17.2736062],[78.294982,17.2739263],[78.2954675,17.2742324],[78.2958578,17.2743732],[78.2962936,17.2745039],[78.2967895,17.2747983],[78.2970768,17.2749085],[78.2973611,17.2749726],[78.2976964,17.2749649],[78.2981068,17.2749265],[78.2985547,17.2747497],[78.2993299,17.2744603],[78.2997,17.2743246],[78.3001573,17.2742887],[78.300565,17.2743822],[78.3010572,17.2745282],[78.3015802,17.2747446],[78.3019102,17.2749649],[78.3027028,17.2755079],[78.3035356,17.2761366],[78.3037743,17.2762685],[78.3040787,17.2763108],[78.3044945,17.276321],[78.3052327,17.2763351],[78.3056277,17.2763274],[78.3061682,17.276266],[78.3065236,17.2761981],[78.3068401,17.2761354],[78.3071043,17.2759676],[78.3073845,17.2757614],[78.3076903,17.2754758],[78.3078352,17.2753388],[78.3079076,17.2752133],[78.3080886,17.2748586],[78.308267,17.2746037],[78.3083978,17.2744578],[78.3085419,17.2743284],[78.3087029,17.2742285],[78.3090422,17.2740659],[78.3093372,17.2739084],[78.3095276,17.2737752],[78.3096805,17.2736727],[78.3098629,17.2735882],[78.3100346,17.2735293],[78.3102921,17.2734806],[78.3107963,17.2734666],[78.3111155,17.2735088],[78.3114561,17.2735882],[78.3117659,17.2736817],[78.3120811,17.2737893],[78.3123292,17.2739545],[78.3125719,17.2741376],[78.3128026,17.2743784],[78.3131023,17.2747132],[78.3133726,17.2750283],[78.3136864,17.2753721],[78.3139493,17.2756833],[78.3142845,17.2761815],[78.3145756,17.2765285],[78.3149457,17.2769332],[78.3155988,17.277859],[78.3160092,17.2784532],[78.3162472,17.2787875],[78.3169466,17.2796954],[78.3173315,17.2801538],[78.3175917,17.2804535],[78.3178237,17.2807659],[78.3181657,17.2811565],[78.3185747,17.281574],[78.3189341,17.2819249],[78.3191621,17.282181],[78.3195202,17.2824781],[78.3199145,17.2827137],[78.3202431,17.2829275],[78.3206132,17.2831158],[78.3209096,17.2832131],[78.3211926,17.2832938],[78.3214742,17.2833219],[78.3220938,17.2833309],[78.322539,17.2832771],[78.3229414,17.2832272],[78.323345,17.2831401],[78.3237366,17.2830287],[78.3240974,17.2828366],[78.3244635,17.2826343],[78.3248994,17.2823948],[78.3251314,17.282181],[78.3253741,17.2819172],[78.3255579,17.2818083],[78.3258703,17.2817148],[78.3260715,17.2816495],[78.3262351,17.2815484],[78.3263759,17.2814254],[78.3265771,17.2812564],[78.3268695,17.2810515],[78.3270961,17.2808966],[78.3273509,17.2807275],[78.3275186,17.2806212],[78.3277412,17.2805303],[78.3279745,17.2804624],[78.3283755,17.2803715],[78.3288194,17.280319],[78.3291373,17.280287],[78.3294484,17.2803498],[78.3297206,17.2804778],[78.3298574,17.2805764],[78.3298963,17.2807224],[78.3298467,17.2809721],[78.329777,17.2812007],[78.3298387,17.2813588],[78.3299889,17.2815573],[78.3306447,17.2821541],[78.3313554,17.2826202],[78.3316934,17.2827406],[78.332077,17.2828148],[78.3325624,17.2827944],[78.3329728,17.2827175],[78.333343,17.2825741],[78.3336031,17.2825767],[78.3338338,17.282697],[78.334102,17.2827022],[78.3344266,17.282551],[78.334782,17.282487],[78.3351883,17.2826279],[78.3358937,17.2830633],[78.3364892,17.2834679],[78.3371115,17.2839084],[78.3377552,17.284728],[78.3380476,17.2851877],[78.3382165,17.2853887],[78.338462,17.285545],[78.3389233,17.2857639],[78.3393076,17.2858991],[78.3393956,17.2859301],[78.3395859,17.2860451],[78.3397034,17.2861869],[78.339856,17.2864915],[78.3399573,17.2868024],[78.3400458,17.2871866],[78.3399385,17.287581],[78.3398259,17.2880369],[78.3398634,17.2883698],[78.3401316,17.2886822],[78.3406305,17.2889281],[78.3412743,17.2896221],[78.3418,17.2899781],[78.3422908,17.2902854],[78.3427763,17.2908437],[78.3431277,17.2912817],[78.3433664,17.2917964],[78.3434361,17.29226],[78.3436319,17.2930078],[78.3438438,17.2937018],[78.3441335,17.2943164],[78.3445305,17.2951923],[78.3447987,17.2957557],[78.3450133,17.2966827],[78.3453351,17.297241],[78.3458769,17.2978249],[78.3465743,17.2982551],[78.3477223,17.2999094],[78.3489775,17.3019069],[78.351767,17.305533],[78.3552646,17.310716],[78.3572387,17.3174147],[78.3580112,17.3201187],[78.3600283,17.3259056],[78.3608544,17.3286709],[78.3613371,17.3296337],[78.3621672,17.3303707]]}},
{"type":"Feature","properties":{"full_id":"w51761120","osm_id":"51761120","osm_type":"way","waterway":"river","bridge":null,"usage":null,"width":null,"ship":null,"intermittent":null,"tunnel":null,"name:ml":null,"designation":null,"layer":null,"boat":"no","name:ur":null,"name:te":null,"name:fa":null,"name":"Musi River"},"geometry":{"type":"LineString","coordinates":[[78.2442909,17.2494201],[78.2444371,17.2488207],[78.2444505,17.2482968],[78.2444707,17.2478178],[78.2446598,17.2471428],[78.244873,17.2467176],[78.2450339,17.2464999],[78.2454604,17.246295],[78.2459941,17.2461464],[78.2464367,17.2460055],[78.2468525,17.2457775],[78.2471636,17.2455495],[78.2474935,17.2453369],[78.2477188,17.2452882],[78.2480192,17.2453881],[78.248272,17.2455892],[78.2484725,17.2456968],[78.2486951,17.2458428],[78.2491162,17.2461541],[78.2496339,17.24661],[78.2502347,17.2472658],[78.2504922,17.2475937],[78.2507926,17.2481521],[78.2509482,17.2483622],[78.2511896,17.2485722],[78.2515597,17.2488847],[78.2517421,17.2490384],[78.2520854,17.2492869],[78.2525951,17.2496942],[78.2529545,17.2499401],[78.2531905,17.2500169],[78.2534051,17.2500323],[78.2535365,17.2500093],[78.2537752,17.2498863],[78.2539362,17.2498274],[78.2540595,17.249812],[78.2544297,17.2498223],[78.2546121,17.2498581],[78.2547355,17.2499696],[78.2549044,17.2502436],[78.2550775,17.2503794],[78.2554409,17.2505677],[78.2558969,17.2509442],[78.2561544,17.2512337],[78.2563636,17.2517153],[78.2567257,17.2523121],[78.2571709,17.2528551],[78.257584,17.2531676],[78.2579005,17.2533418],[78.2582492,17.2534597],[78.258622,17.253516],[78.259204,17.2536492],[78.2598156,17.2537542],[78.2600194,17.2537773],[78.2602179,17.2537824],[78.2604218,17.2537261],[78.2606122,17.2536543],[78.2608482,17.2536262],[78.261154,17.2536825],[78.2615268,17.2537837],[78.2618862,17.2539387],[78.26207,17.2541192],[78.2622269,17.2542422],[78.2624857,17.2543664],[78.2627003,17.2544369],[78.2629766,17.2545534],[78.2632233,17.2545931],[78.2639649,17.2546943],[78.2647669,17.2548454],[78.2653409,17.2548685],[78.2663521,17.2548608],[78.2672319,17.2548941],[78.2677469,17.2549556],[78.2683209,17.2550273],[78.2690182,17.2551912],[78.2701501,17.2555524],[78.2709977,17.2558931],[78.2719794,17.2562722],[78.2727036,17.2565796],[78.2731408,17.2568408],[78.2737416,17.2572814],[78.2739964,17.2575785],[78.27416,17.257868],[78.2743531,17.2580652],[78.2746267,17.2581958],[78.275076,17.2584712],[78.2752946,17.2586249],[78.2756245,17.2589246],[78.2759209,17.2593395],[78.2759826,17.2595367],[78.2761087,17.259693],[78.2763179,17.2598915],[78.2764144,17.2599453],[78.2765646,17.2599479],[78.276692,17.2599466],[78.2767859,17.2599888],[78.277093,17.2603731],[78.2775819,17.2608027],[78.277899,17.2611901],[78.2782853,17.2617204],[78.2783496,17.261915],[78.2783604,17.2620918],[78.278414,17.2622121],[78.2785508,17.2623351],[78.2789464,17.2626898],[78.2792683,17.2628871],[78.2795459,17.2630177],[78.2801843,17.2632239],[78.2806832,17.2634109],[78.2809809,17.2635236],[78.281284,17.2636747],[78.281626,17.2638591],[78.281866,17.2640448],[78.2819854,17.2641562],[78.2822241,17.2643663],[78.282385,17.2645545],[78.2826076,17.264858],[78.2829161,17.2653626],[78.2831857,17.2657443],[78.283478,17.2661771],[78.2837221,17.266464],[78.2839984,17.2667048],[78.284453,17.2671056],[78.2846931,17.2672939],[78.2850055,17.2675065],[78.2856023,17.2678266],[78.2864499,17.2682083],[78.2866645,17.2683043],[78.2867932,17.2682954],[78.2869515,17.2682211],[78.2871366,17.2680776],[78.2872707,17.2680367],[78.287496,17.2680879],[78.2878152,17.2681058],[78.2881317,17.268175],[78.2885165,17.2684055],[78.2887995,17.2686565],[78.2890034,17.2689523],[78.2891402,17.2691534],[78.2892461,17.2692686],[78.2893775,17.2693634],[78.2896002,17.2694134],[78.2898308,17.2694556],[78.2900749,17.2695491],[78.2902399,17.2695978],[78.290488,17.2696208]]}},
{"type":"Feature","properties":{"full_id":"w55885712","osm_id":"55885712","osm_type":"way","waterway":"river","bridge":null,"usage":null,"width":null,"ship":null,"intermittent":null,"tunnel":null,"name:ml":null,"designation":null,"layer":null,"boat":"no","name:ur":null,"name:te":null,"name:fa":null,"name":"Musi River"},"geometry":{"type":"LineString","coordinates":[[79.6148729,16.9577894],[79.6147764,16.9534381],[79.6143579,16.9494562],[79.6142828,16.9475576],[79.6144974,16.9443452],[79.6145296,16.9417589],[79.6148729,16.9386389],[79.6150339,16.9362578],[79.6151841,16.9337637],[79.6152484,16.931362],[79.6150982,16.9292066],[79.6150768,16.9270922],[79.6151519,16.9266816],[79.6154952,16.9263737],[79.616096,16.926035],[79.6162891,16.925686],[79.6163857,16.9243312],[79.616375,16.9229352],[79.6165895,16.922032],[79.6171904,16.9208105],[79.6178663,16.9201741],[79.6196043,16.9185934],[79.6205056,16.9174951],[79.621954,16.9158322],[79.6227586,16.9146929],[79.6235096,16.9135945],[79.6241426,16.912024],[79.6243358,16.9112644],[79.6256125,16.9097042],[79.6262991,16.9086674],[79.6266532,16.908072],[79.6269321,16.9072713],[79.6273613,16.9067786],[79.6283376,16.9063475],[79.6290994,16.9061319],[79.6300542,16.9053723],[79.6304726,16.9048796],[79.6314812,16.9042226],[79.6326399,16.9035759],[79.6339488,16.9028162],[79.6350968,16.9019847],[79.6352577,16.9014509],[79.6354294,16.90064],[79.6364593,16.8985971],[79.6367383,16.8971599],[79.6375108,16.8964516],[79.6391845,16.8944293],[79.6395156,16.893639],[79.6407509,16.8916575],[79.6422207,16.8894503],[79.64221,16.889091],[79.6421242,16.8888549],[79.6414804,16.8885263],[79.6410727,16.8881876],[79.6407187,16.8858571],[79.6406543,16.8838655],[79.6411586,16.8827259],[79.641577,16.8818327],[79.6425104,16.8806829],[79.6433473,16.8796973],[79.6434116,16.8793893],[79.6432614,16.8789889],[79.6428645,16.8786501],[79.6428537,16.8783831],[79.6428537,16.8778287],[79.6430361,16.8772846],[79.6438086,16.8762579],[79.644345,16.8750362],[79.644345,16.8744304],[79.6444094,16.8730855],[79.6453321,16.8711039],[79.6456432,16.8701594],[79.6464908,16.8677055],[79.6472633,16.8655699],[79.647553,16.8646664],[79.6476173,16.8637628],[79.6486044,16.8620071],[79.6496236,16.8609495],[79.6517265,16.8597893],[79.655031,16.8576023],[79.6579385,16.8561237],[79.6598589,16.8550045],[79.6605778,16.8544911],[79.6609747,16.8538134],[79.6609211,16.853187],[79.6609318,16.852304],[79.6610498,16.8517392],[79.6618009,16.8505276],[79.6625519,16.8499937],[79.6646976,16.8489258],[79.6653736,16.8484226],[79.6654272,16.8478476],[79.6656096,16.8471904],[79.6666181,16.8464819],[79.6672618,16.8457426],[79.6674013,16.8451881],[79.6672618,16.8440277],[79.6671545,16.8426415],[79.6670043,16.8369628],[79.666897,16.8349296],[79.6670687,16.8308014],[79.6671224,16.8278849],[79.6669507,16.827012],[79.6662426,16.8252046],[79.6658778,16.8246089],[79.6654487,16.8235614],[79.6652126,16.8223907],[79.6653521,16.8217232],[79.6657383,16.8202443],[79.6657812,16.8194843],[79.665792,16.8188373],[79.6656096,16.8185909],[79.6654487,16.8179438],[79.6653199,16.8165882],[79.6653306,16.8155715],[79.665277,16.8142055],[79.6650517,16.8137331],[79.6649766,16.8130245],[79.6649659,16.8127883],[79.6651053,16.8123466],[79.6652448,16.8119769],[79.6652126,16.8116996],[79.6651912,16.8111553],[79.6652555,16.8107342],[79.6655559,16.8101796],[79.6659958,16.8097072],[79.6662533,16.8095942],[79.6667254,16.8094401],[79.6669614,16.8088855],[79.6674442,16.808259],[79.6676266,16.8077455],[79.6674013,16.8064309],[79.6673691,16.8046027],[79.6674335,16.8038221],[79.667809,16.8020556],[79.6683669,16.8008231],[79.6688068,16.7997446],[79.6691286,16.7987586],[79.6691179,16.7977829],[79.668678,16.7970023],[79.6685493,16.7967044],[79.6685171,16.7961908],[79.6686137,16.7956465],[79.6690857,16.7944345],[79.6698153,16.7935614],[79.6706521,16.7922364],[79.6708667,16.7913017],[79.6707594,16.7902335],[79.6707809,16.7893501],[79.6707809,16.7881895],[79.6707809,16.7872137],[79.670856,16.7855188],[79.670974,16.7837521],[79.6714139,16.7819956],[79.671843,16.7809273],[79.6722829,16.7801261],[79.6724653,16.7792941],[79.6723366,16.7783491],[79.6722722,16.7777533],[79.6721864,16.7772807],[79.6720254,16.7770342],[79.6719181,16.776572],[79.6718752,16.7759865],[79.6718645,16.7753393],[79.672358,16.7729356],[79.6725619,16.7710044],[79.6727958,16.7685118],[79.672814,16.7683181],[79.672814,16.7673576],[79.6729374,16.7666796],[79.673211,16.7652979],[79.6735399,16.761916],[79.6737206,16.7599817],[79.6738708,16.7580298],[79.6738279,16.7572387],[79.6734309,16.7558518],[79.6725404,16.7535814],[79.6711671,16.7494823],[79.6702981,16.7464104],[79.6694183,16.7419002],[79.6690857,16.7394036],[79.6686888,16.7362904],[79.668678,16.7345232],[79.6686458,16.7337835],[79.6683991,16.7331156],[79.668324,16.7327458],[79.6683669,16.7323553],[79.6686137,16.7318313],[79.6690857,16.7310299],[79.6695471,16.7302696],[79.6711779,16.7281221],[79.6723151,16.7268686],[79.6732271,16.7261288],[79.6737528,16.7254096],[79.6741497,16.7245362],[79.6745345,16.7238891],[79.6756089,16.7225326],[79.6757698,16.7220599],[79.6758342,16.7214742],[79.6758127,16.7206419],[79.6754479,16.7192959],[79.6746433,16.7177854],[79.674139,16.7171381],[79.673152,16.7160797],[79.6706092,16.7136187],[79.6682113,16.7112245],[79.6678305,16.7110909],[79.6675783,16.7110806],[79.6672887,16.7110292],[79.6669722,16.7108032],[79.6664894,16.7100479],[79.6656203,16.7091745],[79.6649015,16.7081674],[79.6643114,16.7065849],[79.6640217,16.7054649],[79.6638715,16.7035638],[79.6638071,16.7024642],[79.6638286,16.7012516],[79.6640754,16.7002446],[79.6645796,16.6991039],[79.6657169,16.697881],[79.6670365,16.6968328],[79.6680772,16.6959387],[79.6695256,16.6950344],[79.6715104,16.6940067],[79.6730983,16.6931538],[79.6739408,16.6924558]]}},
{"type":"Feature","properties":{"full_id":"w84835091","osm_id":"84835091","osm_type":"way","waterway":"drain","bridge":null,"usage":null,"width":null,"ship":null,"intermittent":null,"tunnel":null,"name:ml":null,"designation":null,"layer":"-1","boat":null,"name:ur":null,"name:te":null,"name:fa":null,"name":null},"geometry":{"type":"LineString","coordinates":[[78.4883987,17.439048],[78.48814,17.4389665],[78.4878005,17.4387497],[78.4876911,17.4386799],[78.4873121,17.4383751],[78.4872622,17.438339],[78.4870409,17.438174],[78.4868929,17.4380348],[78.4865466,17.4377597],[78.4864562,17.4376879],[78.486342,17.4376079],[78.4861927,17.4374787],[78.4859858,17.437311],[78.4857562,17.4371316],[78.4855441,17.436918],[78.4853355,17.4366561],[78.4851956,17.4364492],[78.4849994,17.4360027],[78.4849405,17.4355669],[78.4849099,17.4352742],[78.4849418,17.4350947],[78.4849555,17.435059],[78.4849495,17.4348826],[78.4850353,17.4345144],[78.4851132,17.4341481],[78.4851454,17.4340602]]}},
{"type":"Feature","properties":{"full_id":"w108243591","osm_id":"108243591","osm_type":"way","waterway":"drain","bridge":null,"usage":null,"width":null,"ship":null,"intermittent":null,"tunnel":null,"name:ml":null,"designation":null,"layer":null,"boat":null,"name:ur":null,"name:te":null,"name:fa":null,"name":null},"geometry":{"type":"LineString","coordinates":[[78.4315492,17.4396387],[78.4314634,17.4396336],[78.4313239,17.4395415],[78.4311469,17.4393521],[78.4310718,17.4393112],[78.4309592,17.4393061],[78.4308358,17.4393419],[78.4305863,17.439562],[78.4304764,17.4396438],[78.4303208,17.4396285],[78.4301998,17.4396313],[78.4301131,17.4397083],[78.4300445,17.4398076],[78.4299265,17.4398537],[78.4297709,17.4398742],[78.4295832,17.4399458],[78.4294759,17.4399867],[78.4293096,17.4400123],[78.4292184,17.4400123],[78.4290065,17.4400865]]}},
{"type":"Feature","properties":{"full_id":"w109559926","osm_id":"109559926","osm_type":"way","waterway":"stream","bridge":null,"usage":null,"width":null,"ship":null,"intermittent":null,"tunnel":null,"name:ml":null,"designation":"drain from mansarovar to hussain sagar","layer":null,"boat":null,"name:ur":null,"name:te":null,"name:fa":null,"name":null},"geometry":{"type":"LineString","coordinates":[[78.4955776,17.4772203],[78.495569,17.4771888],[78.4955355,17.4770193],[78.4955308,17.4769586],[78.4955201,17.4769068],[78.4954738,17.4768396],[78.495388,17.4767578],[78.4951975,17.4766752],[78.4950815,17.4766177],[78.4950158,17.4765505],[78.4949313,17.4764181],[78.4948321,17.4759103],[78.4939119,17.4743733],[78.4930498,17.4725623],[78.4926389,17.4722554],[78.4923696,17.4720619],[78.4921765,17.4720798],[78.4918868,17.4721946],[78.4916239,17.472113],[78.4914201,17.471957],[78.4909614,17.4718751],[78.4906124,17.4718384],[78.4903231,17.4717907],[78.4902506,17.4717855],[78.4897061,17.4714606],[78.4894165,17.4714146],[78.4891187,17.4710743],[78.4888821,17.470961],[78.4887513,17.4708671],[78.4886118,17.4707877],[78.4884648,17.4707284],[78.4883168,17.4706317],[78.4880378,17.470404],[78.4879252,17.47034],[78.4878893,17.4703501],[78.4876329,17.469851],[78.4872961,17.4692586],[78.4869514,17.4693322],[78.48623,17.4695034],[78.4853234,17.4695597],[78.4847843,17.4696006],[78.4846287,17.4691452],[78.4846073,17.4686105],[78.4845005,17.468411],[78.4842023,17.4677917],[78.4840386,17.4672877],[78.4839957,17.4670139],[78.4840502,17.4668599],[78.4841351,17.466751],[78.4842044,17.4667421],[78.4842639,17.4667018],[78.4842693,17.4665534],[78.4839796,17.4664818],[78.4834807,17.4660391],[78.4832422,17.4662132],[78.482939,17.4659767]]}},
{"type":"Feature","properties":{"full_id":"w116932933","osm_id":"116932933","osm_type":"way","waterway":"drain","bridge":null,"usage":null,"width":null,"ship":null,"intermittent":null,"tunnel":null,"name:ml":null,"designation":null,"layer":null,"boat":null,"name:ur":null,"name:te":null,"name:fa":null,"name":null},"geometry":{"type":"LineString","coordinates":[[78.5414689,17.3965722],[78.5414728,17.3965451],[78.5415011,17.3963495],[78.5415601,17.396155],[78.5416191,17.3959067],[78.5416272,17.3957196],[78.5416298,17.3956585],[78.5416244,17.3955919],[78.5415923,17.3955202],[78.5414769,17.3952157],[78.541198,17.3944785]]}},
{"type":"Feature","properties":{"full_id":"w117275940","osm_id":"117275940","osm_type":"way","waterway":"wastewater","bridge":null,"usage":null,"width":null,"ship":null,"intermittent":null,"tunnel":null,"name:ml":null,"designation":null,"layer":null,"boat":null,"name:ur":null,"name:te":null,"name:fa":null,"name":null},"geometry":{"type":"LineString","coordinates":[[78.4683674,17.381256],[78.4684599,17.3812099],[78.4685692,17.3811734],[78.4686671,17.3811491],[78.4695992,17.3809348],[78.4696957,17.3809104],[78.4697923,17.3808816],[78.4704897,17.3807025],[78.4713064,17.3805118],[78.4717926,17.3803793],[78.4718519,17.3803642],[78.4719263,17.3803367],[78.4720197,17.3802913],[78.4720943,17.3802539],[78.4721352,17.3802257],[78.4722365,17.3801182],[78.4723102,17.3799928],[78.472388,17.3798993],[78.4724907,17.3797964],[78.4726085,17.3797199],[78.4727957,17.3796427],[78.4730847,17.3795813],[78.473305,17.3795342],[78.4733549,17.3795217],[78.4735729,17.3794699],[78.4738907,17.379397],[78.4740664,17.3793573],[78.4740999,17.3793573],[78.4741355,17.3793599],[78.4741717,17.3793759],[78.4742092,17.3793963],[78.4742709,17.3794514],[78.4743118,17.3794815],[78.4743601,17.3795166],[78.4744392,17.3795544],[78.474513,17.3795819],[78.4746283,17.3796165],[78.4747618,17.3796306],[78.474914,17.3796267]]}},
{"type":"Feature","properties":{"full_id":"w118971594","osm_id":"118971594","osm_type":"way","waterway":"stream","bridge":null,"usage":null,"width":null,"ship":null,"intermittent":null,"tunnel":null,"name:ml":null,"designation":null,"layer":null,"boat":null,"name:ur":null,"name:te":null,"name:fa":null,"name":null},"geometry":{"type":"LineString","coordinates":[[78.4474053,17.4372064],[78.4475069,17.4372209],[78.4481081,17.4370828],[78.4481839,17.4370249],[78.4483472,17.4367738],[78.4489257,17.4367554],[78.4494958,17.4367015],[78.4500909,17.4369877],[78.4505048,17.4372465],[78.4507957,17.4372817],[78.4511517,17.4373096],[78.4519517,17.4372465],[78.4525461,17.4370768],[78.4527669,17.4370898],[78.4530022,17.4371075],[78.4533603,17.4372631],[78.4536892,17.437438],[78.4543272,17.4377774],[78.4545325,17.4380694],[78.4548702,17.4384775],[78.4553289,17.4390317],[78.4556768,17.4392441],[78.4559724,17.4395959],[78.4560215,17.4396712],[78.456282,17.4400704],[78.4565949,17.4400551],[78.4568941,17.4400405],[78.456979,17.4403105],[78.4569557,17.4404019],[78.4571503,17.4406082],[78.457927,17.440335],[78.4588575,17.4405232]]}},
{"type":"Feature","properties":{"full_id":"w140391599","osm_id":"140391599","osm_type":"way","waterway":"drain","bridge":null,"usage":null,"width":null,"ship":null,"intermittent":null,"tunnel":null,"name:ml":null,"designation":null,"layer":"-1","boat":null,"name:ur":null,"name:te":null,"name:fa":null,"name":null},"geometry":{"type":"LineString","coordinates":[[78.5475278,17.4320821],[78.5475818,17.4320672],[78.5476184,17.4320039],[78.547665,17.4318819],[78.5476765,17.4318149],[78.547695,17.4317467],[78.5477459,17.4316442],[78.5479353,17.4312692],[78.5480013,17.4310763],[78.548026,17.4308649],[78.5481227,17.4306512],[78.5484441,17.4300981],[78.5485367,17.4299817],[78.5486504,17.4298815],[78.548827,17.4295306],[78.5488885,17.4292641],[78.5489378,17.4291343],[78.5490253,17.4290637],[78.5491634,17.4289291],[78.5493158,17.428627],[78.5493503,17.4285072],[78.5493643,17.4283964],[78.5493771,17.4274571],[78.5495258,17.427301],[78.5500305,17.4271263],[78.5502902,17.4268686],[78.5509031,17.4265335],[78.55108,17.4264118],[78.5511476,17.4263572],[78.5511491,17.4262899],[78.5510536,17.4260809],[78.5510771,17.4259352],[78.5511359,17.4256268],[78.5510099,17.4254146],[78.5509434,17.4252461],[78.5510452,17.4251125],[78.5512571,17.4248429],[78.551546,17.4246585],[78.5517724,17.4245633],[78.5518493,17.4244761],[78.5519001,17.4243644],[78.5518864,17.4242732]]}},
{"type":"Feature","properties":{"full_id":"w152700184","osm_id":"152700184","osm_type":"way","waterway":"river","bridge":null,"usage":null,"width":null,"ship":null,"intermittent":null,"tunnel":null,"name:ml":"മൂസി നദി","designation":null,"layer":null,"boat":null,"name:ur":null,"name:te":"మూసి","name:fa":"رودخانه موسی","name":"Musi River"},"geometry":{"type":"LineString","coordinates":[[78.4557308,17.3637843],[78.4559199,17.3644474],[78.4561077,17.3648493],[78.4562391,17.3650746],[78.4564027,17.3652294],[78.4565838,17.3653306],[78.4568406,17.3654362],[78.456964,17.3654765],[78.4570196,17.3654979],[78.4570813,17.3655405],[78.4571135,17.3656019],[78.4571323,17.3657248],[78.4571537,17.3658067],[78.4572315,17.3659501],[78.4575024,17.3663341],[78.4576043,17.3665593],[78.4576714,17.3668102],[78.4577331,17.367143],[78.4578243,17.3672838],[78.4581193,17.3674323],[78.4586075,17.3676038],[78.4589133,17.3677011],[78.4596696,17.3679443],[78.4601551,17.3680748],[78.4604421,17.3681388],[78.4606835,17.3681388],[78.4608337,17.368167],[78.4610242,17.3682079],[78.4611744,17.3682745],[78.4614614,17.3683487],[78.4617028,17.3684204],[78.4620112,17.3684972],[78.4621266,17.3684972],[78.4622794,17.3684742],[78.4624323,17.3684383],[78.4625557,17.3684434],[78.4626281,17.3684844],[78.4626469,17.3685689],[78.4626469,17.36883],[78.4626952,17.3688991],[78.4627998,17.3689477],[78.463013,17.3690015],[78.4631672,17.3690578],[78.4633443,17.3690949],[78.4635977,17.3691692],[78.4638861,17.3692447],[78.4641262,17.3693151],[78.4647404,17.3696133],[78.4650689,17.3697669],[78.465317,17.3698245],[78.4655517,17.3698232],[78.4657851,17.3697887],[78.4659836,17.369708],[78.4660935,17.3696594],[78.4661995,17.3696159],[78.4663752,17.3695916],[78.4668191,17.3696069],[78.4676519,17.3697311],[78.4678879,17.3697234],[78.4681173,17.3696581],[78.4683238,17.369612],[78.468537,17.3695852],[78.4687395,17.3696095],[78.4691244,17.3697349],[78.4693538,17.3698002],[78.4698922,17.369948],[78.4702107,17.3700331],[78.4706238,17.3701125],[78.470951,17.3701816],[78.4712809,17.3702149],[78.4715036,17.3702354],[78.4718013,17.3702661],[78.4720185,17.370307],[78.4722304,17.3703301],[78.472437,17.3703326],[78.4725979,17.3703506],[78.472909,17.3703621],[78.4738532,17.3705067],[78.4744915,17.3705426],[78.4748067,17.3705643],[78.4751138,17.370636],[78.4753378,17.3707179],[78.4754089,17.3707755],[78.4754893,17.3708536],[78.4756596,17.3710008],[78.4757683,17.3710507],[78.4759071,17.3710897],[78.476129,17.3710949],[78.4764375,17.3711531],[78.4769592,17.3713131],[78.4778282,17.371674],[78.4785832,17.3719415],[78.4791666,17.3721169],[78.479687,17.3722346],[78.4798586,17.3722705],[78.4800893,17.3723524],[78.4803183,17.3724848],[78.4807759,17.3727364],[78.4812936,17.3730768],[78.4818408,17.3733942],[78.4821063,17.3735786],[78.482514,17.3740931],[78.4828359,17.3745436],[78.4830666,17.3747791],[78.4838873,17.3755727],[78.484295,17.3759464],[78.484928,17.3765505],[78.4852606,17.3768648],[78.4854725,17.3771228],[78.4856453,17.3772862],[78.4859505,17.3775683],[78.4860653,17.3776922],[78.4862235,17.3778944],[78.4864703,17.3782016],[78.4865802,17.378327],[78.4867626,17.3785215],[78.4869665,17.3786828],[78.4871663,17.3788543],[78.4872441,17.3788991],[78.4873313,17.3789209],[78.4874949,17.3789209],[78.4876183,17.3788825],[78.48768,17.3788799],[78.4881923,17.3789695],[78.48849,17.3789977],[78.4886375,17.3790335],[78.4888628,17.3790898],[78.4890854,17.3791794],[78.489241,17.3792562],[78.4894153,17.3793867],[78.4895655,17.3795019],[78.4898123,17.3796402],[78.4899545,17.3797067],[78.4901208,17.3797989],[78.4902576,17.3798629],[78.4904695,17.3799499],[78.4906492,17.379978],[78.4908879,17.3799499],[78.4911615,17.3798859],[78.491309,17.3798347],[78.4914565,17.3798424],[78.4916094,17.3799141],[78.4917998,17.3800139],[78.4919447,17.3800523],[78.4924167,17.3800907],[78.4928969,17.3801905],[78.4937015,17.380449],[78.4943908,17.3806717],[78.495681,17.3810583],[78.4957547,17.3810839],[78.4959841,17.3811338],[78.4961235,17.3812042],[78.4961933,17.3812682],[78.496322,17.3815984],[78.4964682,17.3817647],[78.4966439,17.3819209],[78.4969711,17.3821769],[78.4972393,17.3823151],[78.4976873,17.3825096],[78.4978777,17.3826069],[78.4981191,17.3827426],[78.4982344,17.3828219],[78.498331,17.3829397],[78.498449,17.3831419],[78.4986529,17.3834183],[78.4987199,17.3835463],[78.498736,17.383682],[78.4987172,17.3838586],[78.4987333,17.384025],[78.4988299,17.3842349],[78.4991625,17.3847647],[78.4992939,17.3848773],[78.499428,17.3849132],[78.4995273,17.3849106],[78.4996667,17.384862],[78.4997982,17.3848594],[78.4999618,17.3848748],[78.50012,17.3848876],[78.5003212,17.3848722],[78.5005143,17.3848466],[78.5006565,17.3848338],[78.500796,17.384798],[78.5009649,17.384798],[78.5011661,17.3848364],[78.5013458,17.3848518],[78.5015523,17.3848748],[78.5017186,17.384926],[78.5019064,17.3850821],[78.5021022,17.3853279],[78.502298,17.3855326],[78.5027137,17.385763],[78.5031375,17.3860983],[78.5034057,17.3863184],[78.5036203,17.3864413],[78.5039476,17.3865053],[78.5042372,17.3864976],[78.504484,17.3864311],[78.5046315,17.3863108],[78.504948,17.3859806],[78.5051841,17.385827],[78.5055783,17.3857144],[78.5059087,17.3856937]]}},
{"type":"Feature","properties":{"full_id":"w152700200","osm_id":"152700200","osm_type":"way","waterway":"river","bridge":null,"usage":null,"width":null,"ship":null,"intermittent":null,"tunnel":null,"name:ml":null,"designation":null,"layer":null,"boat":null,"name:ur":null,"name:te":"మూసా నది","name:fa":"رودخانه موسی","name":"Musa"},"geometry":{"type":"LineString","coordinates":[[78.379096,17.3739079],[78.3799127,17.3735646],[78.3812545,17.3733048],[78.3825767,17.3729151],[78.3843365,17.372581],[78.3863005,17.3715696],[78.3878464,17.3708087],[78.3904812,17.3708922],[78.3931938,17.3708829],[78.3956925,17.3709943],[78.3976565,17.37092],[78.398969,17.3708829],[78.3997469,17.3715603],[78.4009427,17.3721171],[78.401633,17.372813],[78.4024595,17.3729893],[78.4041415,17.3722191],[78.4057846,17.3715789],[78.407068,17.3717181],[78.4085847,17.3721171],[78.4106653,17.3722098],[78.4117265,17.3718734],[78.4124592,17.3712275]]}},
{"type":"Feature","properties":{"full_id":"w152700214","osm_id":"152700214","osm_type":"way","waterway":"river","bridge":null,"usage":null,"width":null,"ship":null,"intermittent":null,"tunnel":null,"name:ml":null,"designation":null,"layer":null,"boat":null,"name:ur":null,"name:te":"మూసి","name:fa":"رودخانه موسی","name":"Musi River"},"geometry":{"type":"LineString","coordinates":[[78.5059087,17.3856937],[78.5072869,17.3856184],[78.5081801,17.3856017],[78.5090384,17.385635],[78.5093388,17.3856875],[78.5097291,17.3858155],[78.5100321,17.3859153],[78.5103701,17.3859818],[78.510751,17.3859486],[78.511038,17.3858449],[78.5113317,17.3856478],[78.512013,17.385086],[78.5126996,17.3844819],[78.5132749,17.3840582],[78.5134399,17.3838368],[78.5134828,17.3836461],[78.5134909,17.3834234],[78.5135324,17.3832033],[78.5136196,17.3829358],[78.5138811,17.3825186],[78.5145436,17.381496],[78.5148762,17.3810839],[78.5152893,17.380801],[78.5157238,17.3805514],[78.5161167,17.3802033],[78.5164838,17.3798844],[78.5167699,17.379612],[78.5169576,17.3794059],[78.5171574,17.3792101],[78.5175946,17.3789605],[78.5179138,17.3788364],[78.5181981,17.3786598],[78.5184409,17.3784729],[78.5186675,17.3782784],[78.5189264,17.3780992],[78.5196237,17.377641],[78.5200945,17.3773677],[78.5203509,17.3771789],[78.5204562,17.3771114],[78.5205437,17.377074],[78.5206718,17.3770612],[78.5208153,17.3771117],[78.5210694,17.377161],[78.5212156,17.377154],[78.5213484,17.3771188],[78.5217319,17.3768167],[78.5220471,17.3765812],[78.5221966,17.3765083],[78.5223837,17.3764916],[78.5225433,17.3765095],[78.5226808,17.3765588],[78.522827,17.3766299],[78.5229933,17.3767316],[78.5232259,17.3768314],[78.5234821,17.3768711],[78.5236772,17.3768225],[78.5238744,17.37669],[78.5240977,17.3765479],[78.5243967,17.376411],[78.5246569,17.3762971],[78.5249493,17.3761665],[78.5251705,17.3761064],[78.5253925,17.3760833],[78.525489,17.3761006],[78.5256091,17.3761249],[78.525704,17.3761182],[78.5258324,17.3760757],[78.5259913,17.3759899],[78.5260731,17.3759214],[78.5261187,17.3757979],[78.5261697,17.3756891],[78.5262273,17.3756296],[78.5262951,17.3756123],[78.5264064,17.3755989],[78.5264976,17.3755963],[78.5266384,17.3755906],[78.5266826,17.3755835],[78.5267463,17.3755592],[78.5269334,17.3754805],[78.5270635,17.3754607],[78.5272586,17.3754523],[78.5275993,17.3754511],[78.5279285,17.3755227],[78.5282169,17.3755189],[78.5283054,17.3755234],[78.5283476,17.3755298],[78.5283892,17.3755535],[78.5284522,17.3755803],[78.5286105,17.3756143],[78.5289431,17.3756418],[78.5292904,17.3756687],[78.5295667,17.3757122],[78.5297933,17.3758248],[78.5299824,17.3760206],[78.5301031,17.3764788],[78.5301836,17.3766286],[78.5302976,17.3767195],[78.5305135,17.3768295],[78.530826,17.3769575],[78.5314147,17.3772161],[78.5317205,17.3772455],[78.5318841,17.3772122],[78.5320289,17.3771841],[78.5326874,17.3770842],[78.5328417,17.3770804],[78.5329758,17.3771021],[78.5330649,17.3771604],[78.533134,17.3772308],[78.5331595,17.3773479],[78.5331407,17.3774682],[78.5330898,17.3776301],[78.5330837,17.3777504],[78.5331119,17.377863],[78.5331682,17.3779386],[78.5333171,17.378071],[78.5336959,17.3783936],[78.5338891,17.3785215],[78.5340513,17.378638],[78.5345261,17.3789285],[78.5347112,17.3791461],[78.5348667,17.3793599],[78.5349566,17.3796286],[78.5350129,17.3797989],[78.5350907,17.3799153],[78.535198,17.3800408],[78.5353884,17.3802263],[78.5355574,17.3804887],[78.5360415,17.3810992],[78.5364345,17.3814089],[78.5367912,17.3816368],[78.5370165,17.3817724],[78.5373236,17.3818761],[78.5376267,17.3819106],[78.5379539,17.3819606],[78.5382235,17.3821308],[78.538481,17.3823868],[78.5388592,17.3825903],[78.5394466,17.382635],[78.5398892,17.3825647],[78.5403384,17.3824943],[78.5405396,17.3824508],[78.5406777,17.3824162],[78.5408413,17.3824316],[78.5409982,17.3824853],[78.5411726,17.3825787],[78.5413215,17.3826376],[78.5416755,17.3827221],[78.542043,17.3829102],[78.5424024,17.3832007],[78.5429764,17.383403],[78.5436067,17.3835514],[78.5441217,17.3836641],[78.5449156,17.3835745],[78.545444,17.3832545],[78.5456868,17.3829972],[78.545841,17.3829],[78.5460328,17.3828501],[78.5463734,17.3828987],[78.5467985,17.3829025],[78.5471821,17.382763],[78.5475133,17.3824674],[78.5476555,17.3822178],[78.5477118,17.3820412],[78.5478164,17.3818838],[78.5480109,17.3816201],[78.5483931,17.3812912],[78.548951,17.3809853],[78.5494767,17.3807473],[78.5501929,17.3803287],[78.5503766,17.3802302],[78.5505503,17.3801802],[78.551259,17.3801483],[78.551829,17.3801502]]}},
{"type":"Feature","properties":{"full_id":"w158881289","osm_id":"158881289","osm_type":"way","waterway":"river","bridge":null,"usage":null,"width":null,"ship":null,"intermittent":null,"tunnel":null,"name:ml":null,"designation":null,"layer":null,"boat":null,"name:ur":null,"name:te":null,"name:fa":null,"name":"Musi River"},"geometry":{"type":"LineString","coordinates":[[79.4552243,17.3438238],[79.457438,17.3415854],[79.4579959,17.3410939],[79.4587791,17.3407047],[79.4604206,17.34008],[79.462207,17.339061],[79.462958,17.3385335],[79.4640416,17.3380829],[79.4648623,17.337832],[79.4656992,17.337663],[79.4666648,17.3375196],[79.467684,17.3371817],[79.4692719,17.3363726],[79.4714928,17.3344677],[79.4731235,17.3333001],[79.4740891,17.3324091],[79.4749689,17.3308217],[79.4754624,17.3296746],[79.4757682,17.3282612],[79.4759774,17.3275647],[79.4762886,17.32694],[79.4773883,17.3256188],[79.477812,17.3251937],[79.478429,17.3247123],[79.4791961,17.324359],[79.4799954,17.3240569],[79.4805314,17.323818],[79.4809931,17.3232272],[79.4825542,17.3207845],[79.4832355,17.3195298],[79.4836271,17.3189613],[79.484067,17.3185465],[79.4845337,17.3181983],[79.4849253,17.3177681],[79.4852579,17.3171484],[79.4855422,17.3164314],[79.4858801,17.3155813],[79.4862127,17.3145161],[79.4865131,17.3132408],[79.486827,17.3114535],[79.48713,17.3102704],[79.487476,17.3094126],[79.4876035,17.3089465],[79.4876826,17.3079094],[79.4876826,17.3072436],[79.4875646,17.3066598],[79.4872695,17.3058762],[79.487071,17.3050414],[79.4870657,17.3036841],[79.4870174,17.302583],[79.4864166,17.3000529],[79.4860733,17.298501],[79.4860411,17.2976507],[79.4860625,17.2968261],[79.485966,17.2954944],[79.485805,17.2947518],[79.4854671,17.2940347],[79.4848823,17.293164],[79.4845176,17.2923394],[79.4841152,17.2910153],[79.4841206,17.2903674],[79.4842493,17.2899474],[79.4843513,17.2895786],[79.4844639,17.2891816],[79.4846088,17.2887565],[79.4846195,17.2884518],[79.4845498,17.2880522],[79.4844291,17.2875195],[79.4843969,17.2866923],[79.485054,17.2851992],[79.4859123,17.2809478],[79.4864917,17.2791345],[79.4868672,17.2776593],[79.4874143,17.2765323],[79.4881654,17.2759074],[79.4894636,17.275641],[79.4900966,17.2752517],[79.4909012,17.2741453],[79.4918346,17.2731413],[79.4926071,17.2725061],[79.4935083,17.2720451],[79.4942272,17.2717172],[79.4946027,17.2713484],[79.494946,17.2701497],[79.4960725,17.2677729],[79.4968021,17.2664205],[79.4973654,17.265442],[79.4980252,17.2646531],[79.4985455,17.2629217],[79.4988084,17.2615692],[79.4987547,17.2610621],[79.4986099,17.2606394],[79.4984919,17.2604166],[79.4984919,17.2601272],[79.4985187,17.2599581],[79.4985026,17.2598531],[79.4983309,17.2596328],[79.4981807,17.2593767],[79.497757,17.2588285],[79.4975477,17.2581113],[79.4975424,17.2573634],[79.4978213,17.2565898],[79.4995272,17.254556],[79.5042908,17.2514617],[79.5113611,17.2474451],[79.5149874,17.2443712],[79.5170903,17.2410513],[79.5199174,17.2334557]]}},
{"type":"Feature","properties":{"full_id":"w158881294","osm_id":"158881294","osm_type":"way","waterway":"river","bridge":null,"usage":null,"width":null,"ship":null,"intermittent":null,"tunnel":null,"name:ml":null,"designation":null,"layer":null,"boat":null,"name:ur":null,"name:te":null,"name:fa":null,"name":"Musi River"},"geometry":{"type":"LineString","coordinates":[[79.5199964,17.2329866],[79.5203089,17.2303944],[79.5206737,17.2288982],[79.5216393,17.2261519],[79.5229268,17.2239589],[79.5239997,17.218753],[79.5248742,17.2155327],[79.525094,17.2141414],[79.5250726,17.2121737],[79.5249009,17.2101035],[79.5256734,17.2048767],[79.525845,17.2027757],[79.5256734,17.2009821],[79.5252764,17.1971182],[79.5253301,17.1945047],[79.5252657,17.1932542],[79.5250833,17.1927725],[79.5244717,17.1921781],[79.5240748,17.1917783],[79.5238602,17.1912454],[79.5236671,17.1903331],[79.5236993,17.1894004],[79.523828,17.1877605],[79.5239997,17.1863358],[79.524343,17.1855466],[79.5251155,17.1840603],[79.5260596,17.1814978],[79.5264673,17.1808726],[79.5271861,17.1805138],[79.5284521,17.1793965],[79.5313167,17.1759935],[79.5345247,17.1717703],[79.5373464,17.1667987],[79.5377862,17.1653738],[79.5396852,17.1635081],[79.5411014,17.1618064],[79.5432887,17.1599422],[79.5443845,17.1591309],[79.5456505,17.1583928],[79.5469487,17.158075],[79.5481396,17.1578802],[79.5491588,17.1575624],[79.5501137,17.1569063],[79.5505321,17.1564655],[79.5506608,17.1560349],[79.5507038,17.1556454],[79.5508218,17.1552456],[79.551208,17.154774],[79.5512509,17.1542512],[79.5511544,17.1537386],[79.5511651,17.153267],[79.5530748,17.151719],[79.5555425,17.1493509],[79.5565188,17.1480899],[79.557817,17.1467776],[79.5587504,17.1453731],[79.5596194,17.143743],[79.5604241,17.1424308],[79.563396,17.1362178],[79.564544,17.1321168],[79.5645976,17.1318092],[79.564544,17.1315734],[79.5643616,17.1310505],[79.5642114,17.1306711],[79.5640719,17.130261],[79.564029,17.1296458],[79.5640182,17.1291537],[79.5640397,17.1289384],[79.5642435,17.128682],[79.5647478,17.1282104],[79.5650375,17.1280669],[79.5653486,17.1277285],[79.5655632,17.1274312],[79.5656383,17.1270211],[79.56581,17.1267442],[79.5661747,17.1262931],[79.5668943,17.1257819],[79.5672476,17.1255139],[79.5673013,17.1250935],[79.5672369,17.1245911],[79.5672691,17.1239041],[79.5673978,17.1230941],[79.5682561,17.1212793],[79.5684385,17.120541],[79.56846,17.1201001],[79.5684385,17.1195669],[79.5684385,17.1190953],[79.5685887,17.1186031],[79.5692003,17.1176905],[79.5698011,17.1170856],[79.5705789,17.1169164],[79.5709705,17.1167267],[79.5714587,17.1163114],[79.5718288,17.1158449],[79.5721614,17.1150553],[79.5722687,17.1145939],[79.5723492,17.1141479],[79.5726067,17.1139121],[79.5728642,17.1137736],[79.5737064,17.1131482],[79.5740819,17.1125022],[79.5757341,17.1104821],[79.578073,17.1075597],[79.5798218,17.1054884],[79.5809913,17.1041553],[79.5816994,17.103253],[79.5830405,17.1010072],[79.5850789,17.0976335],[79.5862377,17.0951723],[79.5869887,17.0929368],[79.5877075,17.0916754],[79.5878363,17.0910499],[79.5881903,17.089768],[79.5886409,17.088763],[79.5893061,17.0874913],[79.590143,17.0861889],[79.5910978,17.0851326],[79.5920098,17.0835635],[79.5926106,17.0822713],[79.592793,17.0816252],[79.5929646,17.0804869],[79.5931148,17.078969],[79.5932114,17.0777178],[79.5933187,17.0771845],[79.5932865,17.0766307],[79.5931041,17.0762102],[79.5927501,17.0758615],[79.5926857,17.0752872],[79.5929003,17.0747129],[79.5935333,17.074036],[79.5940161,17.0735847],[79.5944667,17.0729386],[79.5947349,17.0723847],[79.5948207,17.0717591],[79.5947134,17.0707745],[79.594295,17.069831],[79.5935655,17.0691233],[79.5926106,17.0682823],[79.5921707,17.0676054],[79.5920312,17.0668054],[79.5919454,17.0655746],[79.5919132,17.0634412],[79.5919025,17.0617386],[79.5917416,17.0607438],[79.5917845,17.0602309],[79.591999,17.0590309],[79.592278,17.0579744],[79.5928574,17.0569282],[79.5945203,17.0552974],[79.5953786,17.0543947],[79.5961404,17.0532972],[79.5978355,17.0513894],[79.5989835,17.0501996],[79.5997667,17.049461],[79.6003139,17.0485789],[79.6007323,17.0474096],[79.6008289,17.0461171],[79.600904,17.045317],[79.6005821,17.0444349],[79.600271,17.0441784],[79.6000349,17.0437374],[79.5998204,17.042968],[79.5993376,17.0414396],[79.5992303,17.0402395],[79.5988977,17.0375929],[79.5985651,17.0360645],[79.5979643,17.033818],[79.5976961,17.0325049],[79.5976531,17.0315817],[79.5977497,17.0300634],[79.5978248,17.0290889],[79.5984685,17.0269756],[79.5987475,17.0259395],[79.5995843,17.0237852],[79.6000671,17.021795],[79.6004641,17.0193636],[79.601022,17.017199],[79.6013975,17.0154652],[79.6019876,17.013085],[79.6025026,17.011659],[79.603157,17.0100688],[79.6035647,17.0080784],[79.6042192,17.004231],[79.6046698,17.0026407],[79.6050131,17.0014814],[79.6055066,16.9999629],[79.6062255,16.9984752],[79.6069121,16.9977775],[79.6079421,16.9966386],[79.6087038,16.99551],[79.6097553,16.9945147],[79.610753,16.9934066],[79.6113539,16.9923293],[79.61218,16.991139],[79.613328,16.9893127],[79.6139395,16.9884303],[79.6143687,16.9872605],[79.6147334,16.9852699],[79.6151411,16.9828791],[79.6154094,16.979688],[79.615742,16.9771637],[79.6164608,16.9765378],[79.6169007,16.9760144],[79.6170187,16.9754501],[79.6169865,16.9739211],[79.6165252,16.9714583],[79.6161604,16.9687698],[79.615742,16.9650345],[79.6149158,16.9606115],[79.6148729,16.9577894]]}},
{"type":"Feature","properties":{"full_id":"w163627508","osm_id":"163627508","osm_type":"way","waterway":"drain","bridge":null,"usage":null,"width":null,"ship":null,"intermittent":null,"tunnel":null,"name:ml":null,"designation":null,"layer":null,"boat":null,"name:ur":null,"name:te":null,"name:fa":null,"name":null},"geometry":{"type":"LineString","coordinates":[[78.4287143,17.4710365],[78.4287867,17.4710493]]}},
{"type":"Feature","properties":{"full_id":"w163627512","osm_id":"163627512","osm_type":"way","waterway":"drain","bridge":null,"usage":null,"width":null,"ship":null,"intermittent":null,"tunnel":null,"name:ml":null,"designation":null,"layer":null,"boat":null,"name:ur":null,"name:te":null,"name:fa":null,"name":null},"geometry":{"type":"LineString","coordinates":[[78.426524,17.4721553],[78.4266232,17.4718483],[78.4266445,17.4717038],[78.4266516,17.4716556],[78.4267536,17.4715661],[78.4269976,17.4714919],[78.4275673,17.4712163],[78.4287143,17.4710365]]}},
{"type":"Feature","properties":{"full_id":"w163627513","osm_id":"163627513","osm_type":"way","waterway":"drain","bridge":null,"usage":null,"width":null,"ship":null,"intermittent":null,"tunnel":null,"name:ml":null,"designation":null,"layer":null,"boat":null,"name:ur":null,"name:te":null,"name:fa":null,"name":null},"geometry":{"type":"LineString","coordinates":[[78.4287867,17.4710493],[78.428832,17.471053],[78.4289422,17.4710621],[78.4293526,17.4708932],[78.4295162,17.4706911],[78.4297147,17.4703636],[78.4299534,17.4701845],[78.4301868,17.4701154],[78.4307447,17.4700208],[78.4313051,17.4699148],[78.4317049,17.4698391],[78.432221,17.4696224],[78.4326866,17.4695474],[78.4328529,17.4694707],[78.4331077,17.4692302],[78.4333572,17.4688694],[78.4334018,17.4688004],[78.4334494,17.4685913],[78.4334064,17.4684766],[78.4334108,17.468414],[78.4335299,17.4681922],[78.4337756,17.4680456],[78.4338856,17.4679432],[78.4343952,17.4677923],[78.434827,17.4677488],[78.4349997,17.4678186],[78.4353098,17.4680686],[78.4356301,17.4681973],[78.4358811,17.4682375],[78.4361815,17.4680814]]}},
{"type":"Feature","properties":{"full_id":"w163627518","osm_id":"163627518","osm_type":"way","waterway":"drain","bridge":null,"usage":null,"width":null,"ship":null,"intermittent":null,"tunnel":"yes","name:ml":null,"designation":null,"layer":null,"boat":null,"name:ur":null,"name:te":null,"name:fa":null,"name":null},"geometry":{"type":"LineString","coordinates":[[78.426524,17.4722299],[78.426524,17.4721553]]}},
{"type":"Feature","properties":{"full_id":"w163627519","osm_id":"163627519","osm_type":"way","waterway":"drain","bridge":null,"usage":null,"width":null,"ship":null,"intermittent":null,"tunnel":null,"name:ml":null,"designation":null,"layer":null,"boat":null,"name:ur":null,"name:te":null,"name:fa":null,"name":null},"geometry":{"type":"LineString","coordinates":[[78.4138229,17.5049139],[78.4138429,17.5048646],[78.4138028,17.5047322],[78.4137492,17.5045848],[78.4137212,17.5044235],[78.413703,17.50429],[78.413703,17.5041519],[78.4136823,17.504001],[78.4136397,17.5038141],[78.4136275,17.5037305],[78.4135995,17.5036017],[78.4135776,17.5034821],[78.4135362,17.5032988],[78.4135241,17.5032454],[78.4134802,17.5030747],[78.4134729,17.5030213],[78.4134705,17.5029563],[78.4135034,17.5029169],[78.413546,17.5028728],[78.4135715,17.5028182],[78.4134802,17.5022715],[78.4134644,17.5021984],[78.4134717,17.5021415],[78.4135241,17.5021194],[78.4135764,17.5020997],[78.4136263,17.5020951],[78.4136835,17.5020881],[78.4137261,17.5020649],[78.4137614,17.5020231],[78.4137577,17.5019314],[78.4137407,17.501907],[78.4136628,17.5018153],[78.4136385,17.5016401],[78.4136044,17.5015135],[78.4135837,17.5013696],[78.4136117,17.5012837],[78.4136519,17.5011746],[78.4137541,17.5010504],[78.4138965,17.5009471],[78.4141131,17.500809],[78.4142141,17.5007289],[78.4143103,17.5006407],[78.414331,17.5005443],[78.4142516,17.5003238],[78.4142223,17.5002604],[78.4142047,17.5001112],[78.4142027,17.499975],[78.41419,17.4998471],[78.4141756,17.499746],[78.4141379,17.4996496],[78.4141379,17.4994331],[78.4141702,17.4993757],[78.4143059,17.4991274],[78.4144746,17.4990365],[78.4147533,17.4989945],[78.4151566,17.498991],[78.4154353,17.4988267],[78.4156664,17.4987427],[78.4158084,17.4986471]]}},
{"type":"Feature","properties":{"full_id":"w163628033","osm_id":"163628033","osm_type":"way","waterway":"drain","bridge":null,"usage":null,"width":null,"ship":null,"intermittent":null,"tunnel":null,"name:ml":null,"designation":null,"layer":null,"boat":null,"name:ur":null,"name:te":null,"name:fa":null,"name":null},"geometry":{"type":"LineString","coordinates":[[78.4390274,17.4675569],[78.4393637,17.4674784],[78.4398213,17.467452],[78.4401485,17.4672831],[78.4406179,17.4667535],[78.4407682,17.4666319],[78.4408204,17.4665464],[78.440899,17.4665265],[78.4410963,17.4662956],[78.4411462,17.4661313],[78.4411567,17.4657541],[78.4410551,17.4655382],[78.4408365,17.4652976],[78.4407858,17.4652417]]}},
{"type":"Feature","properties":{"full_id":"w163628034","osm_id":"163628034","osm_type":"way","waterway":"drain","bridge":null,"usage":null,"width":null,"ship":null,"intermittent":null,"tunnel":null,"name:ml":null,"designation":null,"layer":null,"boat":null,"name:ur":null,"name:te":null,"name:fa":null,"name":null},"geometry":{"type":"LineString","coordinates":[[78.4361815,17.4680814],[78.436365,17.467967]]}},
{"type":"Feature","properties":{"full_id":"w163628035","osm_id":"163628035","osm_type":"way","waterway":"drain","bridge":null,"usage":null,"width":null,"ship":null,"intermittent":null,"tunnel":null,"name:ml":null,"designation":null,"layer":null,"boat":null,"name:ur":null,"name:te":null,"name:fa":null,"name":null},"geometry":{"type":"LineString","coordinates":[[78.436365,17.467967],[78.4366949,17.467747],[78.4369111,17.4677283],[78.4372517,17.467846],[78.4378778,17.4678801],[78.4383498,17.4677598],[78.4385285,17.4677693],[78.4389013,17.4676132]]}},
{"type":"Feature","properties":{"full_id":"w163628036","osm_id":"163628036","osm_type":"way","waterway":"drain","bridge":null,"usage":null,"width":null,"ship":null,"intermittent":null,"tunnel":"yes","name:ml":null,"designation":null,"layer":"-1","boat":null,"name:ur":null,"name:te":null,"name:fa":null,"name":null},"geometry":{"type":"LineString","coordinates":[[78.4389013,17.4676132],[78.4390274,17.4675569]]}},
{"type":"Feature","properties":{"full_id":"w173751980","osm_id":"173751980","osm_type":"way","waterway":"river","bridge":null,"usage":null,"width":null,"ship":null,"intermittent":null,"tunnel":null,"name:ml":null,"designation":null,"layer":null,"boat":null,"name:ur":null,"name:te":null,"name:fa":null,"name":"Musi River"},"geometry":{"type":"LineString","coordinates":[[78.8983986,17.3687378],[78.8997638,17.3687993],[78.9010084,17.3691807],[78.9012653,17.3693851],[78.9016199,17.3696671],[78.9021671,17.3703966],[78.9028081,17.3713361],[78.903653,17.3720554],[78.9044657,17.3725649],[78.9059651,17.3732125],[78.9081216,17.3743311],[78.9102647,17.375396],[78.9147413,17.3776154],[78.9175522,17.3785113],[78.9207923,17.3793714],[78.9238018,17.3799089],[78.9267254,17.3799857],[78.9287853,17.3798373],[78.931033,17.3792383],[78.9327362,17.3788953],[78.9334899,17.3787417],[78.9349839,17.3784089],[78.9363223,17.3780301],[78.9369714,17.3777114],[78.9381596,17.3771674],[78.9391172,17.3764891],[78.9398843,17.3759976],[78.9401391,17.3758824],[78.9403027,17.3757979],[78.9403899,17.3757186],[78.9405361,17.3755291],[78.94076,17.3752783],[78.9409666,17.3748418],[78.94122,17.3744054],[78.9415473,17.3739651],[78.9415956,17.3736809],[78.9415124,17.3734531],[78.9413193,17.3729028],[78.9413005,17.3726186],[78.9413086,17.3722103],[78.9413629,17.3719652],[78.9414963,17.3716791],[78.9418825,17.3713835],[78.9430654,17.3705605],[78.9433605,17.3703352],[78.9434811,17.3702162],[78.9435831,17.3700075],[78.9435696,17.3698245],[78.9433899,17.369365],[78.9433725,17.3690361],[78.9435495,17.3687839],[78.9436997,17.3686124],[78.9440203,17.3684063],[78.944318,17.368286],[78.9448357,17.3681644],[78.945187,17.3680467],[78.9454418,17.3679801],[78.945753,17.367911],[78.9460634,17.3678905],[78.9467052,17.3678035],[78.9472644,17.3677919],[78.9476587,17.3678137],[78.9480731,17.3677868],[78.9483748,17.3676665],[78.9488536,17.3675795],[78.9490762,17.3676025],[78.9494249,17.3675526],[78.9496328,17.3674156],[78.9498568,17.3673427],[78.9502457,17.3672851],[78.9505877,17.367189],[78.9507808,17.3669702],[78.950998,17.3666477],[78.9511335,17.3663584],[78.9512233,17.3660435],[78.9513105,17.3658579],[78.9514594,17.3657248],[78.9517692,17.3656314],[78.9527428,17.3655072],[78.9541282,17.3652461],[78.9553875,17.3648262],[78.9564228,17.3645395],[78.9571631,17.3641709],[78.957662,17.3636103],[78.9579463,17.3629626],[78.9581716,17.3625325],[78.9582038,17.3622483],[78.9581609,17.3619514],[78.9580268,17.3615674],[78.9579758,17.3612051],[78.9580804,17.3608659],[78.9582816,17.3606483],[78.9584626,17.3605536],[78.9586692,17.3605485],[78.9588663,17.3605664],[78.9592069,17.3606445],[78.9595838,17.3606087],[78.9599445,17.3604141],[78.9601189,17.3602311],[78.9601913,17.3600045],[78.9602342,17.3596013],[78.9602315,17.3592634],[78.9603844,17.3590842],[78.9606017,17.3589075],[78.9607733,17.3586259],[78.9608578,17.3585222],[78.9610308,17.3584121],[78.9612816,17.3584249],[78.9615726,17.3584813],[78.9617939,17.3584633],[78.9619911,17.3583981],[78.9624471,17.3583353],[78.9628682,17.3583392],[78.9635642,17.3583161],[78.9644533,17.3581293],[78.9652741,17.3579782],[78.9660546,17.3576736],[78.9665052,17.3574278],[78.9670712,17.3572051],[78.9676425,17.3570886],[78.9678101,17.3569836],[78.9678986,17.3568799],[78.9678879,17.3566815],[78.9678168,17.3565395],[78.9677793,17.3564307],[78.9678276,17.3563206],[78.9681092,17.3562156],[78.9684632,17.3560249],[78.9686188,17.355861],[78.9687932,17.3556972],[78.9689051,17.3556581],[78.9691284,17.3556191],[78.969453,17.3555525],[78.9696655,17.3555109],[78.9697219,17.3555161],[78.9697648,17.3555449],[78.9699183,17.3557676],[78.9699988,17.3558303],[78.9700672,17.3558636],[78.970263,17.3558943],[78.970491,17.3558329],[78.9710891,17.355477],[78.9715451,17.3552261],[78.9720333,17.3550751],[78.9724638,17.3549829],[78.9730391,17.3549676],[78.9735581,17.3549829],[78.973994,17.3550034],[78.9741522,17.3549855],[78.9742863,17.3548805],[78.9744325,17.3546091],[78.9745787,17.3543851],[78.9747369,17.354179],[78.9749461,17.3540203],[78.975952,17.35358],[78.9769042,17.3531704],[78.9781165,17.3528836],[78.9786234,17.3527863],[78.9790311,17.3527479],[78.9798251,17.3526942],[78.9806847,17.3526596],[78.9809382,17.3527441],[78.98113,17.3528772],[78.9812547,17.3529617],[78.9813928,17.3530078],[78.9815471,17.3529745],[78.981767,17.3528478],[78.9821586,17.3527428],[78.982695,17.3527006],[78.9838162,17.3528171],[78.9845672,17.3527198],[78.9851171,17.3525137],[78.9854564,17.3522372],[78.985671,17.3519697],[78.9858051,17.3518929],[78.9859338,17.3518506],[78.9860921,17.3517533],[78.9862141,17.3515882],[78.986367,17.3513091],[78.9867076,17.3509328],[78.9872092,17.3505488],[78.98803,17.3501468],[78.9886549,17.3498806],[78.989304,17.3495836],[78.9895816,17.3494709],[78.9901207,17.3492533],[78.9903393,17.3491906],[78.9906156,17.3491356],[78.9909375,17.3491253],[78.9913854,17.3491023],[78.9917234,17.3489231],[78.992174,17.3484712],[78.9925079,17.3481652],[78.9929853,17.3479259],[78.993381,17.3477479],[78.9937913,17.3474663],[78.9943626,17.3471719],[78.9949206,17.346857],[78.995335,17.3466304],[78.9956461,17.3465766],[78.9960591,17.3466227],[78.9965487,17.3466394],[78.9971977,17.3467008],[78.9980319,17.3470336],[78.9982237,17.3471143],[78.9984718,17.3471578],[78.9987092,17.347145],[78.9990512,17.347072],[78.9993891,17.3469978],[78.9999282,17.3470234],[79.0006082,17.347218],[79.0010011,17.3473473],[79.0012532,17.3475457],[79.00139,17.3476084],[79.0014879,17.3476276],[79.0016529,17.3475918],[79.0018138,17.3476161],[79.0019828,17.3476801],[79.0021075,17.3477428],[79.0022148,17.347858],[79.002365,17.3479886],[79.0026212,17.3481409],[79.0028518,17.3482933],[79.0029095,17.3484853],[79.0029886,17.3487438],[79.003104,17.3489538],[79.003289,17.349133],[79.0036029,17.3493173],[79.0038335,17.3494607],[79.0042037,17.3497628],[79.0044531,17.3499523],[79.0049198,17.350216],[79.005231,17.3504361],[79.0054214,17.3506896],[79.0055528,17.3509814],[79.0056252,17.3510813],[79.0059015,17.3513117],[79.0061778,17.3514679],[79.0062636,17.3515396],[79.0063199,17.3516573],[79.0063146,17.3518724],[79.0063065,17.3520311],[79.0063535,17.3522935],[79.0064514,17.3525022],[79.0065841,17.3528785],[79.006678,17.3530424],[79.0068725,17.353274],[79.0073848,17.3537592],[79.0076932,17.3540536],[79.0084416,17.3547346],[79.0087835,17.3550661],[79.0088895,17.3551493],[79.008982,17.3552133],[79.0090464,17.3552313],[79.0091376,17.3552056],[79.0092623,17.3551532],[79.009375,17.3551532],[79.0095426,17.3551544],[79.0097451,17.355198],[79.0099704,17.3553324],[79.0103218,17.355733],[79.0104224,17.3558918],[79.0105082,17.3560556],[79.0106195,17.3562476],[79.0109441,17.3567059],[79.0111988,17.3570092],[79.0118748,17.3579117],[79.0125065,17.3585222],[79.0127385,17.3587386],[79.012953,17.3588922],[79.0132762,17.3590266],[79.0135498,17.3590445],[79.0138824,17.3590445],[79.0140688,17.3590803],[79.0141989,17.3591622],[79.0143867,17.3594374],[79.0145409,17.3596051],[79.0147112,17.3597754],[79.0149553,17.3599072],[79.0152812,17.3601082],[79.0155897,17.3602362],[79.0159517,17.3602925],[79.0162414,17.3602797],[79.0164989,17.3601824],[79.016743,17.3601299],[79.0170032,17.3601632],[79.0174672,17.3602989],[79.0185106,17.3605818],[79.0194815,17.3608019],[79.0198441,17.3609102],[79.0202969,17.3610874],[79.0206711,17.3613165],[79.0207261,17.3614906],[79.0206993,17.361657],[79.0206537,17.3618093],[79.0207046,17.3619501],[79.0207918,17.3620474],[79.0208307,17.3621395],[79.0208615,17.3624019],[79.0209246,17.3626131],[79.021166,17.3631213],[79.0214986,17.3636282],[79.0217695,17.3639968],[79.0220591,17.3641658],[79.0223113,17.3642528],[79.0225741,17.3643015],[79.0233439,17.3642323],[79.0236363,17.3641427],[79.0239152,17.3640659],[79.0242103,17.3640531],[79.0246126,17.3640967],[79.0250525,17.3642912],[79.0253502,17.3644551],[79.0256399,17.3646854],[79.0258384,17.364816],[79.0260395,17.3648902],[79.0264526,17.3650451],[79.027563,17.3653946],[79.0282108,17.3655098],[79.0288424,17.3655994],[79.0292823,17.3656608],[79.0295666,17.3657581],[79.0297061,17.3658899],[79.0300052,17.366023],[79.0302801,17.3660921],[79.030555,17.3661101],[79.030783,17.3661062],[79.0309601,17.3660717],[79.0311505,17.3660473],[79.0314791,17.3660493],[79.0324017,17.3661446],[79.0326941,17.3662176],[79.0329596,17.3662905],[79.0332963,17.366375],[79.0336959,17.3664979],[79.034121,17.3666425],[79.0345556,17.3668],[79.0351523,17.3669779],[79.0356714,17.3671545],[79.0358571,17.3671539],[79.0359838,17.367102],[79.0361635,17.3669715],[79.036307,17.3669152],[79.0364854,17.3668896],[79.0366624,17.3668819],[79.0367637,17.3668633],[79.0368073,17.3668396],[79.0368213,17.3668083],[79.0368361,17.3667347],[79.0368944,17.3666969],[79.036991,17.3666323],[79.0370366,17.3665657],[79.0370862,17.3664813],[79.037223,17.3663661],[79.0374242,17.3662688],[79.037789,17.3661779],[79.0381336,17.3660717],[79.0384474,17.3660051],[79.0385909,17.3660064],[79.0387559,17.3660486],[79.0388672,17.3660973],[79.0390483,17.366087],[79.0392789,17.3659795],[79.0394694,17.3658656],[79.0396973,17.3657222],[79.0400326,17.3654995],[79.0401962,17.3653242],[79.0403612,17.3649696],[79.0404323,17.3647366],[79.0404028,17.3646291],[79.0402928,17.3645472],[79.0402365,17.3643757],[79.0402284,17.3640915],[79.0402365,17.3639175],[79.0402848,17.3638586],[79.0403786,17.3638227],[79.0404671,17.3638074],[79.0405422,17.363769],[79.0405892,17.363664],[79.0406033,17.3635507],[79.040679,17.3631635],[79.0408158,17.3624301],[79.0408547,17.3620717],[79.0408802,17.3616685],[79.0409473,17.3613626],[79.0409955,17.3611859],[79.0411068,17.3610541],[79.041363,17.3609261],[79.0415642,17.3608557],[79.0417492,17.3608019],[79.0419611,17.3606663],[79.0421945,17.3605869],[79.0424252,17.3605843],[79.042688,17.3606023],[79.0431869,17.3607559],[79.0435088,17.3609197],[79.0439466,17.3612365],[79.044068,17.3613178],[79.0442276,17.3613843],[79.0452482,17.3616224],[79.0469742,17.3621127],[79.0480578,17.3624506],[79.0488464,17.36264],[79.0490663,17.3626682],[79.0492366,17.3626963],[79.0495706,17.3629011],[79.0500748,17.3631034],[79.0505308,17.3632557],[79.0507239,17.3633671],[79.0509184,17.3634336],[79.0513623,17.3635744],[79.0515809,17.3636896],[79.0518062,17.3638547],[79.0521508,17.3639264],[79.052517,17.3639034],[79.0531781,17.3638483],[79.0540659,17.3637255],[79.0545058,17.3635923],[79.0547553,17.3634439],[79.0549886,17.3632775],[79.0551361,17.3630906],[79.0551442,17.3628218],[79.0550584,17.3625888],[79.0549886,17.3623738],[79.055002,17.3622202],[79.0550731,17.3620627],[79.0552273,17.3618746],[79.055399,17.3615571],[79.0556163,17.3612679],[79.0557235,17.3609427],[79.0558898,17.3606176],[79.0562171,17.3602234],[79.0570861,17.3596602],[79.0581741,17.3591691],[79.058902,17.3587232],[79.0593848,17.3584441],[79.0598354,17.3583673],[79.0607044,17.3583469],[79.0615949,17.3584365],[79.0621635,17.3583648],[79.0626141,17.3580781],[79.0629548,17.3575328],[79.063561,17.3569414],[79.064312,17.3564908],[79.0646392,17.3562092],[79.0650389,17.3557919],[79.0654063,17.3555717],[79.0661949,17.3552876],[79.0671712,17.3550316],[79.0678847,17.3547013],[79.0683621,17.3542994],[79.0691587,17.3537131],[79.0694994,17.3535928],[79.0702987,17.3535723],[79.0709826,17.35358],[79.0716881,17.3536235],[79.0723801,17.3536184],[79.0731606,17.35358],[79.0747619,17.3533982],[79.0762156,17.3532344],[79.0770954,17.3532753],[79.0779,17.3534904],[79.0793592,17.3541355],[79.080255,17.3543992],[79.0812474,17.3543762],[79.0821701,17.354197],[79.0826583,17.3542021],[79.0832323,17.3544376],[79.0857241,17.3556281],[79.0859172,17.3557586],[79.0866655,17.3566188],[79.0870786,17.3571001],[79.0874809,17.3574841],[79.0880334,17.3578733],[79.0887174,17.358224],[79.0890124,17.3584262],[79.0891908,17.3584941],[79.0894322,17.3585504],[79.0897018,17.3586413],[79.0898319,17.3586349],[79.0899552,17.3585747],[79.0900558,17.3585376],[79.0901323,17.3585542],[79.0901913,17.3586464],[79.090324,17.3587258],[79.0904608,17.3588358],[79.0905748,17.3589101],[79.0908109,17.3590074],[79.0911663,17.3591635],[79.0925986,17.3598752],[79.0932249,17.3603399],[79.0934609,17.3604589],[79.0936996,17.3605191],[79.0941006,17.3605408],[79.0945512,17.3604051],[79.0948704,17.3603437],[79.09527,17.3603719],[79.0958534,17.3603207],[79.0961109,17.3603322],[79.0962651,17.3603667],[79.0967225,17.3605722],[79.0968559,17.3606151],[79.0970001,17.360624],[79.097342,17.3605715],[79.097845,17.3605139],[79.0987274,17.3603591],[79.0991405,17.3603923],[79.0994462,17.3605562],[79.0998673,17.3609095],[79.1002053,17.3614855],[79.1004628,17.3617415],[79.1008356,17.3620179],[79.1015142,17.3623277],[79.1020614,17.3625607],[79.1024047,17.3627015],[79.1026984,17.3627783],[79.1030686,17.3628627],[79.1033408,17.3629267],[79.1036224,17.3629421],[79.1038987,17.3628896],[79.1041857,17.3628026],[79.1046001,17.3625709],[79.1051164,17.3624403],[79.1056529,17.3623239],[79.1058889,17.3622842],[79.1061008,17.3622048],[79.106243,17.3620487],[79.1064066,17.3618618],[79.1066131,17.3617338],[79.1068545,17.3616723],[79.1070878,17.361721],[79.1073158,17.3617184],[79.1075519,17.3616211],[79.1077638,17.3614855],[79.1079274,17.3614394],[79.1081205,17.3614547],[79.1083056,17.3614138],[79.1085657,17.3613088],[79.1089144,17.3612243],[79.1092698,17.3611872],[79.1096185,17.3612051],[79.1099256,17.3611757],[79.1102207,17.3611168],[79.1109636,17.3608429],[79.1118783,17.3606535],[79.1124925,17.3605459],[79.1127527,17.3604896],[79.1130719,17.3603872],[79.1133428,17.3602183],[79.113501,17.3599751],[79.1135627,17.3597805],[79.1136163,17.3596755],[79.113721,17.3596038],[79.1139007,17.3595706],[79.1142949,17.3595475],[79.1147616,17.3594579],[79.1156977,17.3593299],[79.1162664,17.3593043],[79.1166177,17.3593018],[79.1169342,17.3592429],[79.1172212,17.3590867],[79.1176209,17.3587539],[79.1178676,17.3584902],[79.1182217,17.3579987],[79.118337,17.3577721],[79.118455,17.3574457],[79.1187072,17.3571667],[79.1193187,17.3567417],[79.1197841,17.3564985],[79.1200161,17.3562604],[79.1201864,17.3560236],[79.1203756,17.3558124],[79.1207993,17.3555129],[79.1212124,17.3552569],[79.1215289,17.3549932],[79.1218132,17.3547781],[79.1219888,17.3546335],[79.1221243,17.3544965],[79.1222611,17.3543634],[79.1224408,17.3541048],[79.1226125,17.3539461],[79.1228056,17.3537259],[79.122996,17.3534622],[79.123224,17.3532139],[79.1236719,17.3527454],[79.1240662,17.352241],[79.1245168,17.3514628],[79.1249675,17.3507152],[79.1252679,17.35044],[79.1254945,17.3502825],[79.1258123,17.3501161],[79.1261235,17.3500188],[79.12633,17.3499011],[79.1264601,17.3497103],[79.1265982,17.3493967],[79.1266868,17.3490677],[79.1268396,17.3487963],[79.1270488,17.3484033],[79.1272071,17.3482574],[79.1273975,17.3481294],[79.127537,17.3480884],[79.1276711,17.3481294],[79.1278079,17.3482164],[79.1279688,17.3482907],[79.1281593,17.3482984],[79.1284543,17.3482677],[79.1286877,17.3483009],[79.1290203,17.3484187],[79.1291758,17.3485198],[79.1292804,17.3485582],[79.1297847,17.3486517],[79.1303292,17.3486466],[79.1309059,17.3484699],[79.1313484,17.3481934],[79.1315442,17.3479912],[79.1316716,17.3477991],[79.1317373,17.3476302],[79.1318621,17.3475111],[79.1321048,17.3474049],[79.1323543,17.3473562],[79.1324964,17.3472973],[79.1326654,17.347177],[79.1330516,17.3467085],[79.1334861,17.3462528],[79.1336296,17.3461376],[79.1337477,17.3460832],[79.1338576,17.3460697],[79.1339495,17.3460569],[79.1340266,17.3460255],[79.134087,17.3459545],[79.1341353,17.345861],[79.1341607,17.3457394],[79.1341218,17.3455948],[79.1341138,17.3453336],[79.1341943,17.345029],[79.1342318,17.3448574],[79.1342828,17.3445502],[79.1342774,17.3442097],[79.1343445,17.343923],[79.1345108,17.3437053],[79.1348138,17.3434979],[79.1352805,17.3433008],[79.1355836,17.3431958],[79.1357553,17.3430729],[79.1359404,17.3428272],[79.1361576,17.3427145],[79.1364044,17.3426787],[79.1366753,17.3425942],[79.1368255,17.3424994],[79.1369784,17.3422741],[79.1371568,17.342086],[79.1375926,17.3418466],[79.1379628,17.3417186],[79.1383302,17.341652],[79.1386574,17.3416878],[79.1389579,17.3418235],[79.1392341,17.341972],[79.1395667,17.3421359],[79.1397196,17.3422601],[79.1398618,17.3423637],[79.1401514,17.3425506],[79.1403928,17.3426595],[79.1407006,17.3427311],[79.1410976,17.3427375],[79.1413758,17.3427209],[79.1415764,17.3427215],[79.1417165,17.3427068],[79.1419096,17.3426492],[79.1420813,17.3425916],[79.1422865,17.342525],[79.1424749,17.3424662],[79.1427062,17.3424201],[79.1429678,17.3423433],[79.1432762,17.3422972],[79.1435511,17.3422281],[79.1438059,17.3421845],[79.144042,17.34215],[79.144274,17.342132],[79.1445865,17.3420949],[79.1448976,17.3420975],[79.1453885,17.3421218],[79.1460603,17.3420744],[79.1477796,17.3418978],[79.1485414,17.3418005],[79.1491851,17.3415957],[79.1493514,17.3414881],[79.1496679,17.3414574],[79.1500863,17.3414344],[79.1505048,17.341442],[79.1509473,17.3413883],[79.1514382,17.3413345],[79.1518834,17.3413064],[79.1525969,17.3412372],[79.1539997,17.3412756],[79.1543993,17.3413704],[79.154638,17.3414472],[79.1547319,17.3414561],[79.1548258,17.3414369],[79.1551369,17.3412705],[79.1553354,17.3412065],[79.1557538,17.3411118],[79.1562206,17.3410068],[79.1564754,17.3408865],[79.1566631,17.3408378],[79.1569233,17.3408225],[79.1571513,17.3408609],[79.1573954,17.3409684],[79.1574946,17.3410094],[79.1576958,17.3410247],[79.1580954,17.3409197],[79.1584682,17.3407277],[79.158707,17.3405946],[79.1589725,17.3404768],[79.1593641,17.3403539],[79.1596565,17.3402489],[79.1597892,17.340231],[79.1599287,17.3402553],[79.1601527,17.3403181],[79.1604343,17.3403936],[79.1607267,17.3405536],[79.1610291,17.340736],[79.1612886,17.340857],[79.1615514,17.340953],[79.1621402,17.34109],[79.1630709,17.3414344],[79.1637602,17.3417518],[79.1645408,17.3421692],[79.165324,17.3425481],[79.1661045,17.3428272],[79.1670111,17.3431267],[79.1674322,17.3433264],[79.1680732,17.3436464],[79.1689905,17.3446347],[79.1692185,17.3451672],[79.1692802,17.3453336],[79.1693258,17.345541],[79.1693848,17.3457458],[79.1694546,17.3458406],[79.1695967,17.3459583],[79.1697872,17.3460966],[79.1704255,17.3464397],[79.1709325,17.3468698],[79.1715467,17.3472564],[79.172008,17.3476916],[79.1724828,17.3481064],[79.1731346,17.3486542],[79.1733679,17.3487387],[79.1737059,17.3488079],[79.1742691,17.3488463],[79.1745186,17.3488795],[79.1748056,17.3489845],[79.175106,17.3491356],[79.1753447,17.3493071],[79.1755083,17.349453],[79.1757068,17.3495477],[79.1759187,17.3495759],[79.1761748,17.3496425],[79.1765785,17.349654],[79.1766724,17.3496886],[79.1767488,17.3497628],[79.1768105,17.3500022],[79.1768105,17.3502595],[79.176769,17.3503952],[79.1766791,17.3505142],[79.1765195,17.3506537],[79.176482,17.3507613],[79.1765141,17.3508445],[79.1766094,17.35092],[79.1767368,17.3509328],[79.1769299,17.351016],[79.1771404,17.3512055],[79.1773067,17.3513757],[79.1774556,17.3515664],[79.1777077,17.3517316],[79.1783649,17.3519313],[79.1791239,17.3519978],[79.1796792,17.3520721],[79.1801137,17.3521233],[79.1804945,17.3520721],[79.1811356,17.3520618],[79.1819268,17.3520465],[79.1824901,17.3520721],[79.1826805,17.3521181],[79.1829166,17.3522615],[79.1831124,17.3523102],[79.1833082,17.3523665],[79.1836005,17.3523793],[79.1840377,17.3523255],[79.1846788,17.3522308],[79.1850463,17.3521335],[79.1854969,17.3520977],[79.1858402,17.3521463],[79.1861379,17.3522385],[79.1864437,17.3523742],[79.1866207,17.3524407],[79.1868111,17.352433],[79.1870311,17.3522564],[79.1872564,17.3520541],[79.1875166,17.3519594],[79.1880289,17.3518801],[79.1883253,17.3518621],[79.1885841,17.3519274],[79.1886847,17.3520055],[79.1888282,17.3520234],[79.1890575,17.3520004],[79.18926,17.3520452],[79.1894048,17.3521399],[79.1895336,17.3521783],[79.1896945,17.3521745],[79.1897884,17.3521335],[79.1898635,17.3521284],[79.1899292,17.3521706],[79.1900285,17.352259],[79.1901706,17.3523396],[79.1902632,17.3523806],[79.1903155,17.3524714],[79.190408,17.3525828],[79.1905005,17.3526609],[79.190632,17.3527223],[79.1909578,17.3527671],[79.191096,17.3528222],[79.1912502,17.3530936],[79.1913494,17.353196],[79.1915184,17.3532574],[79.1918564,17.3533598],[79.1922104,17.3534597],[79.1926798,17.3537003],[79.1935354,17.3541099],[79.1940317,17.3543327],[79.1941202,17.3544351],[79.1941765,17.3545963],[79.1942435,17.354796],[79.1943267,17.3549189],[79.194839,17.3554617],[79.1950724,17.3557663],[79.1952279,17.3559865],[79.195295,17.3563577],[79.1954076,17.3567366],[79.1955417,17.3570694],[79.1958207,17.3576633],[79.196223,17.358311],[79.1964859,17.3584966],[79.1968641,17.3587066],[79.1972141,17.3588947],[79.1977465,17.3591648],[79.1983326,17.3594835],[79.1989991,17.3597574],[79.1994685,17.3599571],[79.1999513,17.3601568],[79.2004341,17.3604333],[79.2008015,17.3607226],[79.201448,17.3611655],[79.2021346,17.3615239],[79.2028937,17.3618976],[79.2044413,17.3624762],[79.205482,17.3629114],[79.206689,17.3634285],[79.208191,17.3642067],[79.2105675,17.3653485],[79.2116312,17.3657728],[79.2154974,17.3674886],[79.2166653,17.3679602],[79.2175305,17.3683282],[79.2183325,17.3686585],[79.2189977,17.3689861],[79.2202288,17.3695928],[79.2210321,17.3701419],[79.2213527,17.3704248],[79.2217657,17.3707781],[79.2222807,17.3710929],[79.2231309,17.3715],[79.2235601,17.3717047],[79.2238981,17.3718916],[79.2241368,17.3720734],[79.2243192,17.3721809],[79.2250407,17.3724241],[79.2259982,17.3727876],[79.2264596,17.3728976],[79.2271167,17.3729693],[79.2277229,17.3729514],[79.2283881,17.372785],[79.2293161,17.3725393],[79.2302026,17.3723434],[79.2311776,17.3721911],[79.2314391,17.3721002],[79.2316416,17.3719518],[79.2318615,17.3716945],[79.2319567,17.3715473],[79.2320466,17.3713361],[79.232123,17.3710213],[79.2321935,17.3706917],[79.2322947,17.3705208],[79.2324194,17.3703698],[79.2326206,17.3700408],[79.2327976,17.3695903],[79.2329371,17.3690885],[79.2331597,17.368574],[79.2334789,17.3680223],[79.234077,17.367358],[79.2343882,17.3670227],[79.2346135,17.3666848],[79.2347744,17.3661933],[79.2350051,17.3656147],[79.2352653,17.365008],[79.2354879,17.3638791],[79.235791,17.3632698],[79.2362362,17.3627834],[79.2366546,17.3622355],[79.236955,17.3615597],[79.2372099,17.3610221],[79.2373493,17.3606586],[79.2375398,17.3603821],[79.2379099,17.359993],[79.2384598,17.3596166],[79.2389184,17.3593965],[79.2394149,17.3592219],[79.23953,17.3591814],[79.2401415,17.3590893],[79.2404929,17.358969],[79.2408335,17.3586899],[79.2412063,17.3583443],[79.2415684,17.3581011],[79.241901,17.3577043],[79.242117,17.3571936],[79.2423235,17.3569196],[79.2426427,17.3567609],[79.2434379,17.3563193],[79.2442667,17.356053],[79.2446181,17.35603],[79.2449588,17.3560454],[79.2452592,17.3562553],[79.2455488,17.3564627],[79.2459002,17.3565907],[79.2462704,17.3566777],[79.2465654,17.3566444],[79.2467371,17.356519],[79.2468712,17.3563782],[79.2470857,17.3561964],[79.2473727,17.3560044],[79.2476463,17.3558918],[79.247885,17.3558994],[79.2481425,17.3560018],[79.2484617,17.3562604],[79.2487514,17.3564499],[79.2490116,17.35667],[79.2492677,17.3569388],[79.2498954,17.3573536],[79.2504117,17.3575456],[79.2508435,17.3576352],[79.2512351,17.3576531],[79.2520532,17.35763],[79.2524689,17.3574048],[79.2526004,17.3572793],[79.2526138,17.3571436],[79.2526728,17.3570694],[79.2528015,17.3569952],[79.2529383,17.3569439],[79.2530483,17.3569286],[79.2531422,17.3569798],[79.2533125,17.3570297],[79.253511,17.3570579],[79.2537108,17.3571129],[79.2539629,17.3571513],[79.2543988,17.3572691],[79.2548186,17.3573267],[79.2552008,17.3573945],[79.2553751,17.3575276],[79.2555535,17.35784],[79.2557198,17.3582521],[79.2559934,17.3587181],[79.2562401,17.3591635],[79.256452,17.3594886],[79.2567283,17.3597754],[79.2571411,17.3599959],[79.2578065,17.3601927],[79.2584342,17.3603104],[79.2590538,17.3603539],[79.2596197,17.3604231],[79.2600274,17.3604231],[79.2604727,17.3603104],[79.2609286,17.3601517],[79.2614168,17.3600903],[79.2622161,17.3600442],[79.2634553,17.3600263],[79.2646462,17.3600903]]}},
{"type":"Feature","properties":{"full_id":"w184706437","osm_id":"184706437","osm_type":"way","waterway":"drain","bridge":null,"usage":null,"width":null,"ship":null,"intermittent":null,"tunnel":null,"name:ml":null,"designation":null,"layer":null,"boat":null,"name:ur":null,"name:te":null,"name:fa":null,"name":null},"geometry":{"type":"LineString","coordinates":[[78.5503766,17.3802302],[78.5500039,17.3801341],[78.5498589,17.3801696],[78.5498268,17.3801417],[78.549757,17.3800954],[78.5497142,17.380088],[78.5497007,17.3801057],[78.5496793,17.3801341],[78.5496631,17.3801722],[78.5496176,17.3801673],[78.5495854,17.3801699],[78.5495934,17.3802106],[78.5495157,17.3801981],[78.549478,17.3802285],[78.5494352,17.3801955],[78.5494271,17.3801671],[78.5493734,17.3801876],[78.549309,17.3801671],[78.5492592,17.3801208],[78.5493278,17.3799725],[78.5493478,17.3798834],[78.5493628,17.3798167],[78.5493333,17.379745],[78.5493038,17.3797194],[78.5493038,17.3796324]]}},
{"type":"Feature","properties":{"full_id":"w209298781","osm_id":"209298781","osm_type":"way","waterway":"drain","bridge":null,"usage":null,"width":null,"ship":null,"intermittent":null,"tunnel":"yes","name:ml":null,"designation":null,"layer":"-1","boat":null,"name:ur":null,"name:te":null,"name:fa":null,"name":null},"geometry":{"type":"LineString","coordinates":[[78.4602389,17.4127323],[78.4605947,17.4128958]]}},
{"type":"Feature","properties":{"full_id":"w209298783","osm_id":"209298783","osm_type":"way","waterway":"drain","bridge":null,"usage":null,"width":null,"ship":null,"intermittent":null,"tunnel":null,"name:ml":null,"designation":null,"layer":"-1","boat":null,"name:ur":null,"name:te":null,"name:fa":null,"name":null},"geometry":{"type":"LineString","coordinates":[[78.4605947,17.4128958],[78.4606572,17.4129563],[78.46067,17.4130354],[78.4606888,17.4131521],[78.4606754,17.4132519],[78.4605923,17.4136844],[78.4605844,17.4142786],[78.4606509,17.41473],[78.4607075,17.4151328],[78.4609113,17.4156703],[78.4610481,17.4161269],[78.4611412,17.4161022],[78.4613995,17.4160337],[78.4618166,17.4160004],[78.4623857,17.4159056],[78.4625478,17.4158807],[78.4642562,17.4155398],[78.4651896,17.4154732],[78.4658747,17.4156526]]}},
{"type":"Feature","properties":{"full_id":"w209298790","osm_id":"209298790","osm_type":"way","waterway":"drain","bridge":null,"usage":null,"width":null,"ship":null,"intermittent":null,"tunnel":"yes","name:ml":null,"designation":null,"layer":"-1","boat":null,"name:ur":null,"name:te":null,"name:fa":null,"name":null},"geometry":{"type":"LineString","coordinates":[[78.4364611,17.3996675],[78.4368205,17.4010497],[78.4370351,17.401884],[78.4372657,17.4023038],[78.4373516,17.4031177],[78.4374654,17.4033854],[78.4375018,17.4034709],[78.4380691,17.403851],[78.4382476,17.4039301],[78.4382813,17.403873],[78.4384781,17.4037883],[78.4386143,17.4037355],[78.4389877,17.4037012],[78.4390319,17.4036653],[78.4393673,17.4037012],[78.4396596,17.4037549],[78.4398339,17.4037421],[78.4402711,17.4038496],[78.4405595,17.4040544],[78.4413266,17.4043411],[78.4425229,17.4045766],[78.4431129,17.4047864],[78.4432692,17.4049182],[78.4440034,17.4054212],[78.4441025,17.4054411],[78.4448242,17.4053546],[78.4454748,17.4054699],[78.4454885,17.4054723],[78.4467921,17.4056106],[78.4480527,17.4057283],[78.4485698,17.4058382],[78.45022,17.4068954],[78.4510461,17.4071615],[78.4513159,17.4073929],[78.4514699,17.407525],[78.4519466,17.4080076],[78.4523496,17.4084156],[78.4531007,17.4086306],[78.4534654,17.4088046],[78.4537123,17.408766],[78.4539482,17.4087944],[78.4548082,17.4092809],[78.455875,17.4100365],[78.4569757,17.4104562],[78.4573859,17.4102537],[78.457508,17.4101284],[78.4577033,17.4102379],[78.4579239,17.4108899],[78.4582049,17.4114808],[78.4584222,17.4117735],[78.4586698,17.4119959],[78.4602389,17.4127323]]}},
{"type":"Feature","properties":{"full_id":"w211851775","osm_id":"211851775","osm_type":"way","waterway":"river","bridge":null,"usage":null,"width":null,"ship":null,"intermittent":null,"tunnel":null,"name:ml":null,"designation":null,"layer":"-1","boat":null,"name:ur":null,"name:te":null,"name:fa":null,"name":null},"geometry":{"type":"LineString","coordinates":[[78.4954834,17.3771124],[78.4955265,17.3773078],[78.4957109,17.3776083],[78.496162,17.3782825],[78.4963776,17.378713],[78.4960655,17.3789566],[78.4957421,17.3791489],[78.4956173,17.3793682],[78.4955634,17.379712],[78.4954852,17.3803569],[78.495512,17.3804721],[78.4955952,17.3806129],[78.4956434,17.3807306],[78.4956729,17.3808637],[78.495681,17.3810583]]}},
{"type":"Feature","properties":{"full_id":"w211851776","osm_id":"211851776","osm_type":"way","waterway":"river","bridge":null,"usage":null,"width":null,"ship":null,"intermittent":null,"tunnel":"yes","name:ml":null,"designation":null,"layer":"-1","boat":null,"name:ur":null,"name:te":null,"name:fa":null,"name":null},"geometry":{"type":"LineString","coordinates":[[78.4954125,17.3767916],[78.4954451,17.3769392],[78.4954834,17.3771124]]}},
{"type":"Feature","properties":{"full_id":"w213819216","osm_id":"213819216","osm_type":"way","waterway":"drain","bridge":null,"usage":null,"width":null,"ship":null,"intermittent":"no","tunnel":null,"name:ml":null,"designation":null,"layer":null,"boat":null,"name:ur":null,"name:te":null,"name:fa":null,"name":null},"geometry":{"type":"LineString","coordinates":[[78.5133809,17.417816],[78.5135109,17.4182102],[78.5135656,17.4184033],[78.5135986,17.4185007],[78.5136381,17.4185619],[78.5136825,17.4186409],[78.5137158,17.4186549],[78.5137701,17.418691],[78.5137745,17.4187281],[78.5137978,17.4187826],[78.5138282,17.418796],[78.5139262,17.4187637],[78.5139509,17.41876],[78.5139625,17.4187645],[78.5140716,17.419058],[78.5143446,17.4199338],[78.5143474,17.4199404]]}},
{"type":"Feature","properties":{"full_id":"w237977943","osm_id":"237977943","osm_type":"way","waterway":"drain","bridge":null,"usage":null,"width":null,"ship":null,"intermittent":null,"tunnel":"yes","name:ml":null,"designation":null,"layer":"-1","boat":null,"name:ur":null,"name:te":null,"name:fa":null,"name":null},"geometry":{"type":"LineString","coordinates":[[78.4405346,17.4234115],[78.441675,17.4231184],[78.4418237,17.4229079],[78.4420156,17.422853],[78.4421787,17.4227477],[78.4435075,17.4227065],[78.4442616,17.4228436],[78.4447093,17.4229633],[78.4450418,17.4230507],[78.4455811,17.4234358],[78.4460798,17.4234941],[78.4461971,17.4235773],[78.4463375,17.4235103],[78.4467582,17.423274],[78.44723,17.4234919]]}},
{"type":"Feature","properties":{"full_id":"w237977944","osm_id":"237977944","osm_type":"way","waterway":"stream","bridge":null,"usage":null,"width":null,"ship":null,"intermittent":null,"tunnel":"culvert","name:ml":null,"designation":null,"layer":"-1","boat":null,"name:ur":null,"name:te":null,"name:fa":null,"name":null},"geometry":{"type":"LineString","coordinates":[[78.4261728,17.4157664],[78.4285807,17.415288],[78.4294581,17.4151054],[78.4304543,17.4149544],[78.4330074,17.4145641],[78.4334456,17.4145316],[78.4339279,17.4144333],[78.4343763,17.414361],[78.4347972,17.4142286],[78.4357925,17.4140634],[78.4358106,17.4141306],[78.4367414,17.4139787],[78.4376386,17.4136104],[78.4379137,17.4135997],[78.4380909,17.4135793],[78.4381191,17.4135774],[78.4383257,17.4135632],[78.4385094,17.4135506],[78.4387745,17.4134981],[78.440498,17.4131567],[78.4407386,17.4131064],[78.441399,17.4129492],[78.4421842,17.4127623],[78.4425766,17.4127103],[78.4431934,17.4125088],[78.4444436,17.4122413],[78.4461151,17.4116698],[78.4463404,17.4116228]]}},
{"type":"Feature","properties":{"full_id":"w238168690","osm_id":"238168690","osm_type":"way","waterway":"drain","bridge":null,"usage":null,"width":null,"ship":null,"intermittent":null,"tunnel":"yes","name:ml":null,"designation":null,"layer":"-1","boat":null,"name:ur":null,"name:te":null,"name:fa":null,"name":null},"geometry":{"type":"LineString","coordinates":[[78.4484774,17.423124],[78.4486258,17.4232134]]}},
{"type":"Feature","properties":{"full_id":"w238168691","osm_id":"238168691","osm_type":"way","waterway":"drain","bridge":null,"usage":null,"width":null,"ship":null,"intermittent":null,"tunnel":null,"name:ml":null,"designation":null,"layer":null,"boat":null,"name:ur":null,"name:te":null,"name:fa":null,"name":null},"geometry":{"type":"LineString","coordinates":[[78.44723,17.4234919],[78.4477366,17.4234995],[78.4482156,17.4230781],[78.4484774,17.423124]]}},
{"type":"Feature","properties":{"full_id":"w238222322","osm_id":"238222322","osm_type":"way","waterway":"weir","bridge":null,"usage":null,"width":null,"ship":null,"intermittent":null,"tunnel":null,"name:ml":null,"designation":null,"layer":null,"boat":null,"name:ur":null,"name:te":null,"name:fa":null,"name":null},"geometry":{"type":"LineString","coordinates":[[78.379282,17.3279455],[78.3793026,17.3282758],[78.3793245,17.3286268]]}},
{"type":"Feature","properties":{"full_id":"w238222326","osm_id":"238222326","osm_type":"way","waterway":"drain","bridge":null,"usage":null,"width":null,"ship":null,"intermittent":null,"tunnel":null,"name:ml":null,"designation":null,"layer":null,"boat":null,"name:ur":null,"name:te":null,"name:fa":null,"name":null},"geometry":{"type":"LineString","coordinates":[[78.4446619,17.3497849],[78.4461469,17.3499806],[78.446691,17.3500276],[78.4468748,17.3501418],[78.4471707,17.3502436],[78.4475721,17.3504523],[78.4479006,17.3509029],[78.4479071,17.3510909],[78.4479996,17.3513058],[78.4480094,17.3515186],[78.4479256,17.3517087],[78.4479572,17.3517626],[78.4483967,17.3518976],[78.4488133,17.3524074],[78.4492582,17.3529785],[78.4492267,17.35321],[78.4491092,17.3534509],[78.4488633,17.3538745],[78.4488992,17.3546595],[78.4488775,17.3548547],[78.448413,17.3550727],[78.4483803,17.3551392],[78.4485246,17.3554868]]}},
{"type":"Feature","properties":{"full_id":"w238222328","osm_id":"238222328","osm_type":"way","waterway":"drain","bridge":null,"usage":null,"width":null,"ship":null,"intermittent":null,"tunnel":null,"name:ml":null,"designation":null,"layer":null,"boat":null,"name:ur":null,"name:te":null,"name:fa":null,"name":null},"geometry":{"type":"LineString","coordinates":[[78.4642902,17.3716712],[78.4643722,17.3713439],[78.4644089,17.3708669],[78.4643327,17.3706431],[78.4639868,17.3703353],[78.4638519,17.3698709],[78.463934,17.3695856],[78.4641262,17.3693151]]}},
{"type":"Feature","properties":{"full_id":"w238231556","osm_id":"238231556","osm_type":"way","waterway":"drain","bridge":null,"usage":null,"width":null,"ship":null,"intermittent":null,"tunnel":"yes","name:ml":null,"designation":null,"layer":"-1","boat":null,"name:ur":null,"name:te":null,"name:fa":null,"name":null},"geometry":{"type":"LineString","coordinates":[[78.4809917,17.3786502],[78.4815494,17.378356],[78.4823263,17.3779387],[78.4825731,17.3779436]]}},
{"type":"Feature","properties":{"full_id":"w238233522","osm_id":"238233522","osm_type":"way","waterway":"canal","bridge":null,"usage":null,"width":null,"ship":null,"intermittent":null,"tunnel":null,"name:ml":null,"designation":null,"layer":null,"boat":null,"name:ur":null,"name:te":null,"name:fa":null,"name":null},"geometry":{"type":"LineString","coordinates":[[78.4957547,17.3810839],[78.4956709,17.3813187],[78.4955888,17.3815169],[78.495567,17.3818472],[78.4956348,17.3819512],[78.4962955,17.382092],[78.4965278,17.3823322],[78.4971353,17.3828681],[78.4973628,17.3832515],[78.4980791,17.3840298],[78.4983236,17.3844779],[78.4990327,17.3848913],[78.4995022,17.3854156],[78.4997902,17.3855865],[78.500388,17.3858174],[78.5005792,17.3859953],[78.5015215,17.3865289],[78.5033793,17.3868775],[78.5040763,17.386933],[78.5052428,17.3873302],[78.5056016,17.387367]]}},
{"type":"Feature","properties":{"full_id":"w238299276","osm_id":"238299276","osm_type":"way","waterway":"drain","bridge":null,"usage":null,"width":null,"ship":null,"intermittent":null,"tunnel":null,"name:ml":null,"designation":null,"layer":null,"boat":null,"name:ur":null,"name:te":null,"name:fa":null,"name":null},"geometry":{"type":"LineString","coordinates":[[78.4635635,17.4325508],[78.4625241,17.4308929]]}},
{"type":"Feature","properties":{"full_id":"w238299277","osm_id":"238299277","osm_type":"way","waterway":"drain","bridge":null,"usage":null,"width":null,"ship":null,"intermittent":null,"tunnel":"yes","name:ml":null,"designation":null,"layer":null,"boat":null,"name:ur":null,"name:te":null,"name:fa":null,"name":null},"geometry":{"type":"LineString","coordinates":[[78.4610625,17.4319879],[78.461593,17.4317245],[78.4622588,17.4312648],[78.4622534,17.4309859],[78.4625241,17.4308929]]}},
{"type":"Feature","properties":{"full_id":"w243538548","osm_id":"243538548","osm_type":"way","waterway":"drain","bridge":null,"usage":null,"width":null,"ship":null,"intermittent":null,"tunnel":null,"name:ml":null,"designation":null,"layer":null,"boat":null,"name:ur":null,"name:te":null,"name:fa":null,"name":null},"geometry":{"type":"LineString","coordinates":[[78.5735393,17.5796722],[78.5734612,17.5795697],[78.573295,17.5794626],[78.5731582,17.5793694],[78.5729912,17.5793208],[78.5726733,17.5793572],[78.5722206,17.5794735],[78.5718697,17.5795317],[78.5715365,17.5795487],[78.5711754,17.5795051],[78.5707202,17.5793814],[78.5699878,17.5791317],[78.5696851,17.5791196],[78.5694768,17.5791469],[78.5693924,17.5791505],[78.5693309,17.5791236],[78.5692768,17.5790873],[78.5692429,17.5790335]]}},
{"type":"Feature","properties":{"full_id":"w243538549","osm_id":"243538549","osm_type":"way","waterway":"drain","bridge":null,"usage":null,"width":null,"ship":null,"intermittent":null,"tunnel":null,"name:ml":null,"designation":null,"layer":null,"boat":null,"name:ur":null,"name:te":null,"name:fa":null,"name":null},"geometry":{"type":"LineString","coordinates":[[78.5677211,17.5772953],[78.5674777,17.5772916],[78.5672488,17.5773231],[78.5669869,17.577248],[78.5667338,17.5771233],[78.5665953,17.5769828],[78.5665378,17.5767616],[78.5664407,17.576585],[78.5662896,17.5765336],[78.5661116,17.5765833],[78.5659623,17.5766005],[78.5658778,17.5766005],[78.5658203,17.5765765],[78.5657663,17.576489]]}},
{"type":"Feature","properties":{"full_id":"w252608593","osm_id":"252608593","osm_type":"way","waterway":"stream","bridge":null,"usage":null,"width":null,"ship":null,"intermittent":null,"tunnel":null,"name:ml":null,"designation":null,"layer":null,"boat":null,"name:ur":null,"name:te":null,"name:fa":null,"name":null},"geometry":{"type":"LineString","coordinates":[[78.5806962,17.4013872],[78.5806554,17.4009408],[78.5804809,17.4005354],[78.5803606,17.4004104],[78.580311,17.4003159],[78.5802402,17.4001436],[78.5801447,17.4000592],[78.5801057,17.3998768],[78.5799571,17.3998464],[78.5795713,17.3998025],[78.5794899,17.399735],[78.579359,17.399708],[78.5790723,17.3995087],[78.5789343,17.3992183],[78.5788493,17.3991474],[78.5788246,17.3990866],[78.5788281,17.3989852],[78.5788989,17.3988941],[78.5789095,17.39884],[78.5788387,17.3987995],[78.5787892,17.3987522],[78.5788033,17.398661],[78.5788493,17.3986002],[78.5788776,17.3984651],[78.5789378,17.3982828],[78.5790051,17.3981409],[78.5790723,17.3980903],[78.5790829,17.3979552],[78.5790369,17.3978775],[78.5789449,17.3978032],[78.5788989,17.3977357],[78.5788918,17.3976411],[78.5788741,17.3974081],[78.5788246,17.3972628],[78.5787361,17.3970838],[78.5787007,17.3968947],[78.5786547,17.3968508],[78.5785273,17.3968407],[78.5784742,17.3967596],[78.5785025,17.3966448],[78.5784954,17.3965502],[78.5784105,17.3965029],[78.5783468,17.3963915],[78.5782264,17.3962564],[78.5781238,17.3961551],[78.5779575,17.3959896],[78.5779114,17.3958579],[78.5778017,17.3957869],[78.5776885,17.3956451],[78.5776425,17.3952466],[78.5776531,17.3950541],[78.5777062,17.3949055],[78.5776495,17.3948278],[78.5775929,17.3947028],[78.5775469,17.394615],[78.5775646,17.3944664],[78.5775434,17.3941928],[78.5775611,17.3940746],[78.5775363,17.393926],[78.5775752,17.3938146],[78.5776354,17.3936964],[78.5776849,17.3935647],[78.5776885,17.3934296],[78.5777133,17.3933181],[78.5777557,17.3931661],[78.5777699,17.3929432],[78.5777557,17.3927744],[78.5778336,17.3926697],[78.5779398,17.392521],[78.5780247,17.3924366],[78.578138,17.3922036],[78.5781273,17.3919536],[78.5783114,17.3915484],[78.5784777,17.391366],[78.5788341,17.3910265],[78.5790393,17.3907515],[78.5791395,17.3905858],[78.5792459,17.390427],[78.5793024,17.3899069],[78.5793793,17.3897996],[78.5795322,17.3896423]]}},
{"type":"Feature","properties":{"full_id":"w252608594","osm_id":"252608594","osm_type":"way","waterway":"drain","bridge":null,"usage":null,"width":null,"ship":null,"intermittent":null,"tunnel":null,"name:ml":null,"designation":null,"layer":null,"boat":null,"name:ur":null,"name:te":null,"name:fa":null,"name":null},"geometry":{"type":"LineString","coordinates":[[78.5781172,17.388305],[78.5778666,17.3889011],[78.5778049,17.3892902]]}},
{"type":"Feature","properties":{"full_id":"w252710949","osm_id":"252710949","osm_type":"way","waterway":"ditch","bridge":null,"usage":null,"width":null,"ship":null,"intermittent":null,"tunnel":null,"name:ml":null,"designation":null,"layer":null,"boat":null,"name:ur":null,"name:te":null,"name:fa":null,"name":null},"geometry":{"type":"LineString","coordinates":[[78.5619001,17.3770263],[78.561959,17.3765646],[78.5620729,17.376489],[78.5624693,17.376163],[78.562516,17.3761145],[78.5625607,17.3760563],[78.562703,17.3759651],[78.5628001,17.3759431],[78.5630219,17.3758122],[78.5633177,17.3756475],[78.5635426,17.3755093],[78.5637044,17.37538],[78.5639108,17.3752682],[78.5639924,17.3752388],[78.5640571,17.3752285],[78.5641634,17.37523],[78.5642204,17.3752491],[78.564299,17.3752579],[78.5643914,17.375277],[78.5644577,17.3752726],[78.5646533,17.3752726],[78.5648952,17.37528],[78.5650277,17.3752932],[78.565118,17.3753103],[78.5651304,17.3752397],[78.5650996,17.3747487],[78.5650687,17.3744252],[78.5650164,17.3736901],[78.5649763,17.3731961]]}},
{"type":"Feature","properties":{"full_id":"w267617769","osm_id":"267617769","osm_type":"way","waterway":"river","bridge":null,"usage":null,"width":null,"ship":null,"intermittent":null,"tunnel":null,"name:ml":null,"designation":null,"layer":null,"boat":null,"name:ur":null,"name:te":null,"name:fa":null,"name":null},"geometry":{"type":"LineString","coordinates":[[78.4710197,17.3267895],[78.4710221,17.3268811],[78.4710563,17.3269272],[78.4711133,17.326979],[78.4711857,17.3270232],[78.4713138,17.3270635],[78.4715136,17.3271154],[78.471692,17.3272479],[78.4718634,17.3273333],[78.4718714,17.3273362],[78.4719261,17.3273718],[78.4720277,17.327426],[78.4721575,17.3274952],[78.4723325,17.3275859],[78.4725271,17.3277036],[78.472555,17.3277337],[78.4727206,17.3278425],[78.4728232,17.3279173],[78.4730656,17.3280718],[78.4732323,17.3281762],[78.4735346,17.3283513]]}},
{"type":"Feature","properties":{"full_id":"w273656193","osm_id":"273656193","osm_type":"way","waterway":"stream","bridge":null,"usage":null,"width":null,"ship":null,"intermittent":null,"tunnel":null,"name:ml":null,"designation":null,"layer":null,"boat":null,"name:ur":null,"name:te":null,"name:fa":null,"name":null},"geometry":{"type":"LineString","coordinates":[[78.4119078,17.4658044],[78.4119023,17.4658996],[78.4119133,17.4659595],[78.4119561,17.4660197],[78.4120258,17.4661287],[78.4120423,17.466196],[78.4120456,17.4662275],[78.4120882,17.4662542],[78.4122272,17.4662355],[78.4122165,17.4663474],[78.4122853,17.4664175],[78.412382,17.4664242],[78.4124303,17.4664316],[78.4124787,17.466451],[78.4125286,17.4664971],[78.4125869,17.4665278],[78.4126782,17.4665313],[78.4127094,17.4665892],[78.4127328,17.466619],[78.4127595,17.4666661],[78.412778,17.4667231],[78.4128091,17.4667721],[78.4128356,17.4668019],[78.4128575,17.4668569],[78.4128886,17.4669476],[78.4129031,17.4670353],[78.4129307,17.4671275],[78.4129502,17.4672168],[78.4129527,17.4672594],[78.4129535,17.4673122],[78.4129613,17.4673486],[78.412966,17.467417],[78.4129652,17.4674542],[78.4129551,17.4675033],[78.4129504,17.4675694],[78.4129465,17.4676014],[78.4129309,17.4676557],[78.4129286,17.467733],[78.4129348,17.4677754],[78.4129262,17.4678133]]}},
{"type":"Feature","properties":{"full_id":"w274753697","osm_id":"274753697","osm_type":"way","waterway":"canal","bridge":null,"usage":null,"width":null,"ship":null,"intermittent":null,"tunnel":null,"name:ml":null,"designation":null,"layer":null,"boat":null,"name:ur":null,"name:te":null,"name:fa":null,"name":"Laxmi Nagar Nala"},"geometry":{"type":"LineString","coordinates":[[78.4166925,17.3789578],[78.4166571,17.3789172],[78.4162252,17.3789961],[78.4157283,17.3787631],[78.4152527,17.3785771],[78.4149765,17.3782369],[78.4148986,17.3777661],[78.4149058,17.3777028],[78.414868,17.3773922],[78.4148211,17.3770247],[78.4150585,17.3768302],[78.4151858,17.376569],[78.4152239,17.3765223],[78.41534,17.3761082],[78.4155198,17.3758606],[78.4155312,17.3757568],[78.4155312,17.3755158],[78.4155053,17.3752815],[78.4154769,17.3750224],[78.4153613,17.3748602],[78.4152716,17.3747679],[78.4149969,17.3747319],[78.4147547,17.3746327],[78.414554,17.3745314],[78.4145399,17.3743399],[78.4147452,17.3739772],[78.4148349,17.3738173],[78.414868,17.3736844],[78.4147886,17.3733056]]}},
{"type":"Feature","properties":{"full_id":"w274904644","osm_id":"274904644","osm_type":"way","waterway":"canal","bridge":null,"usage":null,"width":null,"ship":null,"intermittent":null,"tunnel":null,"name:ml":null,"designation":null,"layer":null,"boat":null,"name:ur":null,"name:te":null,"name:fa":null,"name":null},"geometry":{"type":"LineString","coordinates":[[78.4141638,17.3844761],[78.4147386,17.384488],[78.4147644,17.3842527],[78.414788,17.384009],[78.4147919,17.3839797],[78.4148176,17.3837843],[78.4148255,17.3837154],[78.4149126,17.3830536],[78.4149863,17.3825389]]}},
{"type":"Feature","properties":{"full_id":"w274917515","osm_id":"274917515","osm_type":"way","waterway":"canal","bridge":null,"usage":null,"width":null,"ship":null,"intermittent":null,"tunnel":"culvert","name:ml":null,"designation":null,"layer":"-1","boat":null,"name:ur":null,"name:te":null,"name:fa":null,"name":null},"geometry":{"type":"LineString","coordinates":[[78.4065364,17.4097033],[78.4067473,17.4097803],[78.406867,17.4097114]]}},
{"type":"Feature","properties":{"full_id":"w281272462","osm_id":"281272462","osm_type":"way","waterway":"drain","bridge":null,"usage":null,"width":null,"ship":null,"intermittent":null,"tunnel":null,"name:ml":null,"designation":null,"layer":null,"boat":null,"name:ur":null,"name:te":null,"name:fa":null,"name":null},"geometry":{"type":"LineString","coordinates":[[78.4556974,17.3547719],[78.4557362,17.3546701],[78.455784,17.3545992],[78.4558831,17.3545333],[78.4561309,17.3543526],[78.4562317,17.3542884],[78.4562428,17.3542302],[78.4561823,17.3538368],[78.4561779,17.3535874],[78.456421,17.3533273],[78.4566536,17.3530844],[78.456756,17.352979],[78.4567777,17.3527347],[78.4567158,17.3522971]]}},
{"type":"Feature","properties":{"full_id":"w281499659","osm_id":"281499659","osm_type":"way","waterway":"stream","bridge":null,"usage":null,"width":null,"ship":null,"intermittent":null,"tunnel":null,"name:ml":null,"designation":null,"layer":null,"boat":null,"name:ur":null,"name:te":null,"name:fa":null,"name":null},"geometry":{"type":"LineString","coordinates":[[78.4654063,17.4393395],[78.4656855,17.4391973],[78.4658615,17.4391198],[78.4662632,17.4391068],[78.4667056,17.4390595],[78.4670486,17.4390207],[78.4672427,17.4389949],[78.4676083,17.4389647],[78.4678069,17.4389389],[78.4681071,17.4388232]]}},
{"type":"Feature","properties":{"full_id":"w318505359","osm_id":"318505359","osm_type":"way","waterway":"drain","bridge":null,"usage":null,"width":null,"ship":null,"intermittent":null,"tunnel":null,"name:ml":null,"designation":null,"layer":null,"boat":null,"name:ur":null,"name:te":null,"name:fa":null,"name":null},"geometry":{"type":"LineString","coordinates":[[78.4717834,17.4263789],[78.4721284,17.4240443],[78.4732079,17.4146012],[78.4742296,17.4113095],[78.4742676,17.4094739],[78.4744109,17.408984],[78.4747646,17.4086207]]}},
{"type":"Feature","properties":{"full_id":"w318598243","osm_id":"318598243","osm_type":"way","waterway":"drain","bridge":null,"usage":null,"width":null,"ship":null,"intermittent":null,"tunnel":null,"name:ml":null,"designation":null,"layer":null,"boat":null,"name:ur":null,"name:te":null,"name:fa":null,"name":null},"geometry":{"type":"LineString","coordinates":[[78.4635182,17.4171357],[78.4648133,17.4167348],[78.4655053,17.4165461],[78.4657134,17.4162532],[78.4658747,17.4156526],[78.4667228,17.415444],[78.4732079,17.4146012]]}},
{"type":"Feature","properties":{"full_id":"w318619691","osm_id":"318619691","osm_type":"way","waterway":"stream","bridge":null,"usage":null,"width":null,"ship":null,"intermittent":null,"tunnel":null,"name:ml":null,"designation":null,"layer":null,"boat":null,"name:ur":null,"name:te":null,"name:fa":null,"name":null},"geometry":{"type":"LineString","coordinates":[[78.6032583,17.4804987],[78.6051165,17.4798043],[78.6062166,17.4800275],[78.6066771,17.4803441],[78.6070597,17.48094],[78.6071965,17.4810449],[78.6073226,17.4810884],[78.6074996,17.481091],[78.6078429,17.4810756],[78.6080977,17.4810833],[78.6088085,17.4810808],[78.6091465,17.4811166],[78.6093235,17.4811294],[78.6094201,17.4811191],[78.609632,17.4810731],[78.6098197,17.4809771],[78.6099431,17.4809324],[78.6100021,17.4809273],[78.6101268,17.4809452],[78.6102113,17.4809682],[78.6103843,17.4809925],[78.610505,17.4809771],[78.6107598,17.4809298],[78.6108389,17.4809017],[78.6110669,17.4807712],[78.6111903,17.4806625],[78.6112453,17.4805844],[78.6112761,17.4805077],[78.6113432,17.4802966],[78.6113714,17.4802045],[78.6113767,17.4801495],[78.6113955,17.4801086],[78.6114384,17.4800996],[78.6115269,17.4801482],[78.6116289,17.4801917],[78.6116664,17.4802109],[78.6117201,17.4802148],[78.6117469,17.4802032],[78.6117563,17.4801841],[78.6117603,17.480138],[78.6117388,17.4800613],[78.6117429,17.4800203],[78.6117697,17.4799768],[78.6118354,17.479918],[78.6119588,17.4798067],[78.6120164,17.4797479],[78.612054,17.4796826],[78.6120835,17.479634],[78.612109,17.479611],[78.6121586,17.4795931],[78.6123008,17.4795905],[78.6123557,17.479588],[78.6124845,17.4795406],[78.6126655,17.4794102],[78.6128654,17.4792618],[78.6129391,17.479185],[78.6129887,17.4791338],[78.6130437,17.4790481],[78.6131336,17.4788614],[78.6132275,17.4786759],[78.6132462,17.4785748],[78.6132529,17.4784687],[78.6132435,17.4782947],[78.6132275,17.4781924],[78.6131845,17.4780939],[78.6130075,17.4778393],[78.6129472,17.4777216],[78.6129123,17.4776052],[78.6128975,17.4774504],[78.6128747,17.4772458],[78.6127903,17.4769579],[78.6127675,17.4767213],[78.6127715,17.4765486],[78.6127889,17.4764719],[78.6127849,17.4764028],[78.6127648,17.4763657],[78.6127232,17.4763375],[78.6126682,17.4762928],[78.6125529,17.4762224],[78.6124416,17.4761405],[78.6123759,17.4760548],[78.6123423,17.475996],[78.6123356,17.4759077],[78.6123651,17.4756173],[78.6123718,17.4754997],[78.6123745,17.4753653],[78.6123504,17.4753001],[78.6123477,17.4752451],[78.6123759,17.4751722],[78.6124228,17.475144],[78.6124925,17.4750954],[78.6125167,17.4750583],[78.6125194,17.4749982],[78.6124764,17.4749304],[78.6123987,17.4748511],[78.612282,17.4747309],[78.6121573,17.4745773],[78.6120795,17.4744699],[78.6120553,17.4744059],[78.6120674,17.474356],[78.6121009,17.4743138],[78.6121908,17.4741718],[78.612278,17.4739991],[78.6122994,17.4739154],[78.6123048,17.4738533],[78.6123001,17.4737452],[78.612288,17.4736902],[78.6122639,17.4736218],[78.6122022,17.4734887],[78.6121968,17.473442],[78.6122116,17.4734075],[78.6122397,17.4733563],[78.6123101,17.4732898],[78.612349,17.4732476],[78.6123645,17.4732124],[78.6124094,17.4731126],[78.6124308,17.4730269],[78.6124657,17.4729604],[78.6125073,17.4729246],[78.6125824,17.4729118],[78.6126789,17.4729169],[78.6127567,17.4729182],[78.6128546,17.4728926],[78.6129834,17.4728351],[78.6133079,17.4726265],[78.613788,17.4723336],[78.6138833,17.4722581],[78.6139329,17.4721775],[78.6139704,17.4720969]]}},
{"type":"Feature","properties":{"full_id":"w318619693","osm_id":"318619693","osm_type":"way","waterway":"stream","bridge":null,"usage":null,"width":null,"ship":null,"intermittent":null,"tunnel":null,"name:ml":null,"designation":null,"layer":null,"boat":null,"name:ur":null,"name:te":null,"name:fa":null,"name":null},"geometry":{"type":"LineString","coordinates":[[78.6283814,17.4705242],[78.6289561,17.4702136],[78.6286304,17.4674362],[78.6293392,17.4655175],[78.631159,17.4642018],[78.6347412,17.4631603],[78.6380744,17.462338],[78.6379211,17.4609675],[78.6365994,17.4590305],[78.63704,17.4584092],[78.6400283,17.4558874],[78.641301,17.4558006],[78.6418543,17.4554333],[78.6429401,17.455394],[78.6439293,17.4544844],[78.6447216,17.4527077],[78.6460242,17.4508619],[78.6502206,17.4508732],[78.6544825,17.4519919],[78.6566473,17.4530459],[78.6587219,17.452207],[78.6598945,17.4514756],[78.6611623,17.4510891],[78.663509,17.4511005],[78.6641518,17.451047],[78.664644,17.4514991],[78.6658575,17.4519016],[78.6669727,17.4517162],[78.6677424,17.4514816],[78.6690529,17.4516545],[78.6716714,17.4511253],[78.6735403,17.4484578],[78.6740106,17.4481197],[78.676243,17.4473883],[78.6781597,17.4457103],[78.677844,17.4438387],[78.6793097,17.4434515],[78.6811953,17.4454677],[78.6823032,17.4456378],[78.6833349,17.4450288]]}},
{"type":"Feature","properties":{"full_id":"w319300678","osm_id":"319300678","osm_type":"way","waterway":"river","bridge":null,"usage":null,"width":null,"ship":null,"intermittent":null,"tunnel":null,"name:ml":null,"designation":null,"layer":null,"boat":null,"name:ur":null,"name:te":null,"name:fa":null,"name":"Musi River"},"geometry":{"type":"LineString","coordinates":[[78.0213737,17.4090515],[78.023043,17.4097732],[78.0244906,17.4101652],[78.0255404,17.410383],[78.0266685,17.4105883],[78.028253,17.4106878],[78.0295115,17.4108621],[78.0308678,17.4111794],[78.0325175,17.4115589],[78.0331109,17.4117394],[78.0343824,17.412374],[78.0352627,17.4126291],[78.0369842,17.4125793],[78.0376819,17.41271],[78.0382362,17.4129651],[78.0392273,17.4133819],[78.0395468,17.4133882],[78.0397881,17.413357],[78.040075,17.4132824],[78.0403684,17.4131517],[78.0406619,17.4129837],[78.0409879,17.4128282],[78.0413857,17.4127535],[78.0416791,17.4127784],[78.041966,17.4128406],[78.0422594,17.4129215],[78.0435138,17.413183],[78.0444544,17.4135614],[78.0452751,17.4141157],[78.0461327,17.414758],[78.046852,17.4152244],[78.0478479,17.4158491],[78.0486502,17.4161131],[78.0490191,17.4164386],[78.0492312,17.4167378],[78.0494617,17.4174945],[78.0496462,17.4189815],[78.0499412,17.4195798],[78.050347,17.4205828],[78.0506421,17.4212427],[78.0510294,17.4215507],[78.0514075,17.4219642],[78.0515708,17.4224309],[78.0517338,17.4229846],[78.0521185,17.4235632],[78.0524185,17.4238494],[78.0528097,17.4241107],[78.0530249,17.424204],[78.0532727,17.4242352],[78.0538791,17.4241854],[78.0543942,17.4242227],[78.0546811,17.4244094],[78.0552419,17.4248946],[78.0558484,17.425131],[78.0560831,17.4252555],[78.0567221,17.4251808],[78.0570416,17.424988],[78.0574133,17.4247018],[78.0577263,17.4245649],[78.0581762,17.4246582],[78.0586327,17.4249755],[78.0596956,17.4260518],[78.0609606,17.427265],[78.0620756,17.4278996],[78.062832,17.4286648],[78.0634189,17.4292994],[78.0641035,17.4296664],[78.0647556,17.4298593],[78.0652055,17.4299464],[78.0658902,17.4299277],[78.0663597,17.4299588],[78.0667835,17.4300024],[78.0669661,17.4300646],[78.0673117,17.4301766],[78.0677486,17.4304939],[78.068029,17.4309542],[78.0682116,17.4314893],[78.0682507,17.4318625],[78.0684398,17.4325531],[78.068655,17.4330321],[78.0691245,17.433536],[78.0698352,17.433872],[78.0705069,17.4341395],[78.0714328,17.4345936],[78.0725022,17.435054],[78.0733694,17.4355081],[78.0743867,17.4357943],[78.0748235,17.4358627],[78.075267,17.4358441],[78.0758669,17.4357321],[78.0768645,17.4353713],[78.0773471,17.4353028],[78.0777513,17.4352779],[78.0782339,17.435222],[78.0787034,17.4351411],[78.0792446,17.4351411],[78.0796684,17.4351971],[78.0803987,17.4354335],[78.081755,17.4355952],[78.0825832,17.4357383],[78.0834635,17.4358938],[78.0842199,17.4358876],[78.0848915,17.4358938],[78.0857587,17.4359312],[78.0864809,17.435999],[78.086749,17.4361056],[78.0869852,17.4362473],[78.0878323,17.4367337],[78.088843,17.4371256],[78.0899711,17.4377539],[78.0906297,17.438065],[78.091034,17.4382392],[78.0918556,17.4384507],[78.0923446,17.4385067],[78.0932771,17.4384445],[78.0940726,17.4384134],[78.0945747,17.4385191],[78.095292,17.4385813],[78.0959832,17.4388799],[78.0969874,17.4389297],[78.0973395,17.4390106],[78.0976981,17.4392843],[78.0979003,17.4397757],[78.0980568,17.4404041],[78.098135,17.4409764],[78.0981937,17.4413683],[78.0983437,17.4421272],[78.0986306,17.4426747],[78.0990218,17.4427867],[78.0997847,17.4430044],[78.1002999,17.4430231],[78.1007759,17.4431226],[78.1011215,17.4433217],[78.1021322,17.4443045],[78.1032929,17.4449328],[78.1043753,17.4451941],[78.1058816,17.4456233],[78.1070227,17.4459406],[78.1080138,17.4459841],[78.1083986,17.4460961],[78.1089789,17.4464134],[78.109494,17.4467182],[78.1101331,17.4468675],[78.1111894,17.4469546],[78.1119915,17.4468613],[78.1123436,17.4468239],[78.1128522,17.4466933],[78.1132434,17.4465191],[78.1138433,17.4459095],[78.1143324,17.4456296],[78.1147693,17.4454803],[78.1150562,17.4454678],[78.1154931,17.4454492],[78.1158517,17.4455425],[78.1165168,17.445754],[78.1176188,17.4463076],[78.1188773,17.4468302],[78.1195294,17.4468924],[78.120814,17.4468861],[78.1216812,17.4469421],[78.1225811,17.4469608],[78.1234548,17.4469359],[78.1242504,17.4467617],[78.1251046,17.4465502],[78.1255349,17.4463885],[78.1259197,17.4460526],[78.1268195,17.4454989],[78.1277976,17.4450199],[78.1281823,17.4446342],[78.128717,17.4439873],[78.1298125,17.4426622],[78.1302233,17.4421708],[78.1305102,17.4418784],[78.1308297,17.4416793],[78.1311101,17.4416296],[78.1313253,17.4416296],[78.1315796,17.4417416],[78.1318665,17.4419157],[78.1321926,17.4420464],[78.1324599,17.4421335],[78.1328511,17.4421272],[78.1338553,17.4421459],[78.1348726,17.4421272],[78.135492,17.442065],[78.1362028,17.4419593],[78.1371418,17.4416793],[78.137683,17.4414803],[78.1381199,17.441443],[78.1385502,17.4414678],[78.1388893,17.4414803],[78.1392414,17.4414118],[78.1395348,17.4412688],[78.1398544,17.4410884],[78.1401282,17.4409204],[78.1403173,17.440796],[78.140676,17.4407213],[78.1410542,17.4407027],[78.1420518,17.4408706],[78.1427756,17.4407587],[78.1434277,17.440516],[78.1439624,17.4403854],[78.1450383,17.4401863],[78.1455404,17.4398566],[78.1458338,17.4395145],[78.146349,17.4386435],[78.1467598,17.4382392],[78.1471184,17.4380152],[78.1473336,17.4377726],[78.1475162,17.4374429],[78.1477966,17.4371194],[78.1482074,17.4370012],[78.1488007,17.4368332],[78.1493941,17.4364973],[78.1499027,17.4360369],[78.1508026,17.4355081],[78.1514286,17.4352157],[78.1517024,17.4350913],[78.1533065,17.4344816],[78.1541412,17.4340275],[78.1548454,17.4335111],[78.1551649,17.4332187],[78.15613,17.4321985],[78.1564299,17.4316821],[78.1568734,17.4307116],[78.1571081,17.4304441],[78.1578971,17.4299713],[78.1581384,17.4297846],[78.1582753,17.4296664],[78.158347,17.4295669],[78.1583796,17.4294549],[78.1584644,17.4288079],[78.1584448,17.4286088],[78.1585427,17.4284346],[78.1588687,17.4282293],[78.1599381,17.4275761],[78.1605706,17.4273832],[78.1608901,17.4274703],[78.1610988,17.4275885],[78.161327,17.4277627],[78.1615226,17.4278871],[78.1617508,17.4279556],[78.1622073,17.4279804],[78.1624551,17.4278374],[78.1627094,17.427688],[78.1633484,17.427489],[78.1637788,17.4273272],[78.1640588,17.4271462],[78.164349,17.4269751],[78.1646946,17.4269005],[78.1649587,17.4269347],[78.1654282,17.4270591],[78.165927,17.4271804],[78.1662563,17.4272302],[78.1666443,17.427168],[78.1670877,17.4269845],[78.1675735,17.4267667],[78.1679647,17.4266267],[78.1682092,17.4265552],[78.1690895,17.4264277],[78.1695883,17.4264245],[78.1707458,17.4263903],[78.1710588,17.4263219],[78.1714304,17.4261881],[78.1724672,17.4257464],[78.1729856,17.425538],[78.1732725,17.4254944],[78.1740485,17.4255815],[78.174994,17.4256562],[78.1755906,17.4256033],[78.1762166,17.4255069],[78.1766405,17.425398],[78.1777066,17.425146],[78.1782935,17.4249407],[78.1791509,17.424583],[78.1801453,17.4241164],[78.1810745,17.4236249],[78.1821635,17.4229996],[78.1825613,17.4227757],[78.1835263,17.4219295],[78.1838002,17.4217398],[78.1839502,17.4216744]]}},
{"type":"Feature","properties":{"full_id":"w319567755","osm_id":"319567755","osm_type":"way","waterway":"drain","bridge":null,"usage":null,"width":null,"ship":null,"intermittent":null,"tunnel":null,"name:ml":null,"designation":null,"layer":null,"boat":null,"name:ur":null,"name:te":null,"name:fa":null,"name":null},"geometry":{"type":"LineString","coordinates":[[78.513045,17.412884],[78.5128404,17.4128057],[78.5125309,17.4126466],[78.5122259,17.4124305],[78.5119927,17.4121386],[78.5118233,17.4118132],[78.511663,17.4110378],[78.5115624,17.4106819],[78.5113538,17.4100323],[78.5104754,17.4086424],[78.5102595,17.408335],[78.5092493,17.4076051],[78.5085393,17.4072105],[78.5082794,17.406966],[78.5070753,17.4052512],[78.5063286,17.4035504]]}},
{"type":"Feature","properties":{"full_id":"w319567758","osm_id":"319567758","osm_type":"way","waterway":"drain","bridge":null,"usage":null,"width":null,"ship":null,"intermittent":null,"tunnel":null,"name:ml":null,"designation":null,"layer":null,"boat":null,"name:ur":null,"name:te":null,"name:fa":null,"name":null},"geometry":{"type":"LineString","coordinates":[[78.5038534,17.3952894],[78.5043447,17.3946734],[78.5043447,17.394379],[78.5042418,17.3940186]]}},
{"type":"Feature","properties":{"full_id":"w319567760","osm_id":"319567760","osm_type":"way","waterway":"drain","bridge":null,"usage":null,"width":null,"ship":null,"intermittent":null,"tunnel":null,"name:ml":null,"designation":null,"layer":null,"boat":null,"name:ur":null,"name:te":null,"name:fa":null,"name":null},"geometry":{"type":"LineString","coordinates":[[78.5055885,17.4023837],[78.5053796,17.4018301],[78.5053237,17.4015215],[78.505148,17.4011553]]}},
{"type":"Feature","properties":{"full_id":"w319581908","osm_id":"319581908","osm_type":"way","waterway":"river","bridge":null,"usage":null,"width":null,"ship":null,"intermittent":null,"tunnel":null,"name:ml":null,"designation":null,"layer":null,"boat":"no","name:ur":null,"name:te":null,"name:fa":null,"name":"Musi River"},"geometry":{"type":"LineString","coordinates":[[78.2049362,17.2432748],[78.2050395,17.2433977],[78.205179,17.2435694],[78.2054177,17.2437384],[78.2055733,17.2438665],[78.2057449,17.2440689],[78.2063196,17.2447144],[78.206339,17.24479],[78.2063384,17.2448771],[78.2062901,17.2449885],[78.2062733,17.2450942],[78.2063189,17.245214],[78.2064919,17.2454426],[78.206622,17.2456046],[78.2067266,17.245675],[78.2068218,17.2457071],[78.2069693,17.2457096],[78.2073382,17.2455931],[78.2075085,17.2455828],[78.2076801,17.2455931],[78.2084312,17.2457442],[78.2086873,17.2458185],[78.2089186,17.2458672],[78.2093726,17.2458902],[78.2095027,17.2459312],[78.2096905,17.2460388],[78.209893,17.24614],[78.210298,17.246222],[78.2104602,17.246245],[78.2106641,17.2462245],[78.2109162,17.2461259],[78.211171,17.2459671],[78.2116297,17.2458134],[78.2119033,17.2457673],[78.2121393,17.2457954],[78.212551,17.2460081],[78.2127441,17.2461733],[78.2128699,17.2462665],[78.2129775,17.2463756],[78.2131585,17.2465895],[78.2134328,17.2467753],[78.2138666,17.2471275],[78.2142529,17.2474887],[78.2143816,17.2477038],[78.2144259,17.2479498],[78.2145077,17.2481444],[78.2146552,17.2483058],[78.215315,17.2488386],[78.2156637,17.24926],[78.2162203,17.2499926],[78.2165998,17.2502936],[78.2170209,17.2505882],[78.2174501,17.2508059],[78.2177183,17.2509109],[78.2179919,17.2510697],[78.2188529,17.2517101],[78.2198104,17.2524812],[78.220025,17.2527399],[78.220135,17.2530011],[78.2204273,17.2532957],[78.2208672,17.2536543],[78.2212749,17.2538977],[78.2217041,17.2540078],[78.2220742,17.2539848],[78.2223076,17.2538695],[78.222506,17.2537004],[78.2226992,17.2536031],[78.2229486,17.2534673],[78.2232651,17.2533034],[78.2234354,17.253256],[78.2237305,17.2532791],[78.2241261,17.2532752],[78.2245311,17.2531651],[78.2255852,17.2527527],[78.2268995,17.2521533],[78.2272696,17.251974],[78.2275513,17.2518843],[78.2278436,17.25181],[78.2282165,17.2517819],[78.2285008,17.2518331],[78.2289138,17.2520444],[78.2291968,17.2521129],[78.2295066,17.2520867],[78.2297842,17.252193],[78.2301047,17.2523595],[78.2306546,17.2525247],[78.2310972,17.252631],[78.2315263,17.252663],[78.2321352,17.2526592],[78.2327548,17.2526105],[78.2330914,17.2525388],[78.2335809,17.2524414],[78.2340342,17.2523556],[78.2342944,17.2523275],[78.2345223,17.2523121],[78.2348683,17.2524043],[78.2352492,17.2526246],[78.2356918,17.2527834],[78.2362591,17.2529333],[78.2363905,17.2529269],[78.2365112,17.2528551],[78.2367405,17.2527411],[78.2369605,17.2526925],[78.2373118,17.2526259],[78.2378523,17.2524133],[78.2383297,17.2523147],[78.239062,17.2522621],[78.239648,17.2522007],[78.2401174,17.2520918],[78.2408658,17.2519189],[78.2418314,17.2517281],[78.2425019,17.2514975],[78.2430464,17.251185],[78.2434756,17.2507291],[78.2438511,17.2501501],[78.2442909,17.2494201]]}},
{"type":"Feature","properties":{"full_id":"w325157469","osm_id":"325157469","osm_type":"way","waterway":"stream","bridge":null,"usage":null,"width":null,"ship":null,"intermittent":null,"tunnel":null,"name:ml":null,"designation":null,"layer":null,"boat":null,"name:ur":null,"name:te":null,"name:fa":null,"name":null},"geometry":{"type":"LineString","coordinates":[[78.5760075,17.409335],[78.5759751,17.4092407],[78.5759034,17.409163],[78.5757032,17.4090526],[78.5755452,17.4089439],[78.5754719,17.4088444],[78.5754117,17.4088056],[78.5752977,17.4087264],[78.5752228,17.4086207],[78.5751674,17.408529],[78.5750876,17.4084172],[78.5749183,17.4082711],[78.5748043,17.4081266],[78.5747017,17.4079836],[78.5746203,17.4078702],[78.5744982,17.4077723],[78.5744428,17.407676],[78.5744037,17.4075439],[78.5744018,17.4074885],[78.5744387,17.4073517],[78.5744924,17.4071691],[78.5745463,17.4070437],[78.5745563,17.4069354],[78.5746301,17.4067468],[78.5746854,17.4066862],[78.5747766,17.406666],[78.5748955,17.4065946],[78.5749997,17.4065231],[78.5751218,17.4064563],[78.5752342,17.4063864],[78.5753612,17.4062931],[78.5754817,17.4062108],[78.5755485,17.4061533],[78.5755998,17.4060934],[78.5756364,17.4060507],[78.5756628,17.4059552],[78.5756669,17.4058756],[78.5757011,17.4057637],[78.5757116,17.4056697],[78.5757005,17.4055538],[78.5757012,17.4055003],[78.575698,17.4054615],[78.5756898,17.4054226],[78.5756803,17.4053492],[78.5756572,17.4052932],[78.5756326,17.4052202],[78.5756087,17.4051651],[78.575441,17.404716],[78.5754459,17.4046523],[78.5754605,17.4045911],[78.5755615,17.4046026],[78.5757305,17.4045711]]}},
{"type":"Feature","properties":{"full_id":"w325157885","osm_id":"325157885","osm_type":"way","waterway":"stream","bridge":null,"usage":null,"width":null,"ship":null,"intermittent":null,"tunnel":null,"name:ml":null,"designation":null,"layer":null,"boat":null,"name:ur":null,"name:te":null,"name:fa":null,"name":null},"geometry":{"type":"LineString","coordinates":[[78.5766587,17.4125571],[78.5767527,17.4124468],[78.5768297,17.4123645],[78.5768421,17.4123292],[78.5767527,17.4121146],[78.5767589,17.4118971],[78.5767573,17.4118104],[78.5767555,17.4117062],[78.5767542,17.411631]]}},
{"type":"Feature","properties":{"full_id":"w325157886","osm_id":"325157886","osm_type":"way","waterway":"stream","bridge":null,"usage":null,"width":null,"ship":null,"intermittent":null,"tunnel":null,"name:ml":null,"designation":null,"layer":null,"boat":null,"name:ur":null,"name:te":null,"name:fa":null,"name":null},"geometry":{"type":"LineString","coordinates":[[78.5771217,17.4132683],[78.5769915,17.4132698],[78.5769081,17.4132452],[78.5768075,17.4132535],[78.5767532,17.4131852],[78.5766387,17.4130745],[78.5766094,17.4129731],[78.5765909,17.4129143],[78.5765832,17.4128672],[78.5765802,17.4127982],[78.5765879,17.4127364],[78.5766202,17.4126438],[78.5766587,17.4125571]]}},
{"type":"Feature","properties":{"full_id":"w349620434","osm_id":"349620434","osm_type":"way","waterway":"stream","bridge":null,"usage":null,"width":null,"ship":null,"intermittent":null,"tunnel":null,"name:ml":null,"designation":null,"layer":null,"boat":null,"name:ur":null,"name:te":null,"name:fa":null,"name":null},"geometry":{"type":"LineString","coordinates":[[78.4200903,17.6009528],[78.4201016,17.6007942],[78.4200581,17.6006408],[78.4199353,17.6005078],[78.4197953,17.6003033],[78.4197475,17.6000118],[78.4196987,17.5998124],[78.4196987,17.5996232],[78.4197068,17.5994736],[78.4196182,17.5990505],[78.4194793,17.5988153],[78.4194096,17.5986721],[78.4194037,17.5985801],[78.4194471,17.5983807],[78.4194841,17.5982989]]}},
{"type":"Feature","properties":{"full_id":"w349620435","osm_id":"349620435","osm_type":"way","waterway":"stream","bridge":null,"usage":null,"width":null,"ship":null,"intermittent":null,"tunnel":null,"name:ml":null,"designation":null,"layer":null,"boat":null,"name:ur":null,"name:te":null,"name:fa":null,"name":null},"geometry":{"type":"LineString","coordinates":[[78.4196665,17.5978387],[78.4197582,17.5976341],[78.4198655,17.5973682]]}},
{"type":"Feature","properties":{"full_id":"w349620436","osm_id":"349620436","osm_type":"way","waterway":"stream","bridge":null,"usage":null,"width":null,"ship":null,"intermittent":null,"tunnel":"yes","name:ml":null,"designation":null,"layer":"-1","boat":null,"name:ur":null,"name:te":null,"name:fa":null,"name":null},"geometry":{"type":"LineString","coordinates":[[78.4194841,17.5982989],[78.4196665,17.5978387]]}},
{"type":"Feature","properties":{"full_id":"w350094280","osm_id":"350094280","osm_type":"way","waterway":"drain","bridge":null,"usage":null,"width":null,"ship":null,"intermittent":null,"tunnel":null,"name:ml":null,"designation":null,"layer":null,"boat":null,"name:ur":null,"name:te":null,"name:fa":null,"name":null},"geometry":{"type":"LineString","coordinates":[[78.4752249,17.4083843],[78.4758502,17.4082824]]}},
{"type":"Feature","properties":{"full_id":"w350094281","osm_id":"350094281","osm_type":"way","waterway":"drain","bridge":null,"usage":null,"width":null,"ship":null,"intermittent":null,"tunnel":"culvert","name:ml":null,"designation":null,"layer":"-1","boat":null,"name:ur":null,"name:te":null,"name:fa":null,"name":null},"geometry":{"type":"LineString","coordinates":[[78.4747646,17.4086207],[78.4752249,17.4083843]]}},
{"type":"Feature","properties":{"full_id":"w361860134","osm_id":"361860134","osm_type":"way","waterway":"stream","bridge":null,"usage":null,"width":null,"ship":null,"intermittent":null,"tunnel":"culvert","name:ml":null,"designation":null,"layer":"-1","boat":null,"name:ur":null,"name:te":null,"name:fa":null,"name":null},"geometry":{"type":"LineString","coordinates":[[78.6139704,17.4720969],[78.6139672,17.4719661]]}},
{"type":"Feature","properties":{"full_id":"w361860135","osm_id":"361860135","osm_type":"way","waterway":"stream","bridge":null,"usage":null,"width":null,"ship":null,"intermittent":null,"tunnel":null,"name:ml":null,"designation":null,"layer":null,"boat":null,"name:ur":null,"name:te":null,"name:fa":null,"name":null},"geometry":{"type":"LineString","coordinates":[[78.6144218,17.4718278],[78.6145175,17.4718051],[78.6147088,17.4716744],[78.6154885,17.4709575],[78.6185091,17.4700143],[78.624416,17.4697202],[78.6267914,17.4699761],[78.6283814,17.4705242]]}},
{"type":"Feature","properties":{"full_id":"w363265691","osm_id":"363265691","osm_type":"way","waterway":"drain","bridge":null,"usage":null,"width":null,"ship":null,"intermittent":null,"tunnel":"yes","name:ml":null,"designation":null,"layer":"-1","boat":null,"name:ur":null,"name:te":null,"name:fa":null,"name":null},"geometry":{"type":"LineString","coordinates":[[78.4758502,17.4082824],[78.475948,17.408247],[78.4760083,17.4082074],[78.4760889,17.4081336],[78.4767005,17.4072964],[78.4772092,17.4070456]]}},
{"type":"Feature","properties":{"full_id":"w363265692","osm_id":"363265692","osm_type":"way","waterway":"drain","bridge":null,"usage":null,"width":null,"ship":null,"intermittent":null,"tunnel":"yes","name:ml":null,"designation":null,"layer":null,"boat":null,"name:ur":null,"name:te":null,"name:fa":null,"name":null},"geometry":{"type":"LineString","coordinates":[[78.4772092,17.4070456],[78.4780564,17.4071183]]}},
{"type":"Feature","properties":{"full_id":"w363724302","osm_id":"363724302","osm_type":"way","waterway":"drain","bridge":null,"usage":null,"width":null,"ship":null,"intermittent":null,"tunnel":"yes","name:ml":null,"designation":null,"layer":"-1","boat":null,"name:ur":null,"name:te":null,"name:fa":null,"name":null},"geometry":{"type":"LineString","coordinates":[[78.505148,17.4011553],[78.5049812,17.4008138]]}},
{"type":"Feature","properties":{"full_id":"w363724306","osm_id":"363724306","osm_type":"way","waterway":"drain","bridge":null,"usage":null,"width":null,"ship":null,"intermittent":null,"tunnel":"yes","name:ml":null,"designation":null,"layer":"-1","boat":null,"name:ur":null,"name:te":null,"name:fa":null,"name":null},"geometry":{"type":"LineString","coordinates":[[78.5063286,17.4035504],[78.5061813,17.4032196]]}},
{"type":"Feature","properties":{"full_id":"w363724308","osm_id":"363724308","osm_type":"way","waterway":"drain","bridge":null,"usage":null,"width":null,"ship":null,"intermittent":null,"tunnel":null,"name:ml":null,"designation":null,"layer":null,"boat":null,"name:ur":null,"name:te":null,"name:fa":null,"name":null},"geometry":{"type":"LineString","coordinates":[[78.5061813,17.4032196],[78.5058823,17.4025483],[78.5055885,17.4023837]]}},
{"type":"Feature","properties":{"full_id":"w363724310","osm_id":"363724310","osm_type":"way","waterway":"drain","bridge":null,"usage":null,"width":null,"ship":null,"intermittent":null,"tunnel":null,"name:ml":null,"designation":null,"layer":null,"boat":null,"name:ur":null,"name:te":null,"name:fa":null,"name":null},"geometry":{"type":"LineString","coordinates":[[78.5049812,17.4008138],[78.5046779,17.400337],[78.5042577,17.4000003],[78.5030638,17.3992671]]}},
{"type":"Feature","properties":{"full_id":"w363727508","osm_id":"363727508","osm_type":"way","waterway":"stream","bridge":null,"usage":null,"width":null,"ship":null,"intermittent":null,"tunnel":null,"name:ml":null,"designation":null,"layer":null,"boat":null,"name:ur":null,"name:te":null,"name:fa":null,"name":null},"geometry":{"type":"LineString","coordinates":[[78.531964,17.3737392],[78.5323834,17.3747279],[78.5326635,17.3748815],[78.5327165,17.3750883],[78.5326733,17.3751873],[78.5324648,17.3756649],[78.5322993,17.3759595],[78.5320991,17.3761046],[78.5319424,17.3763672],[78.5318415,17.376532],[78.5318291,17.3766043],[78.5319034,17.3768167],[78.5319503,17.3769484],[78.5320289,17.3771841]]}},
{"type":"Feature","properties":{"full_id":"w363727509","osm_id":"363727509","osm_type":"way","waterway":"stream","bridge":null,"usage":null,"width":null,"ship":null,"intermittent":null,"tunnel":"culvert","name:ml":null,"designation":null,"layer":"-1","boat":null,"name:ur":null,"name:te":null,"name:fa":null,"name":null},"geometry":{"type":"LineString","coordinates":[[78.531914,17.3736571],[78.531964,17.3737392]]}},
{"type":"Feature","properties":{"full_id":"w363735868","osm_id":"363735868","osm_type":"way","waterway":"stream","bridge":null,"usage":null,"width":null,"ship":null,"intermittent":null,"tunnel":null,"name:ml":null,"designation":null,"layer":null,"boat":null,"name:ur":null,"name:te":null,"name:fa":null,"name":null},"geometry":{"type":"LineString","coordinates":[[78.5767542,17.411631],[78.5766997,17.4114398]]}},
{"type":"Feature","properties":{"full_id":"w363740280","osm_id":"363740280","osm_type":"way","waterway":"drain","bridge":null,"usage":null,"width":null,"ship":null,"intermittent":null,"tunnel":null,"name:ml":null,"designation":null,"layer":null,"boat":null,"name:ur":null,"name:te":null,"name:fa":null,"name":null},"geometry":{"type":"LineString","coordinates":[[78.406867,17.4097114],[78.4072542,17.4095361],[78.4090579,17.4090511],[78.4099069,17.4089146],[78.4102035,17.4087777],[78.4109651,17.4082757],[78.4111113,17.4081215],[78.4111678,17.4079488],[78.4111564,17.4078091],[78.4110688,17.4076144],[78.4110364,17.4075193],[78.411013,17.4073768],[78.4109388,17.407162],[78.4107765,17.4069025],[78.4107034,17.4068033],[78.4106649,17.4064325],[78.4108304,17.4060433],[78.4108881,17.405856],[78.4110497,17.4056394],[78.4113075,17.405342],[78.4117358,17.405396],[78.4119617,17.4052281],[78.412158,17.4050262],[78.4122426,17.4046737],[78.4123422,17.4044202],[78.4124632,17.4042315],[78.4127967,17.4037557],[78.4134432,17.4033812],[78.4137828,17.40325],[78.4141702,17.4033777],[78.4143485,17.4034386],[78.4144965,17.4034828],[78.4148244,17.4035789],[78.4152171,17.4036529],[78.4154365,17.4036382],[78.415802,17.4033445],[78.4163138,17.4031682],[78.4165524,17.4030691],[78.4167062,17.403003],[78.4170751,17.4029171],[78.4173169,17.4029583],[78.4175664,17.4030954],[78.4178453,17.4031378],[78.4180736,17.4033126]]}},
{"type":"Feature","properties":{"full_id":"w363806228","osm_id":"363806228","osm_type":"way","waterway":"stream","bridge":null,"usage":null,"width":null,"ship":null,"intermittent":null,"tunnel":null,"name:ml":null,"designation":null,"layer":null,"boat":null,"name:ur":null,"name:te":null,"name:fa":null,"name":null},"geometry":{"type":"LineString","coordinates":[[78.4462884,17.5335446],[78.4461723,17.5340523],[78.4460689,17.5348462],[78.4461496,17.5351494],[78.4460234,17.5352865],[78.4458569,17.5355296],[78.4457837,17.5356017],[78.445375,17.5356065],[78.4452286,17.5357004],[78.4451908,17.5358905],[78.4448526,17.5362441],[78.4446735,17.5364126],[78.4444565,17.5364919],[78.4442143,17.5364992],[78.4440636,17.5367501],[78.4438495,17.5370444],[78.4437353,17.5370716]]}},
{"type":"Feature","properties":{"full_id":"w363859805","osm_id":"363859805","osm_type":"way","waterway":"drain","bridge":null,"usage":null,"width":null,"ship":null,"intermittent":null,"tunnel":null,"name:ml":null,"designation":null,"layer":null,"boat":null,"name:ur":null,"name:te":null,"name:fa":null,"name":null},"geometry":{"type":"LineString","coordinates":[[78.4519121,17.4616481],[78.4523901,17.461318],[78.4529153,17.4608946],[78.4532063,17.4606859],[78.4536372,17.4605434],[78.4538356,17.4604595],[78.4542624,17.4600833],[78.4546271,17.4597148]]}},
{"type":"Feature","properties":{"full_id":"w363881169","osm_id":"363881169","osm_type":"way","waterway":"stream","bridge":null,"usage":null,"width":null,"ship":null,"intermittent":null,"tunnel":null,"name:ml":null,"designation":"drain from mansarovar to hussain sagar","layer":null,"boat":null,"name:ur":null,"name:te":null,"name:fa":null,"name":"p g road"},"geometry":{"type":"LineString","coordinates":[[78.476963,17.4567437],[78.4768345,17.456462]]}},
{"type":"Feature","properties":{"full_id":"w363881170","osm_id":"363881170","osm_type":"way","waterway":"stream","bridge":null,"usage":null,"width":null,"ship":null,"intermittent":null,"tunnel":null,"name:ml":null,"designation":"drain from mansarovar to hussain sagar","layer":null,"boat":null,"name:ur":null,"name:te":null,"name:fa":null,"name":"p g road"},"geometry":{"type":"LineString","coordinates":[[78.4768345,17.456462],[78.4766548,17.4560065],[78.4765502,17.4558505],[78.4766285,17.455509],[78.4766172,17.455088],[78.4766575,17.4548167],[78.4767433,17.4545506],[78.4767352,17.4543715],[78.4767647,17.454236]]}},
{"type":"Feature","properties":{"full_id":"w363894147","osm_id":"363894147","osm_type":"way","waterway":"weir","bridge":null,"usage":null,"width":null,"ship":null,"intermittent":null,"tunnel":null,"name:ml":null,"designation":null,"layer":null,"boat":null,"name:ur":null,"name:te":null,"name:fa":null,"name":null},"geometry":{"type":"LineString","coordinates":[[78.3648142,17.3306533],[78.3644217,17.3312646],[78.3640227,17.3318693]]}},
{"type":"Feature","properties":{"full_id":"w364084229","osm_id":"364084229","osm_type":"way","waterway":"stream","bridge":null,"usage":null,"width":null,"ship":null,"intermittent":null,"tunnel":null,"name:ml":null,"designation":"drain from mansarovar to hussain sagar","layer":null,"boat":null,"name:ur":null,"name:te":null,"name:fa":null,"name":"p g road"},"geometry":{"type":"LineString","coordinates":[[78.4789006,17.4414266],[78.4784116,17.441196]]}},
{"type":"Feature","properties":{"full_id":"w364084231","osm_id":"364084231","osm_type":"way","waterway":"stream","bridge":null,"usage":null,"width":null,"ship":null,"intermittent":null,"tunnel":null,"name:ml":null,"designation":"drain from mansarovar to hussain sagar","layer":null,"boat":null,"name:ur":null,"name:te":null,"name:fa":null,"name":"p g road"},"geometry":{"type":"LineString","coordinates":[[78.4816204,17.4467452],[78.4808507,17.4461702]]}},
{"type":"Feature","properties":{"full_id":"w364084232","osm_id":"364084232","osm_type":"way","waterway":"stream","bridge":null,"usage":null,"width":null,"ship":null,"intermittent":null,"tunnel":null,"name:ml":null,"designation":"drain from mansarovar to hussain sagar","layer":null,"boat":null,"name:ur":null,"name:te":null,"name:fa":null,"name":"p g road"},"geometry":{"type":"LineString","coordinates":[[78.479219,17.4493564],[78.4796666,17.4494147]]}},
{"type":"Feature","properties":{"full_id":"w364084233","osm_id":"364084233","osm_type":"way","waterway":"stream","bridge":null,"usage":null,"width":null,"ship":null,"intermittent":null,"tunnel":null,"name:ml":null,"designation":"drain from mansarovar to hussain sagar","layer":null,"boat":null,"name:ur":null,"name:te":null,"name:fa":null,"name":"p g road"},"geometry":{"type":"LineString","coordinates":[[78.4797199,17.4446235],[78.4794988,17.4445151]]}},
{"type":"Feature","properties":{"full_id":"w364084234","osm_id":"364084234","osm_type":"way","waterway":"stream","bridge":null,"usage":null,"width":null,"ship":null,"intermittent":null,"tunnel":null,"name:ml":null,"designation":"drain from mansarovar to hussain sagar","layer":null,"boat":null,"name:ur":null,"name:te":null,"name:fa":null,"name":"p g road"},"geometry":{"type":"LineString","coordinates":[[78.4767474,17.4503193],[78.476864,17.450188]]}},
{"type":"Feature","properties":{"full_id":"w364084235","osm_id":"364084235","osm_type":"way","waterway":"stream","bridge":null,"usage":null,"width":null,"ship":null,"intermittent":null,"tunnel":null,"name:ml":null,"designation":"drain from mansarovar to hussain sagar","layer":null,"boat":null,"name:ur":null,"name:te":null,"name:fa":null,"name":"p g road"},"geometry":{"type":"LineString","coordinates":[[78.4796666,17.4494147],[78.4804364,17.4497089],[78.4806805,17.4496833],[78.4808548,17.4496859],[78.4810193,17.4497107],[78.4811096,17.4497243],[78.4813269,17.4497755],[78.4815468,17.4497473],[78.4817158,17.4497038],[78.4818311,17.4495708],[78.4819112,17.4491825],[78.4819626,17.4489336],[78.4817453,17.4489004],[78.4815415,17.4487468],[78.4815334,17.4486138],[78.4816809,17.4482581],[78.4818848,17.4477463],[78.4818875,17.4475263],[78.4818763,17.4473769],[78.4818231,17.4472141],[78.4817185,17.4469378],[78.4816204,17.4467452]]}},
{"type":"Feature","properties":{"full_id":"w364084236","osm_id":"364084236","osm_type":"way","waterway":"stream","bridge":null,"usage":null,"width":null,"ship":null,"intermittent":null,"tunnel":null,"name:ml":null,"designation":"drain from mansarovar to hussain sagar","layer":null,"boat":null,"name:ur":null,"name:te":null,"name:fa":null,"name":"p g road"},"geometry":{"type":"LineString","coordinates":[[78.4784116,17.441196],[78.4781461,17.4405383],[78.4777572,17.4400752],[78.4777062,17.4398065],[78.4777679,17.439589],[78.4779556,17.4393689],[78.4781796,17.439306],[78.4784621,17.4393065],[78.4786926,17.4390085]]}},
{"type":"Feature","properties":{"full_id":"w364084237","osm_id":"364084237","osm_type":"way","waterway":"stream","bridge":null,"usage":null,"width":null,"ship":null,"intermittent":null,"tunnel":null,"name:ml":null,"designation":"drain from mansarovar to hussain sagar","layer":null,"boat":null,"name:ur":null,"name:te":null,"name:fa":null,"name":"p g road"},"geometry":{"type":"LineString","coordinates":[[78.4808507,17.4461702],[78.4806736,17.4458278],[78.480746,17.4454951],[78.480746,17.4453109],[78.4806146,17.4451471],[78.4801372,17.4448469],[78.4797917,17.4447525],[78.4797199,17.4446235]]}},
{"type":"Feature","properties":{"full_id":"w364084238","osm_id":"364084238","osm_type":"way","waterway":"stream","bridge":null,"usage":null,"width":null,"ship":null,"intermittent":null,"tunnel":null,"name:ml":null,"designation":"drain from mansarovar to hussain sagar","layer":null,"boat":null,"name:ur":null,"name:te":null,"name:fa":null,"name":"p g road"},"geometry":{"type":"LineString","coordinates":[[78.4794988,17.4445151],[78.4794317,17.4441596],[78.4792842,17.4438037],[78.4792198,17.4430463],[78.4792017,17.442674],[78.4791742,17.4422556],[78.4791984,17.4418232],[78.4789006,17.4414266]]}},
{"type":"Feature","properties":{"full_id":"w364084239","osm_id":"364084239","osm_type":"way","waterway":"stream","bridge":null,"usage":null,"width":null,"ship":null,"intermittent":null,"tunnel":null,"name:ml":null,"designation":"drain from mansarovar to hussain sagar","layer":null,"boat":null,"name:ur":null,"name:te":null,"name:fa":null,"name":"p g road"},"geometry":{"type":"LineString","coordinates":[[78.476864,17.450188],[78.4778484,17.4499014],[78.4780415,17.4497863],[78.4782936,17.4497197],[78.4785162,17.4496506],[78.4786718,17.449556],[78.4790366,17.4494024],[78.479219,17.4493564]]}},
{"type":"Feature","properties":{"full_id":"w364084240","osm_id":"364084240","osm_type":"way","waterway":"stream","bridge":null,"usage":null,"width":null,"ship":null,"intermittent":null,"tunnel":null,"name:ml":null,"designation":"drain from mansarovar to hussain sagar","layer":null,"boat":null,"name:ur":null,"name:te":null,"name:fa":null,"name":null},"geometry":{"type":"LineString","coordinates":[[78.4793655,17.4386192],[78.4794068,17.4379903],[78.4792747,17.4368424],[78.479496,17.4361533],[78.4797434,17.4355536],[78.4799872,17.4353711],[78.4798854,17.4350185],[78.479864,17.4349072],[78.47986,17.4348215],[78.4798774,17.4347294],[78.4798881,17.4346641],[78.4798859,17.4346154],[78.4798613,17.4345515],[78.4798573,17.434485],[78.4798617,17.4344221],[78.479927,17.434144],[78.4799378,17.4340167],[78.4799431,17.4338836],[78.4799297,17.4337621],[78.479907,17.4336562],[78.4792275,17.4297443],[78.483279,17.4254475]]}},
{"type":"Feature","properties":{"full_id":"w364501607","osm_id":"364501607","osm_type":"way","waterway":"drain","bridge":null,"usage":null,"width":null,"ship":null,"intermittent":null,"tunnel":null,"name:ml":null,"designation":null,"layer":"-1","boat":null,"name:ur":null,"name:te":null,"name:fa":null,"name":null},"geometry":{"type":"LineString","coordinates":[[78.4158084,17.4986471],[78.4160461,17.4985057],[78.4162287,17.4983472],[78.4164703,17.4980574],[78.4166872,17.4979638],[78.4169498,17.4978195],[78.4173627,17.4976784],[78.4175788,17.4981441],[78.4197234,17.4981714],[78.4203086,17.4980237],[78.4205668,17.4978923],[78.4207561,17.49717],[78.421393,17.4963327],[78.4216874,17.4960722],[78.4220399,17.4958767],[78.4227528,17.4954627],[78.4236823,17.4949866],[78.4245707,17.4933771],[78.4241815,17.4922286],[78.424302,17.4918838],[78.4252487,17.4906197],[78.4251282,17.4901928],[78.4242618,17.4898198],[78.4239694,17.4896484],[78.4238187,17.4895145],[78.4237254,17.4894284],[78.4236509,17.4892906],[78.4236529,17.4891705],[78.4236908,17.4890737],[78.423801,17.4889664],[78.4239349,17.4888056],[78.4240058,17.4886795],[78.4240839,17.4885607],[78.4241523,17.4884569],[78.4242745,17.4881357],[78.4243367,17.4878957],[78.4243561,17.487692],[78.4244744,17.4874748],[78.4246311,17.4873323],[78.4248771,17.4871284],[78.4251388,17.4871019],[78.4256096,17.4873025],[78.4258805,17.4873754],[78.426117,17.4874015],[78.4262104,17.4874138],[78.4262936,17.4874023],[78.4263383,17.4873692],[78.4263915,17.4872872],[78.4264398,17.4871784],[78.4264719,17.487062],[78.4265637,17.486957],[78.4266745,17.4869124],[78.4267388,17.4868152],[78.4267643,17.4867192],[78.4267442,17.4865184],[78.4266382,17.4863662],[78.4265055,17.4862204],[78.4263365,17.4860912],[78.4262355,17.4859357],[78.4261997,17.4858417],[78.426193,17.4857126],[78.4261899,17.4855816],[78.4261992,17.4854947],[78.4262842,17.4854004],[78.426425,17.485325],[78.4265001,17.4852252],[78.4266382,17.4850755],[78.4269656,17.4845234],[78.42699,17.4844757],[78.4270603,17.4844438],[78.427149,17.4844386],[78.4273126,17.4843141],[78.4274086,17.4841488],[78.4274938,17.4833666],[78.4275553,17.4824766],[78.4274093,17.4821603],[78.42745,17.4818649],[78.4275146,17.4814964],[78.4276672,17.4812051],[78.4287417,17.4809339],[78.4288332,17.4803056],[78.4287714,17.4795965],[78.4286513,17.4792037],[78.4280368,17.4781331],[78.4277217,17.4744884],[78.4278714,17.4740498],[78.4278271,17.4737958],[78.4279138,17.4735982],[78.4277952,17.4733847],[78.4279188,17.4731305],[78.4277702,17.4729993],[78.4267241,17.4730249],[78.4265348,17.4729258],[78.4263647,17.4727076],[78.4263325,17.4724569],[78.426524,17.4722299]]}},
{"type":"Feature","properties":{"full_id":"w369988703","osm_id":"369988703","osm_type":"way","waterway":"drain","bridge":null,"usage":null,"width":null,"ship":null,"intermittent":null,"tunnel":"yes","name:ml":null,"designation":null,"layer":"-1","boat":null,"name:ur":null,"name:te":null,"name:fa":null,"name":null},"geometry":{"type":"LineString","coordinates":[[78.4625241,17.4308929],[78.4631671,17.4305005],[78.4632491,17.4304724]]}},
{"type":"Feature","properties":{"full_id":"w377967226","osm_id":"377967226","osm_type":"way","waterway":"drain","bridge":null,"usage":null,"width":null,"ship":null,"intermittent":null,"tunnel":null,"name:ml":null,"designation":null,"layer":null,"boat":null,"name:ur":null,"name:te":null,"name:fa":null,"name":null},"geometry":{"type":"LineString","coordinates":[[78.5842684,17.2346515],[78.5842615,17.2346118],[78.5842701,17.2345703],[78.584291,17.2345091],[78.5843846,17.2343335],[78.5844435,17.234254],[78.5845198,17.2341762],[78.5846013,17.23411],[78.5846464,17.2340868],[78.5846915,17.2340702],[78.5847399,17.2340579]]}},
{"type":"Feature","properties":{"full_id":"w377967227","osm_id":"377967227","osm_type":"way","waterway":"drain","bridge":null,"usage":null,"width":null,"ship":null,"intermittent":null,"tunnel":"1","name:ml":null,"designation":null,"layer":"-1","boat":null,"name:ur":null,"name:te":null,"name:fa":null,"name":null},"geometry":{"type":"LineString","coordinates":[[78.5753111,17.2305142],[78.575596,17.2300029]]}},
{"type":"Feature","properties":{"full_id":"w377967228","osm_id":"377967228","osm_type":"way","waterway":"drain","bridge":null,"usage":null,"width":null,"ship":null,"intermittent":null,"tunnel":null,"name:ml":null,"designation":null,"layer":null,"boat":null,"name:ur":null,"name:te":null,"name:fa":null,"name":null},"geometry":{"type":"LineString","coordinates":[[78.5844419,17.2348611],[78.5845017,17.2347593]]}},
{"type":"Feature","properties":{"full_id":"w377967229","osm_id":"377967229","osm_type":"way","waterway":"drain","bridge":null,"usage":null,"width":null,"ship":null,"intermittent":null,"tunnel":null,"name:ml":null,"designation":null,"layer":null,"boat":null,"name:ur":null,"name:te":null,"name:fa":null,"name":null},"geometry":{"type":"LineString","coordinates":[[78.5842684,17.2346515],[78.5842853,17.2346593]]}},
{"type":"Feature","properties":{"full_id":"w377967230","osm_id":"377967230","osm_type":"way","waterway":"drain","bridge":null,"usage":null,"width":null,"ship":null,"intermittent":null,"tunnel":null,"name:ml":null,"designation":null,"layer":null,"boat":null,"name:ur":null,"name:te":null,"name:fa":null,"name":null},"geometry":{"type":"LineString","coordinates":[[78.5869149,17.2362291],[78.5872241,17.2364023]]}},
{"type":"Feature","properties":{"full_id":"w377967231","osm_id":"377967231","osm_type":"way","waterway":"drain","bridge":null,"usage":null,"width":null,"ship":null,"intermittent":null,"tunnel":null,"name:ml":null,"designation":null,"layer":null,"boat":null,"name:ur":null,"name:te":null,"name:fa":null,"name":null},"geometry":{"type":"LineString","coordinates":[[78.585288,17.2339666],[78.5853336,17.2339535],[78.5853811,17.2339496],[78.5854283,17.2339555],[78.5854935,17.2339782],[78.5855474,17.2340061],[78.5856802,17.2341096],[78.5857733,17.2342],[78.5858542,17.2343093],[78.5859092,17.2344026],[78.5859611,17.2345192],[78.58599,17.234611],[78.5860038,17.2347189],[78.5860053,17.2348399],[78.5859962,17.2350236],[78.5859778,17.2351941],[78.5859778,17.2352889],[78.5859824,17.235369],[78.5859916,17.2354405],[78.5860114,17.2354973],[78.5860526,17.2355775],[78.5860969,17.2356372],[78.58619,17.2357451],[78.5863029,17.2358472],[78.5864281,17.2359434],[78.5865914,17.2360454],[78.5869149,17.2362291]]}},
{"type":"Feature","properties":{"full_id":"w377967232","osm_id":"377967232","osm_type":"way","waterway":"drain","bridge":null,"usage":null,"width":null,"ship":null,"intermittent":null,"tunnel":null,"name:ml":null,"designation":null,"layer":null,"boat":null,"name:ur":null,"name:te":null,"name:fa":null,"name":null},"geometry":{"type":"LineString","coordinates":[[78.5845017,17.2347593],[78.5845314,17.2347522],[78.584556,17.234737],[78.5845793,17.2347113],[78.5846651,17.2345953],[78.5847558,17.2344571],[78.5847877,17.2344255],[78.5848245,17.2344021],[78.5849066,17.2343693],[78.5849974,17.2343447],[78.5850513,17.2343424],[78.585104,17.2343482],[78.585223,17.2343834],[78.585283,17.2344161],[78.585348,17.2344618],[78.5854228,17.2345321],[78.5854829,17.2346094],[78.5855184,17.2346785],[78.5855307,17.2347276],[78.5855307,17.2347874],[78.5855209,17.2348459],[78.5855001,17.2349103],[78.5854571,17.2349782],[78.5854155,17.2350216],[78.585348,17.2350766],[78.5853039,17.2351],[78.5851972,17.2351492],[78.5851506,17.2351609],[78.5851053,17.2351609],[78.5850489,17.2351539],[78.5849213,17.2351211],[78.5848735,17.2350989],[78.5844419,17.2348611]]}},
{"type":"Feature","properties":{"full_id":"w377967233","osm_id":"377967233","osm_type":"way","waterway":"drain","bridge":null,"usage":null,"width":null,"ship":null,"intermittent":null,"tunnel":"yes","name:ml":null,"designation":null,"layer":"-1","boat":null,"name:ur":null,"name:te":null,"name:fa":null,"name":null},"geometry":{"type":"LineString","coordinates":[[78.5842853,17.2346593],[78.5843553,17.2346967],[78.5844275,17.2347301],[78.5845017,17.2347593]]}},
{"type":"Feature","properties":{"full_id":"w377967234","osm_id":"377967234","osm_type":"way","waterway":"drain","bridge":null,"usage":null,"width":null,"ship":null,"intermittent":null,"tunnel":null,"name:ml":null,"designation":null,"layer":null,"boat":null,"name:ur":null,"name:te":null,"name:fa":null,"name":null},"geometry":{"type":"LineString","coordinates":[[78.5847399,17.2340579],[78.5849235,17.2340321],[78.5851062,17.2340017],[78.585288,17.2339666]]}},
{"type":"Feature","properties":{"full_id":"w377967235","osm_id":"377967235","osm_type":"way","waterway":"drain","bridge":null,"usage":null,"width":null,"ship":null,"intermittent":null,"tunnel":null,"name:ml":null,"designation":null,"layer":null,"boat":null,"name:ur":null,"name:te":null,"name:fa":null,"name":null},"geometry":{"type":"LineString","coordinates":[[78.5872241,17.2364023],[78.5871844,17.236519],[78.5871304,17.2367092],[78.5870251,17.2371494],[78.5869961,17.2372675]]}},
{"type":"Feature","properties":{"full_id":"w377967236","osm_id":"377967236","osm_type":"way","waterway":"drain","bridge":null,"usage":null,"width":null,"ship":null,"intermittent":null,"tunnel":null,"name:ml":null,"designation":null,"layer":null,"boat":null,"name:ur":null,"name:te":null,"name:fa":null,"name":null},"geometry":{"type":"LineString","coordinates":[[78.5835627,17.2343468],[78.5836251,17.2343584],[78.5836754,17.2343782],[78.5839182,17.2344892],[78.5840933,17.2345803],[78.5841887,17.23463],[78.5842233,17.2346432],[78.5842684,17.2346515]]}},
{"type":"Feature","properties":{"full_id":"w378337362","osm_id":"378337362","osm_type":"way","waterway":"stream","bridge":null,"usage":null,"width":null,"ship":null,"intermittent":null,"tunnel":null,"name:ml":null,"designation":null,"layer":null,"boat":null,"name:ur":null,"name:te":null,"name:fa":null,"name":null},"geometry":{"type":"LineString","coordinates":[[78.3144692,17.4808574],[78.3144914,17.4807888],[78.3144934,17.4807233],[78.314521,17.4806036],[78.3145746,17.480508],[78.3146332,17.4803701],[78.3146625,17.4802509],[78.3146568,17.479754],[78.3146825,17.4796451],[78.314681,17.4795553],[78.3146696,17.4794749],[78.3146995,17.4794091],[78.3147035,17.4793783],[78.3147318,17.479359],[78.3147722,17.479359],[78.3148146,17.4793455],[78.3148429,17.4793012],[78.314851,17.4792472],[78.314851,17.4792068],[78.3148692,17.4791779],[78.3149197,17.4791335],[78.3149641,17.4791104],[78.3150167,17.4790719]]}},
{"type":"Feature","properties":{"full_id":"w380186845","osm_id":"380186845","osm_type":"way","waterway":"canal","bridge":null,"usage":null,"width":null,"ship":null,"intermittent":null,"tunnel":null,"name:ml":null,"designation":null,"layer":null,"boat":null,"name:ur":null,"name:te":null,"name:fa":null,"name":"Laxmi Nagar Nala"},"geometry":{"type":"LineString","coordinates":[[78.4147796,17.3730463],[78.4147204,17.3729555],[78.4146466,17.3727917],[78.4146159,17.3726971],[78.414623,17.3726227],[78.4147292,17.3725529],[78.4148212,17.3724785],[78.4148968,17.3723546],[78.4149487,17.372233],[78.415003,17.3720618],[78.4150714,17.3719154],[78.4151555,17.3717724],[78.4152938,17.3716074],[78.4155423,17.3713305],[78.4160328,17.3708284]]}},
{"type":"Feature","properties":{"full_id":"w380186846","osm_id":"380186846","osm_type":"way","waterway":"canal","bridge":null,"usage":null,"width":null,"ship":null,"intermittent":null,"tunnel":"culvert","name:ml":null,"designation":null,"layer":"-1","boat":null,"name:ur":null,"name:te":null,"name:fa":null,"name":null},"geometry":{"type":"LineString","coordinates":[[78.4147886,17.3733056],[78.4147796,17.3730463]]}},
{"type":"Feature","properties":{"full_id":"w398206954","osm_id":"398206954","osm_type":"way","waterway":"river","bridge":null,"usage":null,"width":null,"ship":null,"intermittent":null,"tunnel":null,"name:ml":null,"designation":null,"layer":null,"boat":null,"name:ur":null,"name:te":null,"name:fa":null,"name":null},"geometry":{"type":"LineString","coordinates":[[78.2454199,17.5240326],[78.2449425,17.5238229],[78.2444597,17.5237462],[78.2438911,17.5239406],[78.2430918,17.5245033],[78.2427109,17.5248409],[78.2425368,17.5252092],[78.2425126,17.5253039],[78.2425086,17.5253793],[78.2425649,17.5254893],[78.2426374,17.5255302],[78.2426991,17.5256172],[78.2427312,17.5257131],[78.2427527,17.5257681],[78.2427353,17.5259049],[78.2427071,17.5259663],[78.2426749,17.5260341],[78.2425287,17.5261645],[78.2424818,17.5262246],[78.2424603,17.526286],[78.2421047,17.5272349],[78.2419974,17.5277004],[78.2421476,17.5283193],[78.2420511,17.5287848],[78.2417319,17.5294089],[78.2413564,17.5297772],[78.2407207,17.5304243],[78.240549,17.5308079],[78.2403398,17.5309461],[78.2402593,17.5311251],[78.2403023,17.5316059],[78.2402647,17.5320049],[78.2400072,17.5325369],[78.2392562,17.5337748],[78.2388431,17.5344807],[78.2388162,17.5345497],[78.2386554,17.5349615],[78.2385152,17.5353057],[78.2384654,17.5356561],[78.2384156,17.5360243],[78.2384156,17.5363866],[78.238428,17.536743],[78.2385152,17.5370399],[78.2385775,17.5373369],[78.2385588,17.537521],[78.2383969,17.5377823],[78.2383408,17.5379991],[78.2383564,17.5381565],[78.2384498,17.5383227],[78.2385121,17.5385009],[78.2385121,17.5386553],[78.2384966,17.5388097],[78.2384343,17.5390235],[78.2382972,17.5392195],[78.2381602,17.5394719],[78.2380419,17.5398164],[78.237964,17.5401371],[78.2379484,17.5403747],[78.2379547,17.5407132],[78.2379983,17.5409151],[78.2380668,17.541123],[78.2382698,17.5413439]]}},
{"type":"Feature","properties":{"full_id":"w409801471","osm_id":"409801471","osm_type":"way","waterway":"river","bridge":null,"usage":null,"width":null,"ship":null,"intermittent":null,"tunnel":null,"name:ml":null,"designation":null,"layer":null,"boat":null,"name:ur":null,"name:te":null,"name:fa":null,"name":null},"geometry":{"type":"LineString","coordinates":[[78.2382698,17.5413439],[78.2382962,17.5414442],[78.2382962,17.5415158],[78.2382855,17.541659],[78.2383552,17.5418278],[78.238382,17.5420171],[78.2381567,17.5422217],[78.2378027,17.542324],[78.2374486,17.5425081],[78.2369766,17.5429889],[78.236644,17.5434595],[78.2364079,17.543572],[78.2361719,17.5435516],[78.2359037,17.5436334],[78.2349596,17.5444825],[78.2338223,17.545976],[78.2328996,17.5467739],[78.2318482,17.5474491],[78.2314519,17.547546],[78.2310114,17.5476537],[78.2303462,17.5485743],[78.2300672,17.5492904],[78.2301745,17.5498223],[78.230668,17.550211],[78.2313332,17.5504156],[78.2320413,17.5503952],[78.2326207,17.5506816],[78.2330498,17.5511931],[78.2330498,17.5519296],[78.2326636,17.5523388],[78.2318482,17.5531162],[78.2307968,17.5535663],[78.2302603,17.5539141],[78.2300243,17.5546915],[78.2300887,17.5556121],[78.2302389,17.5564714],[78.2307968,17.557392],[78.2316122,17.5579239],[78.2323417,17.5584558],[78.2327494,17.5590081],[78.2328288,17.5595069],[78.2327564,17.5599585],[78.2326432,17.5603624],[78.2320199,17.5611562],[78.2313976,17.5612176],[78.2308182,17.5613403],[78.2298741,17.5618722],[78.2286296,17.5627314],[78.2278785,17.5631815],[78.2274923,17.5637748],[78.2272992,17.5646749],[78.2272992,17.5659637],[78.2273421,17.5674571],[78.2274923,17.5680299],[78.2272992,17.5687049],[78.2272992,17.5700755],[78.2274494,17.5703824],[78.2275352,17.571753],[78.2278356,17.573144],[78.2280931,17.5742486],[78.2285866,17.5753533],[78.2288441,17.5764579],[78.2289514,17.5773989],[78.2287368,17.5781557],[78.2283291,17.5785239],[78.2276854,17.5786671],[78.2269344,17.5792399],[78.2268057,17.5797308],[78.2263121,17.5803854],[78.2256899,17.580774],[78.2252392,17.5813468],[78.2245311,17.5815718],[78.2241664,17.5819604],[78.2233939,17.5827582],[78.2222137,17.583556],[78.2211837,17.5840878],[78.2202181,17.5845582],[78.2197032,17.584906],[78.2191453,17.585581],[78.2187805,17.5863992],[78.2187805,17.5870947],[78.2191882,17.587831],[78.2197032,17.588281],[78.2203683,17.5884651],[78.2210121,17.5887515],[78.2213554,17.5893447],[78.2213554,17.5898151],[78.2210121,17.5906128],[78.2201752,17.5914924],[78.2191667,17.5922492],[78.2186088,17.5927401],[78.218287,17.5937423],[78.2181368,17.5950309],[78.2179007,17.5959513],[78.2175574,17.5967899],[78.2170853,17.5974035],[78.2164201,17.5979967],[78.2159266,17.5986103],[78.2154975,17.5996125],[78.2153473,17.6002261],[78.2153473,17.6008397],[78.2155618,17.601351],[78.2159481,17.6019851],[78.215991,17.6025782],[78.2155833,17.6034168],[78.2150683,17.6039281],[78.2133088,17.6048076],[78.212193,17.605278],[78.2112488,17.6059938],[78.2104549,17.6067506],[78.2099828,17.6075891],[78.2099185,17.6085913],[78.2097039,17.6091435],[78.2090601,17.609798],[78.2084379,17.6103911],[78.2078156,17.6111478],[78.2073221,17.6123954],[78.2072577,17.6131725],[78.2074937,17.613827],[78.2078585,17.614236],[78.2081804,17.6149109],[78.2082018,17.615504],[78.2080087,17.6162812],[78.2074508,17.6169765],[78.2067856,17.6174469],[78.206099,17.6177741],[78.2054123,17.6177741],[78.2050905,17.6175901],[78.2050476,17.6172833],[78.2048759,17.6170174],[78.204318,17.6167925],[78.2034812,17.6165675],[78.2026443,17.6165675],[78.2017645,17.6166902],[78.2006487,17.6168538],[78.1995329,17.6168538],[78.1984815,17.6165675],[78.1977734,17.6163425],[78.1971082,17.6163425],[78.1957135,17.6169561],[78.1938467,17.6176923],[78.1914434,17.6183877],[78.1902418,17.6189807],[78.1892976,17.6197783],[78.1877098,17.6217007],[78.1864652,17.622846],[78.1853709,17.6236435],[78.184298,17.6238071],[78.183032,17.6236026],[78.1817016,17.6230914],[78.1801567,17.6229687],[78.178483,17.6230914],[78.177453,17.6235208],[78.1766591,17.6242979],[78.1760368,17.6254227],[78.1758652,17.625801],[78.175554,17.6262714],[78.1748888,17.6270587],[78.1744275,17.6276211],[78.17417,17.6281835],[78.1737838,17.6286231],[78.1732044,17.629073],[78.1727216,17.6293593],[78.1724534,17.6296456],[78.1720028,17.6296763],[78.1715414,17.6296252],[78.1710586,17.6296456],[78.1708119,17.6297377],[78.1705973,17.6299422],[78.170136,17.6300342],[78.1693098,17.6301671],[78.1688592,17.630116],[78.1684301,17.6298092],[78.1674859,17.6294514],[78.1665525,17.6292366],[78.1661663,17.6290424],[78.1659839,17.6288072],[78.165705,17.6286743],[78.1654153,17.6287049],[78.1652114,17.628889],[78.1645248,17.6300342],[78.1642458,17.6309238],[78.1637845,17.6317929],[78.1635914,17.6329176],[78.1633553,17.6339196],[78.1631086,17.6347376],[78.1624755,17.6358317],[78.1616816,17.6373858],[78.1614027,17.638899],[78.1614027,17.6400237],[78.1613812,17.6419663],[78.1615529,17.6446246],[78.1618747,17.6463422],[78.1618533,17.6471397],[78.1613383,17.647794],[78.1606516,17.648019],[78.1597719,17.648019],[78.1584281,17.6476209],[78.1572425,17.6468234],[78.1560999,17.6458624],[78.1547373,17.6449678],[78.1538147,17.6445281],[78.1533641,17.6445895],[78.1530476,17.6449422],[78.1524789,17.6465065],[78.1524575,17.6471199],[78.1526238,17.6475084],[78.1536001,17.6489807],[78.1549841,17.6512555],[78.1552014,17.6518222],[78.1553167,17.6527635],[78.1550699,17.653658],[78.1545389,17.6542919],[78.1536806,17.6548031],[78.1523287,17.6552478],[78.1507784,17.6557743],[78.149558,17.6567327],[78.1490833,17.6569602]]}},
{"type":"Feature","properties":{"full_id":"w431902178","osm_id":"431902178","osm_type":"way","waterway":"river","bridge":null,"usage":null,"width":null,"ship":null,"intermittent":null,"tunnel":null,"name:ml":null,"designation":null,"layer":null,"boat":null,"name:ur":null,"name:te":"మూసి","name:fa":null,"name":"Musi River"},"geometry":{"type":"LineString","coordinates":[[78.4408973,17.3688617],[78.4413555,17.3683654],[78.4415889,17.3680659],[78.4416794,17.36771],[78.4417773,17.3675769],[78.4419402,17.3674534],[78.4421407,17.3673888],[78.4422896,17.3673408],[78.4423982,17.3673004],[78.4425035,17.3672006],[78.4428817,17.3667526],[78.4429729,17.3666989],[78.4431083,17.3666694],[78.4433672,17.3666259],[78.4435026,17.3665773],[78.4436099,17.3664915],[78.4437239,17.3663853],[78.4439546,17.3661677],[78.4440726,17.366055],[78.4441638,17.3659475],[78.4443113,17.3657197],[78.4444588,17.3654458],[78.4445688,17.3652],[78.4446117,17.3650438],[78.4446546,17.3649261],[78.4446868,17.3647776],[78.4446882,17.3646458],[78.4447083,17.3645664],[78.4447499,17.3645011],[78.4448612,17.3644115],[78.4449725,17.3643002],[78.4450838,17.3641735],[78.4451723,17.3641069],[78.4452957,17.3640531],[78.4454405,17.3640224],[78.4455773,17.3639866],[78.4456846,17.3639488],[78.4457651,17.3639079],[78.4458871,17.3638144],[78.4460078,17.3637146],[78.4461976,17.3635162],[78.446492,17.3631674],[78.4465697,17.3630138],[78.4465858,17.362873],[78.4465697,17.3627834],[78.4465322,17.3626272],[78.446551,17.3625325],[78.4466261,17.3623712],[78.4466797,17.3622842],[78.4468889,17.3619616],[78.4470794,17.361721],[78.447302,17.3614675],[78.4475782,17.3611245],[78.4478384,17.3608071],[78.4480637,17.3605895],[78.4483963,17.3603667],[78.4487423,17.3601517],[78.4489623,17.3600186],[78.4492063,17.3599341],[78.4493512,17.3599111],[78.4495175,17.3598983],[78.4496275,17.3599085],[78.4497052,17.3599085],[78.449781,17.3599085],[78.4499567,17.3598874],[78.4501585,17.3598752],[78.4503248,17.3598931],[78.4504965,17.3599879],[78.4506199,17.3600826],[78.4506869,17.3601133],[78.4507915,17.3601261],[78.4509069,17.360121],[78.4510383,17.3601031],[78.451167,17.3600928],[78.4513146,17.3600979],[78.4514567,17.3601363],[78.4515506,17.3601824],[78.4518282,17.3603168],[78.4520039,17.3604435],[78.4521541,17.3605741],[78.4522426,17.360633],[78.4523714,17.3606663],[78.4524813,17.3606714],[78.4526718,17.3606714],[78.4528032,17.3606893],[78.4529051,17.3607277],[78.4531197,17.3608685],[78.4533155,17.3609991],[78.4534952,17.3611373],[78.4536239,17.3612371],[78.4537098,17.3612858],[78.4538412,17.3613319],[78.4539297,17.3613831],[78.4540772,17.3614778],[78.4542087,17.3615597],[78.4545627,17.3617671],[78.4547451,17.3618874],[78.4548524,17.3620051],[78.4551528,17.3624019],[78.4553459,17.3627015],[78.4554546,17.3628691],[78.4555082,17.3629805],[78.4555739,17.363152],[78.4557308,17.3637843]]}},
{"type":"Feature","properties":{"full_id":"w432395924","osm_id":"432395924","osm_type":"way","waterway":"stream","bridge":null,"usage":null,"width":null,"ship":null,"intermittent":null,"tunnel":null,"name:ml":null,"designation":null,"layer":null,"boat":null,"name:ur":null,"name:te":null,"name:fa":null,"name":null},"geometry":{"type":"LineString","coordinates":[[78.3345526,17.5615047],[78.3345948,17.5612796],[78.3346063,17.5612183],[78.3345955,17.5609114],[78.3345258,17.5606557],[78.3343273,17.5604051],[78.334161,17.5601851],[78.3340269,17.5601135],[78.3338391,17.5600266],[78.3336192,17.5599397],[78.3335119,17.559822],[78.333351,17.5597606],[78.3331632,17.5597095],[78.3329755,17.5597095],[78.3327984,17.559822],[78.3326321,17.559822],[78.3325088,17.5597862]]}},
{"type":"Feature","properties":{"full_id":"w432395925","osm_id":"432395925","osm_type":"way","waterway":"stream","bridge":null,"usage":null,"width":null,"ship":null,"intermittent":null,"tunnel":"yes","name:ml":null,"designation":null,"layer":"-1","boat":null,"name:ur":null,"name:te":null,"name:fa":null,"name":null},"geometry":{"type":"LineString","coordinates":[[78.3345043,17.5619138],[78.3345526,17.5615047]]}},
{"type":"Feature","properties":{"full_id":"w432395926","osm_id":"432395926","osm_type":"way","waterway":"stream","bridge":null,"usage":null,"width":null,"ship":null,"intermittent":null,"tunnel":null,"name:ml":null,"designation":null,"layer":null,"boat":null,"name:ur":null,"name:te":null,"name:fa":null,"name":null},"geometry":{"type":"LineString","coordinates":[[78.3344829,17.562415],[78.3344651,17.5622356],[78.3345043,17.5619138]]}},
{"type":"Feature","properties":{"full_id":"w434881622","osm_id":"434881622","osm_type":"way","waterway":"drain","bridge":null,"usage":null,"width":null,"ship":null,"intermittent":null,"tunnel":null,"name:ml":null,"designation":null,"layer":null,"boat":null,"name:ur":null,"name:te":null,"name:fa":null,"name":null},"geometry":{"type":"LineString","coordinates":[[78.3805284,17.3955816],[78.3804453,17.3954153],[78.3804131,17.3952719],[78.3804131,17.3951414],[78.3804721,17.3950083],[78.380515,17.3947421],[78.3805177,17.3945962],[78.3805204,17.3944427],[78.3805472,17.3942891],[78.3805338,17.3941713],[78.3804694,17.394069],[78.3804104,17.3939205],[78.3804184,17.3937465],[78.3804533,17.393621],[78.3804345,17.3934956],[78.3803541,17.393383],[78.3802521,17.3932909],[78.3801153,17.3932038],[78.3799812,17.3931347],[78.3799061,17.3930195],[78.3797935,17.3928813],[78.3796379,17.3927533],[78.3794984,17.3926689],[78.3794046,17.3926279],[78.3793643,17.3925537],[78.3793348,17.3924078],[78.3792624,17.3922926],[78.3791578,17.3921237],[78.3790854,17.3920162],[78.3790693,17.3918984],[78.379013,17.3918063],[78.3788923,17.3917423],[78.3787769,17.3917065],[78.3787072,17.3916143],[78.3786401,17.3915171],[78.378447,17.3911664],[78.3784014,17.3910333],[78.3783498,17.3909648],[78.3783236,17.3908081],[78.37827,17.3906519],[78.3782432,17.3905265],[78.3782432,17.3904164],[78.3782807,17.3902629],[78.3783156,17.3901221],[78.3783049,17.3900069],[78.3782995,17.389884],[78.3783209,17.3897151],[78.3783344,17.3895743],[78.3783344,17.3894105],[78.3782914,17.3892595],[78.3782351,17.3890982],[78.3782324,17.3889728],[78.3782673,17.3888244],[78.3782727,17.3886145],[78.3782458,17.3884225],[78.3781761,17.3882792],[78.3780715,17.3880257],[78.3780715,17.3878926],[78.3780715,17.3876367],[78.3780876,17.3874677],[78.3780956,17.3872041],[78.3780795,17.3869789],[78.3780393,17.3868278],[78.377983,17.3865949],[78.377983,17.386362],[78.3779883,17.3859192],[78.3779883,17.3855352],[78.3779186,17.3852792],[78.3778274,17.3850079],[78.3776236,17.3847366],[78.3774358,17.3845779],[78.3768565,17.384199]]}},
{"type":"Feature","properties":{"full_id":"w434944739","osm_id":"434944739","osm_type":"way","waterway":"stream","bridge":null,"usage":null,"width":null,"ship":null,"intermittent":null,"tunnel":null,"name:ml":null,"designation":null,"layer":null,"boat":null,"name:ur":null,"name:te":null,"name:fa":null,"name":null},"geometry":{"type":"LineString","coordinates":[[78.3165188,17.4983922],[78.3166341,17.4981428],[78.3166704,17.4980289],[78.3166757,17.4979266],[78.316673,17.4978153],[78.3167039,17.4977092],[78.3168434,17.4974917],[78.3169641,17.4973817],[78.3170512,17.4972513],[78.317062,17.4971489],[78.3170137,17.4970287],[78.3169976,17.4968752],[78.3170325,17.496755],[78.3171934,17.4965734],[78.3173409,17.4963713],[78.3174509,17.4962408],[78.3175314,17.4960822],[78.3176253,17.4958596],[78.3176709,17.495678],[78.3177084,17.4954529],[78.3177191,17.4953352],[78.3177138,17.4952585]]}},
{"type":"Feature","properties":{"full_id":"w434944740","osm_id":"434944740","osm_type":"way","waterway":"stream","bridge":null,"usage":null,"width":null,"ship":null,"intermittent":null,"tunnel":"culvert","name:ml":null,"designation":null,"layer":"-1","boat":null,"name:ur":null,"name:te":null,"name:fa":null,"name":null},"geometry":{"type":"LineString","coordinates":[[78.3177138,17.4952585],[78.317691,17.4951843],[78.317644,17.495105],[78.3175019,17.4949438]]}},
{"type":"Feature","properties":{"full_id":"w434944741","osm_id":"434944741","osm_type":"way","waterway":"stream","bridge":null,"usage":null,"width":null,"ship":null,"intermittent":null,"tunnel":null,"name:ml":null,"designation":null,"layer":null,"boat":null,"name:ur":null,"name:te":null,"name:fa":null,"name":null},"geometry":{"type":"LineString","coordinates":[[78.3175019,17.4949438],[78.3173839,17.4947903],[78.3171881,17.4945857],[78.3171264,17.4944859],[78.3170486,17.4943376],[78.3169976,17.4941841],[78.3169842,17.4940383],[78.3169574,17.4939436],[78.3169534,17.493863],[78.3169641,17.4937773],[78.3169815,17.4937236],[78.3169829,17.4936571],[78.3169668,17.4936021],[78.3169185,17.4935394],[78.3169037,17.493455],[78.3169037,17.4934],[78.3168756,17.4933168],[78.3168273,17.4932298],[78.3167361,17.493148],[78.3167263,17.4931289],[78.316715,17.4931173],[78.3166951,17.4930975],[78.3166615,17.4930697],[78.3164893,17.4930149],[78.3163338,17.4929587],[78.3160253,17.4928436],[78.3158268,17.492754],[78.3157356,17.4926977],[78.3156874,17.4926466],[78.315631,17.4926159],[78.3155076,17.4925852],[78.3154272,17.4925366],[78.3153655,17.4924573],[78.3153172,17.4923498],[78.3153065,17.4922321],[78.3153145,17.4920607],[78.3153306,17.4919584],[78.3153199,17.491851],[78.3152823,17.4917231],[78.3152233,17.4915542],[78.3151321,17.4913189],[78.3151053,17.4912268],[78.3151053,17.4911398],[78.3152032,17.4907638],[78.3152488,17.4906845],[78.3153132,17.4906077],[78.3154768,17.4904977],[78.3155237,17.4904466],[78.315576,17.4903391],[78.3155841,17.4902253],[78.3155921,17.489917],[78.3155827,17.4895857],[78.3155908,17.4894258],[78.3156404,17.4891675],[78.3157235,17.488918],[78.3157906,17.4887927],[78.3158268,17.4887159],[78.3158335,17.4886277],[78.3158174,17.4884575],[78.3157571,17.4881761],[78.315682,17.4879625],[78.3156324,17.4878218],[78.3156163,17.487699],[78.3156324,17.487575],[78.3156793,17.4875187],[78.3157745,17.4874509],[78.3158711,17.4873997],[78.3159314,17.4873358],[78.3159435,17.4872756],[78.3160602,17.4870448],[78.3161151,17.4867717],[78.3161151,17.4866438],[78.3161286,17.4865082],[78.3161245,17.486466],[78.316099,17.4864519],[78.3160602,17.4864417],[78.315576,17.4863841],[78.3152837,17.486118],[78.3152689,17.4860387],[78.3153038,17.4859773],[78.3154821,17.485623],[78.3156417,17.485577],[78.3157141,17.4855399],[78.3157249,17.4854516],[78.3157074,17.4854184],[78.3152702,17.484853],[78.3142818,17.4839819],[78.314255,17.4838808],[78.3142671,17.483703],[78.3142595,17.4832235]]}},
{"type":"Feature","properties":{"full_id":"w436189923","osm_id":"436189923","osm_type":"way","waterway":"weir","bridge":null,"usage":null,"width":null,"ship":null,"intermittent":null,"tunnel":null,"name:ml":null,"designation":null,"layer":null,"boat":null,"name:ur":null,"name:te":null,"name:fa":null,"name":null},"geometry":{"type":"LineString","coordinates":[[78.5977685,17.3869289],[78.5977887,17.3870787],[78.59779,17.3872002],[78.5977927,17.3873154],[78.5978034,17.3874498],[78.5978182,17.3875458],[78.5978155,17.3876251],[78.597904,17.3878786],[78.5979134,17.3879553],[78.5979053,17.388027],[78.5978664,17.3880936],[78.5977618,17.3882728]]}},
{"type":"Feature","properties":{"full_id":"w454931104","osm_id":"454931104","osm_type":"way","waterway":"river","bridge":null,"usage":null,"width":null,"ship":null,"intermittent":null,"tunnel":null,"name:ml":null,"designation":null,"layer":null,"boat":null,"name:ur":null,"name:te":null,"name:fa":null,"name":null},"geometry":{"type":"LineString","coordinates":[[78.2788474,17.5540677],[78.2780293,17.5539174],[78.2764514,17.5533907],[78.2755609,17.552828],[78.274606,17.5522961],[78.2735224,17.5520608],[78.2722242,17.5520199],[78.2709904,17.5515391],[78.2692952,17.5512834],[78.2683404,17.5511811],[78.2673319,17.5505367],[78.2662697,17.5494421],[78.265508,17.5485931],[78.2650895,17.5484192],[78.2641025,17.5485112],[78.2637055,17.5487874],[78.2636733,17.5492375],[78.2639737,17.5499536],[78.2639952,17.5504753],[78.2637055,17.5515391],[78.2633085,17.5521631],[78.262697,17.5525519],[78.2620104,17.5526541],[78.2610018,17.5526541],[78.2596675,17.5524978],[78.2587309,17.5521218],[78.258164,17.5516047],[78.2577203,17.5508057],[78.2570548,17.5504297],[78.2562167,17.5501947],[78.2550829,17.5501007],[78.2532836,17.5504062],[78.2526181,17.5506882],[78.2519279,17.5516282],[78.2513117,17.5521923],[78.2507448,17.5522393],[78.2497342,17.5519573],[78.2485511,17.5514402],[78.2473926,17.5513462],[78.2463081,17.5518163],[78.2458891,17.5525683],[78.2458891,17.5535553],[78.2460123,17.5549888],[78.2456919,17.5560699],[78.2444841,17.5574094],[78.2427094,17.5589604],[78.2418221,17.5596889],[78.2414736,17.5599022],[78.2409347,17.5600884],[78.2398995,17.5600179],[78.2391354,17.5597124],[78.2384945,17.5590779],[78.2381495,17.5583729],[78.2380262,17.5574799],[78.2376811,17.5571509],[78.2368185,17.5568924],[78.2360544,17.5570569],[78.2355367,17.5576914],[78.2355121,17.5584434],[78.2359311,17.5591014],[78.2359311,17.5596654],[78.2355367,17.5603939],[78.2346247,17.5609344],[78.2340825,17.5608874],[78.2332691,17.5604409],[78.2329788,17.5603365],[78.2326432,17.5603624]]}},
{"type":"Feature","properties":{"full_id":"w468492166","osm_id":"468492166","osm_type":"way","waterway":"canal","bridge":null,"usage":null,"width":null,"ship":null,"intermittent":null,"tunnel":null,"name:ml":null,"designation":null,"layer":null,"boat":null,"name:ur":null,"name:te":null,"name:fa":null,"name":"Sai Priya Colony canal"},"geometry":{"type":"LineString","coordinates":[[78.5885992,17.4963446],[78.5884052,17.4970308],[78.5881883,17.4976879],[78.5880564,17.498157],[78.5879142,17.4986634],[78.5877909,17.4990795],[78.5876563,17.4995389],[78.5875007,17.5001177]]}},
{"type":"Feature","properties":{"full_id":"w514454222","osm_id":"514454222","osm_type":"way","waterway":"stream","bridge":null,"usage":null,"width":null,"ship":null,"intermittent":null,"tunnel":null,"name:ml":null,"designation":null,"layer":null,"boat":null,"name:ur":null,"name:te":null,"name:fa":null,"name":null},"geometry":{"type":"LineString","coordinates":[[78.5614139,17.4138966],[78.5614246,17.4137482],[78.5614622,17.4134539],[78.5614246,17.4133438],[78.5614005,17.4131084],[78.5614566,17.4128203],[78.5616076,17.4125094],[78.5617377,17.412377]]}},
{"type":"Feature","properties":{"full_id":"w514454223","osm_id":"514454223","osm_type":"way","waterway":"stream","bridge":null,"usage":null,"width":null,"ship":null,"intermittent":null,"tunnel":null,"name:ml":null,"designation":null,"layer":null,"boat":null,"name:ur":null,"name:te":null,"name:fa":null,"name":null},"geometry":{"type":"LineString","coordinates":[[78.5617377,17.412377],[78.5620737,17.4122587],[78.562409,17.4121846],[78.5625968,17.4120873],[78.562645,17.412031],[78.562618,17.4119118],[78.5625697,17.4118145],[78.5626048,17.4116907],[78.5627309,17.4115729],[78.5627818,17.411491],[78.562814,17.4110201],[78.5628033,17.4108179],[78.5627792,17.4105441],[78.5628623,17.4103445],[78.5630796,17.4102421],[78.5632539,17.4101627],[78.5633129,17.4100015],[78.5634282,17.4098684],[78.5637072,17.4096969],[78.5639352,17.4095434],[78.5640183,17.409354],[78.5640747,17.4090725],[78.5643348,17.4086323]]}},
{"type":"Feature","properties":{"full_id":"w514454224","osm_id":"514454224","osm_type":"way","waterway":"stream","bridge":null,"usage":null,"width":null,"ship":null,"intermittent":null,"tunnel":null,"name:ml":null,"designation":null,"layer":null,"boat":null,"name:ur":null,"name:te":null,"name:fa":null,"name":null},"geometry":{"type":"LineString","coordinates":[[78.5591606,17.4166029],[78.5594532,17.416374],[78.5595873,17.4162691],[78.5598046,17.4161181],[78.5600272,17.4160618],[78.5602552,17.4160515],[78.5605073,17.4159492],[78.5606709,17.4157521],[78.5607139,17.4155499]]}},
{"type":"Feature","properties":{"full_id":"w514454225","osm_id":"514454225","osm_type":"way","waterway":"stream","bridge":null,"usage":null,"width":null,"ship":null,"intermittent":null,"tunnel":null,"name:ml":null,"designation":null,"layer":null,"boat":null,"name:ur":null,"name:te":null,"name:fa":null,"name":null},"geometry":{"type":"LineString","coordinates":[[78.5607645,17.4154359],[78.5608319,17.4152838],[78.5608855,17.4151276],[78.5610169,17.414969],[78.5611752,17.4148794],[78.5613442,17.4147898],[78.5614595,17.4146567],[78.5614461,17.4144776],[78.5614032,17.4143343],[78.5614032,17.4142217],[78.5614139,17.4140118]]}},
{"type":"Feature","properties":{"full_id":"w514454226","osm_id":"514454226","osm_type":"way","waterway":"stream","bridge":null,"usage":null,"width":null,"ship":null,"intermittent":null,"tunnel":null,"name:ml":null,"designation":null,"layer":null,"boat":null,"name:ur":null,"name:te":null,"name:fa":null,"name":null},"geometry":{"type":"LineString","coordinates":[[78.5643348,17.4086323],[78.5644153,17.4085529],[78.5646245,17.4082228],[78.5648847,17.4079182],[78.5650268,17.4077953],[78.5652385,17.4077733],[78.565405,17.4077237],[78.565566,17.4076495],[78.5658232,17.4075583],[78.5663438,17.4073884],[78.5666308,17.4074114],[78.5668212,17.4074805],[78.5670382,17.4075942],[78.5673735,17.4077145],[78.5676205,17.4077953],[78.5677466,17.4078414],[78.5678456,17.4078629],[78.5679934,17.4078209]]}},
{"type":"Feature","properties":{"full_id":"w514454227","osm_id":"514454227","osm_type":"way","waterway":"stream","bridge":null,"usage":null,"width":null,"ship":null,"intermittent":null,"tunnel":null,"name:ml":null,"designation":null,"layer":null,"boat":null,"name:ur":null,"name:te":null,"name:fa":null,"name":null},"geometry":{"type":"LineString","coordinates":[[78.554526,17.417303],[78.5546172,17.4172902],[78.5546038,17.417129],[78.5545823,17.4170087],[78.5546226,17.4167963],[78.5546494,17.4167016],[78.5547889,17.4165506],[78.5549149,17.4164405],[78.5550034,17.4164508],[78.5550866,17.4164508],[78.5552448,17.4165096],[78.5553277,17.416498],[78.555454,17.4164354],[78.5556337,17.4163996],[78.5558242,17.4163868],[78.5561219,17.4163177],[78.5563338,17.4162486],[78.5564223,17.4162793],[78.5565564,17.4164533],[78.5566637,17.4165557],[78.5567922,17.4166464],[78.5569453,17.4167016],[78.5572109,17.4166939],[78.5574308,17.4166811]]}},
{"type":"Feature","properties":{"full_id":"w514454228","osm_id":"514454228","osm_type":"way","waterway":"stream","bridge":null,"usage":null,"width":null,"ship":null,"intermittent":null,"tunnel":null,"name:ml":null,"designation":null,"layer":null,"boat":null,"name:ur":null,"name:te":null,"name:fa":null,"name":null},"geometry":{"type":"LineString","coordinates":[[78.5575301,17.4166811],[78.5576535,17.416676],[78.5579592,17.4166888],[78.5581899,17.4167169],[78.5584608,17.416786],[78.5587129,17.416873],[78.5588414,17.4168537],[78.5589651,17.416786],[78.5591072,17.4166837]]}},
{"type":"Feature","properties":{"full_id":"w514454229","osm_id":"514454229","osm_type":"way","waterway":"stream","bridge":null,"usage":null,"width":null,"ship":null,"intermittent":null,"tunnel":null,"name:ml":null,"designation":null,"layer":null,"boat":null,"name:ur":null,"name:te":null,"name:fa":null,"name":null},"geometry":{"type":"LineString","coordinates":[[78.5681004,17.4077989],[78.5683555,17.4077058],[78.5684681,17.4075676],[78.5686022,17.4074601],[78.5686827,17.4073756],[78.5687229,17.407176],[78.5687176,17.4069815],[78.568669,17.4068264],[78.5687095,17.4067255],[78.5690338,17.4066702],[78.5693586,17.4065899],[78.5695021,17.4065592],[78.5696322,17.4065547],[78.5697824,17.4065771],[78.5699353,17.4066232],[78.5700667,17.4066232],[78.5702999,17.4065771],[78.5704877,17.4065285],[78.5706245,17.4065464],[78.5708631,17.4065858],[78.5709517,17.4066513],[78.5710912,17.4067972],[78.5712521,17.4068381],[78.5714962,17.4068381],[78.5718796,17.4067649],[78.5723195,17.4066191],[78.5728749,17.4063902],[78.5732182,17.4062546],[78.5736017,17.4060371],[78.57387,17.4058093],[78.5741838,17.405538],[78.5743286,17.4053921],[78.5743367,17.4051566],[78.5743501,17.4049212],[78.574401,17.4047548],[78.5745378,17.4045961],[78.5746853,17.4045372],[78.5748543,17.4045552],[78.5750394,17.40455],[78.575254,17.4045782],[78.5754605,17.4045911]]}},
{"type":"Feature","properties":{"full_id":"w528348696","osm_id":"528348696","osm_type":"way","waterway":"drain","bridge":null,"usage":null,"width":null,"ship":null,"intermittent":null,"tunnel":null,"name:ml":null,"designation":null,"layer":null,"boat":null,"name:ur":null,"name:te":null,"name:fa":null,"name":null},"geometry":{"type":"LineString","coordinates":[[78.4074277,17.59302],[78.4076619,17.5932006],[78.4079959,17.5935094],[78.4087037,17.5940368],[78.4090376,17.5943266]]}},
{"type":"Feature","properties":{"full_id":"w550045325","osm_id":"550045325","osm_type":"way","waterway":"stream","bridge":null,"usage":null,"width":null,"ship":null,"intermittent":"yes","tunnel":null,"name:ml":null,"designation":null,"layer":null,"boat":null,"name:ur":null,"name:te":null,"name:fa":null,"name":null},"geometry":{"type":"LineString","coordinates":[[78.6235553,17.2214379],[78.6239845,17.2216531],[78.6245584,17.2217915],[78.6250949,17.2219093],[78.6255133,17.2219247],[78.6259425,17.2218632],[78.6264574,17.2216122],[78.6266506,17.2215199],[78.6268705,17.2215455],[78.6269778,17.2216531],[78.6271521,17.2217966],[78.627415,17.2219042],[78.627651,17.221976],[78.6278227,17.2220682],[78.6278871,17.2221655],[78.6279273,17.2223526],[78.6280936,17.2226702],[78.6282384,17.2229136],[78.6283511,17.2231288],[78.6285147,17.2233235],[78.6287239,17.2234772],[78.6288902,17.2235823],[78.6290485,17.2235362],[78.6291075,17.2235439],[78.629365,17.2236822],[78.6298746,17.2238154],[78.6303467,17.224046],[78.6308134,17.2241997],[78.6318058,17.2243227],[78.6323047,17.2243381],[78.632943,17.2244303],[78.6336404,17.224584],[78.6344558,17.2249017],[78.6359847,17.2255114],[78.6371863,17.2259111],[78.6383021,17.2262902],[78.6386239,17.2263876],[78.6395466,17.2266796],[78.6404586,17.2268538],[78.6410648,17.2270434],[78.6423415,17.2274072]]}},
{"type":"Feature","properties":{"full_id":"w643682790","osm_id":"643682790","osm_type":"way","waterway":"weir","bridge":null,"usage":null,"width":null,"ship":null,"intermittent":null,"tunnel":null,"name:ml":null,"designation":null,"layer":null,"boat":null,"name:ur":null,"name:te":null,"name:fa":null,"name":null},"geometry":{"type":"LineString","coordinates":[[78.5780876,17.3900692],[78.5781773,17.3890066]]}},
{"type":"Feature","properties":{"full_id":"w645171898","osm_id":"645171898","osm_type":"way","waterway":"weir","bridge":null,"usage":null,"width":null,"ship":null,"intermittent":null,"tunnel":null,"name:ml":null,"designation":null,"layer":null,"boat":null,"name:ur":null,"name:te":null,"name:fa":null,"name":null},"geometry":{"type":"LineString","coordinates":[[78.3991514,17.336816],[78.3985058,17.336963],[78.3980155,17.3370746]]}},
{"type":"Feature","properties":{"full_id":"w646202448","osm_id":"646202448","osm_type":"way","waterway":"weir","bridge":null,"usage":null,"width":null,"ship":null,"intermittent":null,"tunnel":null,"name:ml":null,"designation":null,"layer":null,"boat":null,"name:ur":null,"name:te":null,"name:fa":null,"name":null},"geometry":{"type":"LineString","coordinates":[[78.5169724,17.3804593],[78.5164838,17.3798844],[78.5163855,17.3797687]]}},
{"type":"Feature","properties":{"full_id":"w737789244","osm_id":"737789244","osm_type":"way","waterway":"canal","bridge":null,"usage":null,"width":null,"ship":null,"intermittent":null,"tunnel":"culvert","name:ml":null,"designation":null,"layer":"-1","boat":null,"name:ur":null,"name:te":null,"name:fa":null,"name":"Ashoknagar Nala"},"geometry":{"type":"LineString","coordinates":[[78.4858614,17.4243741],[78.486186,17.4243229]]}},
{"type":"Feature","properties":{"full_id":"w737789245","osm_id":"737789245","osm_type":"way","waterway":"canal","bridge":null,"usage":null,"width":null,"ship":null,"intermittent":null,"tunnel":null,"name:ml":null,"designation":null,"layer":null,"boat":null,"name:ur":null,"name:te":null,"name:fa":null,"name":"Ashoknagar Nala"},"geometry":{"type":"LineString","coordinates":[[78.483279,17.4254475],[78.4842132,17.4248053],[78.4843715,17.4247337],[78.4858614,17.4243741]]}},
{"type":"Feature","properties":{"full_id":"w748838167","osm_id":"748838167","osm_type":"way","waterway":"canal","bridge":null,"usage":null,"width":"3","ship":"no","intermittent":null,"tunnel":null,"name:ml":null,"designation":null,"layer":null,"boat":"no","name:ur":null,"name:te":null,"name:fa":null,"name":null},"geometry":{"type":"LineString","coordinates":[[78.5008345,17.4506701],[78.5010333,17.4510739],[78.5015344,17.4516085],[78.5017644,17.4520966]]}},
{"type":"Feature","properties":{"full_id":"w759569823","osm_id":"759569823","osm_type":"way","waterway":"river","bridge":null,"usage":null,"width":null,"ship":null,"intermittent":null,"tunnel":null,"name:ml":null,"designation":null,"layer":null,"boat":null,"name:ur":null,"name:te":null,"name:fa":null,"name":null},"geometry":{"type":"LineString","coordinates":[[78.3172512,17.5584394],[78.3172069,17.5583061],[78.3171609,17.5581492],[78.3171485,17.5580396],[78.3171751,17.5579232],[78.3171768,17.5578641],[78.3171556,17.5578118],[78.3171008,17.557746],[78.3170618,17.5576853],[78.3170353,17.5576093],[78.3169999,17.5575267],[78.3169893,17.5574744],[78.3169981,17.5574153],[78.3169999,17.5573765],[78.316984,17.557336],[78.3169433,17.5572753],[78.3169273,17.5572399],[78.3169256,17.5571875],[78.3169503,17.5571369],[78.3169503,17.5570829],[78.3169503,17.5570138],[78.3169362,17.5569615],[78.316876,17.5568771],[78.3168584,17.55684],[78.3168514,17.5567988],[78.3168549,17.5567432],[78.3168467,17.5566942],[78.3168502,17.5566452],[78.3168841,17.5566029],[78.3169214,17.5565628],[78.3169389,17.5565228],[78.3169436,17.5564582],[78.3169296,17.5563847],[78.3169191,17.5563346],[78.3169051,17.5562846],[78.3168736,17.5562189],[78.316842,17.5561588],[78.3168187,17.556092],[78.316793,17.5560063],[78.316758,17.5558571],[78.3167089,17.5556657],[78.3166471,17.5554063],[78.3165677,17.5551258],[78.3165198,17.5549366],[78.316521,17.5549121],[78.3165373,17.554892],[78.316619,17.5548486],[78.3167043,17.5547952],[78.316737,17.5547629],[78.3167416,17.5547384],[78.3167358,17.5547162],[78.3166377,17.554459],[78.316605,17.5543566],[78.3165793,17.5542609],[78.3165432,17.5541062],[78.3165291,17.5540672],[78.3165023,17.5540349],[78.3164474,17.5539693],[78.3164042,17.5539292],[78.3163424,17.5539021],[78.3163116,17.5538713],[78.3162916,17.5538184],[78.3162654,17.5537303],[78.3162592,17.5536598],[78.3162346,17.5536201],[78.3161807,17.5535702],[78.3161052,17.5535026],[78.3160436,17.5534365],[78.3159604,17.5533425],[78.3159234,17.5533073],[78.3157848,17.5532015],[78.3157324,17.553178],[78.3156769,17.5531707],[78.3155922,17.5531572],[78.3155496,17.5531455],[78.3154936,17.5531171],[78.3154457,17.553076],[78.3154048,17.553047],[78.3153476,17.5530214],[78.315298,17.5529891],[78.3152572,17.5529624],[78.3152023,17.5529101],[78.3151655,17.5528684],[78.3151246,17.5528099],[78.3151071,17.552791],[78.3150832,17.552781],[78.3150517,17.5527843],[78.3149904,17.5528121],[78.3149589,17.5528116],[78.3149145,17.552791],[78.3148801,17.5527548],[78.3148287,17.5526802],[78.3147931,17.5526118],[78.3147639,17.5525628],[78.3147312,17.5525272],[78.3146845,17.5524988],[78.3146133,17.5524582],[78.3145479,17.5524387],[78.3144393,17.5524164],[78.3144055,17.5524003],[78.3143687,17.5523758],[78.3143214,17.5523558],[78.314277,17.552353],[78.3142414,17.5523469],[78.3142157,17.5523318],[78.3141796,17.5522995],[78.3141305,17.5522589],[78.3140832,17.5522311],[78.3140289,17.5522049],[78.3139601,17.5521994],[78.313918,17.5521921],[78.3138766,17.5521676],[78.3138083,17.5521265],[78.3137347,17.5520869],[78.3136583,17.552063],[78.3135976,17.5520563],[78.3135567,17.5520385],[78.3135223,17.5520034],[78.3135024,17.5519634],[78.313475,17.5519294],[78.3134347,17.5518983],[78.3133903,17.5518727],[78.3133355,17.5518521],[78.3132911,17.5518248],[78.3132584,17.5517825],[78.3132374,17.5517446],[78.3132222,17.5516862],[78.3131918,17.5516216],[78.3131574,17.5515788],[78.3131055,17.5515354],[78.3130477,17.5514825],[78.3130126,17.5514324],[78.3129957,17.5513729],[78.3129659,17.5513049],[78.3129303,17.5512565],[78.3129157,17.551217],[78.3129087,17.5511797],[78.3129058,17.5511124],[78.3128889,17.5510634],[78.3128679,17.5510194],[78.3128533,17.5509771],[78.3128422,17.5509215],[78.3128241,17.5508653],[78.3128048,17.5508241],[78.3127605,17.5507829],[78.3127254,17.5507768],[78.3126665,17.5507784],[78.3126309,17.5507628],[78.3126063,17.5507294],[78.3125807,17.5506794],[78.3125509,17.5506192],[78.3125176,17.5505536],[78.3124814,17.550484],[78.312416,17.5504144],[78.3123647,17.5503838],[78.3123232,17.5503788],[78.3122555,17.550376],[78.3122001,17.5503671],[78.3121446,17.5503371],[78.3120903,17.5503098],[78.31205,17.5502781],[78.3120156,17.5502486],[78.3119724,17.5502246],[78.311921,17.550204],[78.3117862,17.5501556],[78.3116922,17.5501222],[78.3116321,17.5500883],[78.3115947,17.5500666],[78.3115562,17.5500649],[78.3115118,17.5500744],[78.3114517,17.5501094],[78.3114108,17.5501116],[78.3113653,17.5500916],[78.3113274,17.5500437],[78.3112894,17.5499809],[78.3112328,17.5499035],[78.3111902,17.5498707],[78.3111341,17.5498528],[78.3110723,17.5498567],[78.3109999,17.5498784],[78.3109397,17.5499118],[78.310882,17.5499463],[78.3108399,17.5499619],[78.3107926,17.5499692],[78.3107267,17.5499697],[78.3106619,17.5499736],[78.3106222,17.5499814],[78.3105977,17.5500048],[78.3105562,17.5500682],[78.3105375,17.5501417],[78.3105347,17.5502317],[78.3105225,17.5502859],[78.31049,17.5503499],[78.3104524,17.5503867],[78.3104077,17.5503954],[78.3103538,17.5503857],[78.3102918,17.5503344],[78.3102318,17.5502995],[78.3101688,17.5502956],[78.3101028,17.5503102],[78.310053,17.5503102],[78.3100143,17.5502888],[78.3099798,17.550252],[78.3099523,17.5502268],[78.3099249,17.5502229],[78.3099036,17.5502394],[78.3099076,17.5502724],[78.309934,17.550315],[78.3099462,17.550377],[78.30993,17.5504226],[78.3099096,17.55044],[78.3098365,17.5504487],[78.3097846,17.5504749],[78.3097186,17.550534],[78.3096495,17.5506028],[78.3095468,17.5506571],[78.3094391,17.5506968],[78.3092927,17.5507307],[78.3092216,17.5507714],[78.309186,17.5508112],[78.3091525,17.5508897],[78.3091172,17.5509647],[78.3091275,17.5510249],[78.309131,17.5510785],[78.3090968,17.5511118],[78.3090192,17.5511347],[78.3089418,17.5511394],[78.3088827,17.5511392],[78.3088387,17.5511217],[78.3087946,17.5510657],[78.3087249,17.5510167],[78.3086551,17.5510132],[78.308578,17.5510237],[78.3085009,17.5510517],[78.3084092,17.5510587],[78.3082954,17.5510447],[78.3081999,17.5510062],[78.3081559,17.5509467],[78.3081192,17.5508592],[78.3081045,17.5507857],[78.3080531,17.5507402],[78.307976,17.5507297],[78.3078695,17.5507297],[78.3077521,17.5507297],[78.3076493,17.5507052],[78.3075575,17.5506877],[78.3074511,17.5506877],[78.307374,17.5507052],[78.3072895,17.5507717],[78.3072051,17.5508382],[78.3071354,17.5508697],[78.3070326,17.5508837],[78.3069518,17.5509187],[78.3069078,17.5509607],[78.3068894,17.5510202],[78.3068894,17.5511147],[78.3069225,17.5511847],[78.3069261,17.5512932],[78.3068931,17.5513387],[78.3068013,17.5513632],[78.3066949,17.5513457],[78.3065811,17.5512547],[78.3064416,17.5512232],[78.3063131,17.5512372],[78.3061883,17.5512652],[78.3060781,17.5512967],[78.3059056,17.5513737],[78.3058249,17.5513982],[78.3057918,17.5514437],[78.3057918,17.5514857],[78.3057588,17.5515137],[78.3056927,17.5515277],[78.3055973,17.5515207],[78.3054798,17.5515207],[78.3053476,17.5515067],[78.3052559,17.5515102],[78.3051751,17.5515347],[78.3050833,17.5515662],[78.3049989,17.5515662],[78.3048998,17.5515347],[78.304797,17.5515172],[78.3047162,17.5515382],[78.3046649,17.5515977],[78.3046538,17.5516817],[78.3045951,17.5517587],[78.3045364,17.5517972],[78.3044923,17.5518567],[78.3044189,17.5519477],[78.3043455,17.5520387],[78.30425,17.5521332],[78.3041656,17.5521892],[78.3041069,17.5522487],[78.3040114,17.5522977],[78.3039417,17.5523747],[78.3038462,17.5524307],[78.3037765,17.5524552],[78.3036921,17.5525182],[78.303604,17.5525392],[78.3034755,17.5525427],[78.3033874,17.5525147],[78.3032846,17.5524552],[78.3031524,17.5523852],[78.303079,17.5523152],[78.3029873,17.5522277],[78.3028771,17.5521437],[78.3027927,17.5520912],[78.3026605,17.5520177],[78.3025578,17.5519687],[78.302444,17.5518777],[78.3023118,17.5518077],[78.3021319,17.5516922],[78.3018644,17.5515636],[78.30161,17.5514928],[78.3013768,17.5514389],[78.3011718,17.551385],[78.3009846,17.5513143],[78.300762,17.5512739],[78.3005394,17.5512503],[78.3003062,17.5512132],[78.3001083,17.5511593],[78.2999127,17.5510997],[78.2997501,17.5510222],[78.2995417,17.5509279],[78.2993509,17.5508471],[78.299206,17.5508066],[78.2990399,17.5507797],[78.298888,17.5507595],[78.2987431,17.5507595],[78.2986018,17.5507898],[78.2984427,17.5508121],[78.298358,17.5508282],[78.2982685,17.5508639],[78.2982162,17.5508988],[78.2981684,17.5509296],[78.2981392,17.5509708],[78.2981268,17.5510251],[78.2981315,17.5510736],[78.2981299,17.5511353],[78.2981299,17.5512088],[78.2981453,17.551269],[78.2981592,17.5513336],[78.2981711,17.55143],[78.2981711,17.5515035],[78.2981958,17.5515799],[78.2982128,17.551646],[78.2982312,17.5517106],[78.298259,17.5517694],[78.2982975,17.5518105],[78.298336,17.5518458],[78.2983638,17.5518943],[78.2983853,17.5519516],[78.2984304,17.5520888],[78.2984767,17.5521402],[78.2985337,17.5522034],[78.2985861,17.5522269],[78.2986431,17.5522607],[78.2986924,17.5523033],[78.2987448,17.5523694],[78.2987772,17.5524326],[78.2988265,17.5524679],[78.2988681,17.5525075],[78.2989112,17.552581],[78.2989505,17.5526844],[78.2989628,17.5527549],[78.298989,17.5528504],[78.2990368,17.5529121],[78.2990676,17.5529723],[78.2991107,17.5530546],[78.2991616,17.5531163],[78.2992001,17.5531736],[78.2992247,17.5532206],[78.299254,17.5532999],[78.2993161,17.5534347],[78.2993577,17.5534993],[78.2993808,17.5535625],[78.2993916,17.5536198],[78.2993839,17.5536742],[78.2993672,17.5537563],[78.2993213,17.5538258],[78.2992735,17.5538611],[78.2992242,17.5538714],[78.2991672,17.5538846],[78.2990763,17.5539008],[78.2990085,17.5538963],[78.2989468,17.5538905],[78.2988852,17.5539052],[78.2988313,17.5539052],[78.2987835,17.5539052],[78.2987511,17.553914],[78.2987265,17.553936],[78.2986987,17.5539654],[78.2986602,17.5540168],[78.2986124,17.5540521],[78.2985816,17.5541108],[78.2985416,17.5541549],[78.2985107,17.5541799],[78.2984722,17.5542357],[78.2984275,17.5542769],[78.2983829,17.5543136],[78.2983305,17.5543459],[78.2982692,17.5543999],[78.2982247,17.5544705],[78.2981832,17.5545101],[78.2981269,17.5545327],[78.2980676,17.5545581],[78.2980024,17.5545892],[78.2979579,17.5546344],[78.2979016,17.5547051],[78.2978334,17.5547588],[78.2977563,17.5548153],[78.297703,17.5548549],[78.2976437,17.5549171],[78.2975874,17.5549679],[78.2975459,17.5550414],[78.2975251,17.555098],[78.2975014,17.5551177],[78.297454,17.555129],[78.2974065,17.5551347],[78.2973591,17.5551714],[78.2973206,17.555228],[78.2972939,17.555276],[78.2972583,17.5553071],[78.297199,17.5553354],[78.2971338,17.5553438],[78.2970893,17.5553721],[78.2970775,17.5554315],[78.2970538,17.5554936],[78.2970123,17.5555558],[78.2969559,17.5555954],[78.2968818,17.5556434],[78.2968255,17.5556604],[78.2967544,17.5556604],[78.2966921,17.555683],[78.2966447,17.5557282],[78.2965853,17.5558087],[78.2965438,17.5559246],[78.2964963,17.5559896],[78.2964578,17.5560517],[78.2964133,17.556145],[78.296363,17.5562411],[78.2963066,17.5563118],[78.2961969,17.5564333],[78.2960458,17.5565972],[78.2959242,17.5567357],[78.2958442,17.5568601],[78.2957671,17.5569505],[78.2956693,17.5570409],[78.2956219,17.5571144],[78.2955893,17.5571851],[78.2955566,17.5572812],[78.2955338,17.5573658],[78.295513,17.5574308],[78.2954567,17.5575127],[78.2954212,17.5576003],[78.2953856,17.5576964],[78.2953322,17.5578038],[78.2952818,17.5579112],[78.2952255,17.5580215],[78.2951751,17.558126],[78.2951306,17.5582136],[78.2950447,17.5583182],[78.2949189,17.558441],[78.2948507,17.558489],[78.2947647,17.5585484],[78.2946906,17.5585738],[78.2945928,17.5586021],[78.2944979,17.5586077],[78.2943764,17.5586105],[78.29424,17.5586218],[78.2941244,17.5586558],[78.293994,17.5586925],[78.2938517,17.5587179],[78.2937598,17.558749],[78.2936116,17.5587886],[78.2935049,17.5588451],[78.293407,17.5589101],[78.2932894,17.5589423],[78.2931797,17.5589847],[78.2930938,17.5590271],[78.2930048,17.559061],[78.2928922,17.5590808],[78.2927825,17.5590865],[78.2926639,17.5591147],[78.2925513,17.5591628],[78.2924357,17.5591797],[78.2923349,17.5591684],[78.2922341,17.5591543],[78.2921215,17.55916],[78.2920503,17.5591769],[78.2919881,17.5591995],[78.291868,17.5593107],[78.291788,17.5593559],[78.2916902,17.5593898],[78.291619,17.5594294],[78.2915657,17.5594831],[78.2915271,17.5595651],[78.2914767,17.5596329],[78.2914115,17.5596838],[78.29137,17.5597657],[78.2913463,17.5598872],[78.2913078,17.5599325],[78.2912336,17.5600342],[78.2911468,17.5601039],[78.2910638,17.5601661],[78.2909334,17.5602113],[78.2908178,17.560282],[78.2906874,17.5603272],[78.2905599,17.5603413],[78.2904413,17.5603752],[78.2903287,17.5603724],[78.290219,17.5603639],[78.2900975,17.5603724],[78.2899878,17.5603724],[78.2898455,17.560347],[78.2897417,17.5603272],[78.2896647,17.5602876],[78.2895816,17.5602198],[78.2895253,17.5601463],[78.2894957,17.5600615],[78.2894334,17.5599993],[78.2893475,17.5599626],[78.2892674,17.5598863],[78.2892259,17.5598043],[78.2892186,17.5596597],[78.2891682,17.5595947],[78.2890615,17.5595297],[78.2889755,17.5594591],[78.2888985,17.5594223],[78.2888095,17.5593658],[78.2887413,17.5592923],[78.2885902,17.5591708],[78.2884983,17.5591482],[78.2884153,17.5590888],[78.2883834,17.5590188],[78.2883869,17.5589555],[78.2884218,17.5588822],[78.2884952,17.5588223],[78.2885197,17.558729],[78.2885476,17.558659],[78.2885476,17.5585591],[78.2885371,17.5585058],[78.2884847,17.5584258],[78.2884603,17.5583692],[78.2884253,17.5582759],[78.2883904,17.5582093],[78.2883345,17.5581327],[78.2882995,17.5580894],[78.2882297,17.5580527],[78.2881423,17.5580194],[78.2881074,17.5580061],[78.2879816,17.5579261],[78.2879431,17.5578895],[78.2878418,17.5577962],[78.2877545,17.5577229],[78.2876706,17.5576996],[78.2875308,17.5576563],[78.2873946,17.557633],[78.2872478,17.5576363],[78.287134,17.5576261],[78.2870187,17.5575995],[78.2869173,17.5575795],[78.2867566,17.5575595],[78.2865889,17.5575562],[78.2864701,17.5575562],[78.2863338,17.5575662],[78.2861976,17.5575328],[78.2861242,17.5574929],[78.2860194,17.5574795],[78.2859145,17.5574496],[78.2858202,17.5574029],[78.2857748,17.557343],[78.2857259,17.5572663],[78.2857084,17.5571997],[78.2857049,17.5571098],[78.2856874,17.5570465],[78.285642,17.5569832],[78.2855917,17.5568776],[78.2855009,17.5567944],[78.285417,17.5567311],[78.2853506,17.5566445],[78.2852633,17.5565578],[78.2851759,17.5565179],[78.2850851,17.5564779],[78.2850047,17.5564212],[78.2849034,17.5563979],[78.2847985,17.5563979],[78.2846413,17.5563779],[78.284519,17.556348],[78.2843862,17.5563013],[78.2843338,17.5562547],[78.2842989,17.5561881],[78.2842744,17.5560981],[78.2842164,17.5559988],[78.28415,17.5559422],[78.2840312,17.5558556],[78.2839447,17.5557896],[78.2838853,17.5557297],[78.2838049,17.5556864],[78.2837211,17.5556331],[78.2836442,17.5555731],[78.2835708,17.5555098],[78.2835149,17.5554698],[78.2834276,17.5554132],[78.2833018,17.5553399],[78.2832179,17.5552999],[78.2831166,17.5552233],[78.2830362,17.5551833],[78.2829244,17.5551167],[78.2828685,17.5550967],[78.2827217,17.5550034],[78.2826658,17.5549535],[78.2825645,17.5548635],[78.282477,17.5547526],[78.2824036,17.5546927],[78.2823233,17.5546127],[78.2822464,17.5545394],[78.2821625,17.5544362],[78.2820857,17.5543829],[78.2819878,17.5542929],[78.2819144,17.5542429],[78.2818026,17.5541597],[78.2817118,17.5541064],[78.2816174,17.5540564],[78.2815266,17.5539864],[78.2813764,17.5539298],[78.281261,17.5538965],[78.2811457,17.5538965],[78.2810514,17.5538965],[78.2809571,17.5539231],[78.2808837,17.5539431],[78.2807998,17.5539698],[78.2807264,17.5539964],[78.280681,17.5540564],[78.2806531,17.5541097],[78.2806007,17.554163],[78.2805238,17.5541996],[78.2804469,17.554183],[78.280391,17.5541463],[78.2803281,17.554113],[78.2802443,17.554113],[78.280129,17.5541297],[78.2800311,17.554163],[78.2799713,17.554186],[78.2798735,17.5541993],[78.2797896,17.5542059],[78.2796883,17.5541893],[78.279587,17.554176],[78.2794647,17.5541493],[78.2793144,17.5541327],[78.2792096,17.5541027],[78.2791188,17.554086],[78.2789797,17.5540677],[78.2788474,17.5540677]]}},
{"type":"Feature","properties":{"full_id":"w770049416","osm_id":"770049416","osm_type":"way","waterway":"stream","bridge":null,"usage":null,"width":null,"ship":null,"intermittent":null,"tunnel":null,"name:ml":null,"designation":null,"layer":null,"boat":null,"name:ur":null,"name:te":null,"name:fa":null,"name":null},"geometry":{"type":"LineString","coordinates":[[78.2589411,17.5391222],[78.2588367,17.5391019],[78.2587129,17.5390243],[78.2585819,17.5389416],[78.2584634,17.5388944],[78.2583731,17.5388185],[78.2582598,17.5387594],[78.2581484,17.5386953],[78.2580634,17.5386345],[78.2580192,17.5385654],[78.257936,17.5384844],[78.2578369,17.538427],[78.2576741,17.5383747],[78.2575947,17.5383452],[78.2574472,17.53834],[78.2573104,17.5383682],[78.2570985,17.5384654],[78.2569134,17.538537],[78.2567444,17.5386086],[78.2566103,17.5386772],[78.2565046,17.5387567],[78.2563989,17.5388788],[78.2563156,17.538966],[78.2562709,17.5390649],[78.2561814,17.5391618],[78.2560534,17.5392529],[78.2559456,17.5393575],[78.2558603,17.5394351],[78.2557932,17.5394971],[78.2556529,17.539563],[78.2555045,17.5396037],[78.2553785,17.5396095],[78.2552891,17.5395688],[78.2551447,17.5395223],[78.2550451,17.5394951],[78.2549049,17.5394738],[78.2548215,17.5394389],[78.2547158,17.5393498],[78.2546183,17.5392703],[78.2545105,17.5392141],[78.2543886,17.5391753],[78.2542366,17.5391482],[78.25414,17.539138],[78.2540461,17.5391252],[78.2539871,17.5391086],[78.2539228,17.5390984],[78.2538812,17.5391086],[78.253841,17.5391546],[78.2538218,17.5392342],[78.253791,17.5393341],[78.253717,17.5394193],[78.2536154,17.5395074],[78.2535137,17.5395867],[78.2534058,17.5396308],[78.2532795,17.5396396],[78.2531409,17.5396337],[78.2529776,17.5396602],[78.2527804,17.5397248],[78.2526294,17.5397366],[78.2525185,17.5397248],[78.2523614,17.5396778],[78.2522412,17.5396426],[78.2521087,17.5396073],[78.2518655,17.5396009],[78.2516375,17.5395779],[78.2514068,17.5395625],[78.2512566,17.53956],[78.2511011,17.5395881],[78.250967,17.5395881],[78.2508168,17.5395651],[78.2506183,17.5395216],[78.2504976,17.5394858],[78.2503983,17.5394756],[78.2503098,17.539496],[78.2502535,17.5395472],[78.2501784,17.5395677],[78.2500818,17.5395625],[78.2500041,17.5395344],[78.249886,17.5395242],[78.2496795,17.5395446],[78.2495373,17.5395446],[78.2493281,17.5395063],[78.2491679,17.5394597],[78.2489822,17.5394171],[78.2488536,17.5393752],[78.2486641,17.5393106],[78.2485352,17.5392664],[78.2484604,17.5392619],[78.2483997,17.5392831],[78.248339,17.5393176],[78.2482911,17.5393232],[78.2481907,17.539312],[78.248067,17.539292],[78.2479899,17.539292],[78.2478872,17.5393165],[78.2477868,17.5393566],[78.2476934,17.5394033],[78.2475696,17.5394278],[78.2474669,17.5394523],[78.2473455,17.5394545],[78.2471727,17.5394857],[78.2470396,17.5394902],[78.2469462,17.539479],[78.2468201,17.5394278],[78.2466917,17.5394167],[78.2465843,17.5394234],[78.2464488,17.5394479],[78.2463508,17.5394456],[78.2461546,17.5394568],[78.2460052,17.5394902],[78.2459188,17.5395057],[78.2457904,17.5394968],[78.2456853,17.5395146],[78.2455429,17.5395592],[78.2454074,17.5395614],[78.245293,17.5395636],[78.2451412,17.5395369],[78.2450151,17.5395057],[78.244882,17.5395013],[78.2447653,17.5395213],[78.2446882,17.539557],[78.2445762,17.539577],[78.2444874,17.5395703],[78.2444197,17.5395837],[78.2443357,17.5396327],[78.2442353,17.5397195],[78.2441255,17.5397685],[78.2440274,17.5397974],[78.2438757,17.5397974],[78.2437402,17.539813],[78.2436235,17.5398419],[78.2433923,17.5398887],[78.2432616,17.5399087],[78.2431401,17.5398909],[78.2430607,17.5398397],[78.2429884,17.5397573],[78.2428926,17.5397039],[78.2427922,17.5396972],[78.2426871,17.5397195],[78.242547,17.5397751],[78.2424677,17.5398264],[78.2423929,17.5399444],[78.2423252,17.5401314],[78.2422598,17.5402694],[78.2422061,17.5403362],[78.2421034,17.5403896],[78.2419119,17.5404208],[78.2417508,17.5404609],[78.2416294,17.5405121],[78.2414683,17.5406011],[78.2413329,17.5406546],[78.2412068,17.540708],[78.2410246,17.5407525],[78.2409126,17.5407748],[78.2407935,17.5408171],[78.240644,17.5408416],[78.2405319,17.5408349],[78.2403895,17.5408104],[78.2402027,17.540777],[78.2401144,17.5407606],[78.2400383,17.5407572],[78.2399604,17.5407758],[78.2398843,17.5408196],[78.2397782,17.5408686],[78.2396561,17.5409091],[78.239488,17.5409512],[78.2393252,17.5409681],[78.2392101,17.5409799],[78.239065,17.5409698],[78.2388845,17.5409597],[78.2388137,17.5409715],[78.2387129,17.5410036],[78.2385784,17.5410339],[78.2384704,17.5410559],[78.238405,17.5410812],[78.2383306,17.5411301],[78.238274,17.5411875],[78.2382528,17.5412448],[78.2382698,17.5413439]]}},
{"type":"Feature","properties":{"full_id":"w773664682","osm_id":"773664682","osm_type":"way","waterway":"drain","bridge":null,"usage":null,"width":null,"ship":null,"intermittent":null,"tunnel":null,"name:ml":null,"designation":null,"layer":null,"boat":null,"name:ur":null,"name:te":null,"name:fa":null,"name":null},"geometry":{"type":"LineString","coordinates":[[78.3370602,17.4177411],[78.3370287,17.4176981],[78.3370738,17.4175948],[78.3371279,17.4174829],[78.3372046,17.4174312],[78.3372362,17.4173968],[78.3373399,17.4173322],[78.3373083,17.4172763],[78.3372858,17.4171988],[78.3372181,17.4171386],[78.3371189,17.4170697],[78.3370557,17.4170869],[78.3370196,17.4170998],[78.3369565,17.4170525],[78.3369114,17.4170223],[78.3369249,17.416932],[78.3368888,17.4168889],[78.3367896,17.4168373],[78.3366903,17.4167899],[78.3365505,17.4167469],[78.3364603,17.4167254],[78.336325,17.4166221],[78.3361878,17.416565],[78.3360056,17.4164451]]}},
{"type":"Feature","properties":{"full_id":"w773664683","osm_id":"773664683","osm_type":"way","waterway":"stream","bridge":null,"usage":null,"width":null,"ship":null,"intermittent":null,"tunnel":null,"name:ml":null,"designation":null,"layer":null,"boat":null,"name:ur":null,"name:te":null,"name:fa":null,"name":null},"geometry":{"type":"LineString","coordinates":[[78.333868,17.4134224],[78.3338418,17.4133794],[78.3338147,17.4133539],[78.3337541,17.4133163],[78.3337133,17.4132766],[78.3336725,17.4132218],[78.3336493,17.4131553],[78.3336207,17.4130991],[78.3335501,17.4130425],[78.3334896,17.4129721],[78.333436,17.4129341],[78.3333825,17.4129222],[78.3333249,17.4129241],[78.3332681,17.4129066],[78.3332038,17.4127945],[78.333139,17.4122893],[78.3331283,17.412018],[78.3331068,17.4117621],[78.3331712,17.4114243],[78.3331498,17.4108612],[78.3331283,17.4106769],[78.3327903,17.4103289],[78.332624,17.410334],[78.3322378,17.410119],[78.331814,17.410032],[78.3314761,17.4099143],[78.3312668,17.4097761],[78.3311488,17.4096583],[78.331004,17.4097146],[78.3308484,17.4095457],[78.330768,17.4093717],[78.3306786,17.4093864]]}},
{"type":"Feature","properties":{"full_id":"w775679647","osm_id":"775679647","osm_type":"way","waterway":"stream","bridge":null,"usage":null,"width":null,"ship":null,"intermittent":null,"tunnel":null,"name:ml":null,"designation":"drain from mansarovar to hussain sagar","layer":null,"boat":null,"name:ur":null,"name:te":null,"name:fa":null,"name":"p g road"},"geometry":{"type":"LineString","coordinates":[[78.4767255,17.4524835],[78.4767474,17.4521792],[78.4767287,17.4518184],[78.4767357,17.4517293],[78.4767171,17.4515778],[78.4767264,17.451159],[78.4767147,17.4506244],[78.4767194,17.4504262],[78.4767474,17.4503193]]}},
{"type":"Feature","properties":{"full_id":"w775679648","osm_id":"775679648","osm_type":"way","waterway":"stream","bridge":null,"usage":null,"width":null,"ship":null,"intermittent":null,"tunnel":"culvert","name:ml":null,"designation":"drain from mansarovar to hussain sagar","layer":"-1","boat":null,"name:ur":null,"name:te":null,"name:fa":null,"name":"p g road"},"geometry":{"type":"LineString","coordinates":[[78.4767647,17.454236],[78.4767255,17.4524835]]}},
{"type":"Feature","properties":{"full_id":"w775681488","osm_id":"775681488","osm_type":"way","waterway":"canal","bridge":null,"usage":null,"width":null,"ship":null,"intermittent":null,"tunnel":null,"name:ml":null,"designation":null,"layer":null,"boat":null,"name:ur":null,"name:te":null,"name:fa":null,"name":null},"geometry":{"type":"LineString","coordinates":[[78.4539396,17.4520846],[78.4539716,17.4517833],[78.4539346,17.451523]]}},
{"type":"Feature","properties":{"full_id":"w775681489","osm_id":"775681489","osm_type":"way","waterway":"canal","bridge":null,"usage":null,"width":null,"ship":null,"intermittent":null,"tunnel":"culvert","name:ml":null,"designation":null,"layer":"-1","boat":null,"name:ur":null,"name:te":null,"name:fa":null,"name":null},"geometry":{"type":"LineString","coordinates":[[78.4538418,17.453673],[78.4539101,17.4535672],[78.453907,17.4527645],[78.4539396,17.4520846]]}},
{"type":"Feature","properties":{"full_id":"w776715373","osm_id":"776715373","osm_type":"way","waterway":"drain","bridge":null,"usage":null,"width":null,"ship":null,"intermittent":null,"tunnel":null,"name:ml":null,"designation":null,"layer":null,"boat":null,"name:ur":null,"name:te":null,"name:fa":null,"name":null},"geometry":{"type":"LineString","coordinates":[[78.4407858,17.4652417],[78.4405946,17.4653644],[78.4404041,17.4654024],[78.440183,17.4654624],[78.4400747,17.4654733],[78.4398067,17.4654923],[78.439513,17.4654216],[78.4392251,17.46534],[78.4390198,17.4653155],[78.4388744,17.4652856],[78.4387376,17.4653155],[78.4386407,17.4653754],[78.438538,17.4654651],[78.4384211,17.4655168],[78.4383042,17.4655059],[78.4381646,17.4654216],[78.4380648,17.4653455],[78.4378795,17.4652503],[78.4376999,17.4652095],[78.4373977,17.4651524],[78.4371753,17.4651034],[78.4370812,17.4650409],[78.4369387,17.464962],[78.4368275,17.4648967],[78.4366678,17.464826],[78.436454,17.4647961],[78.4362487,17.4647798],[78.4360663,17.4648097],[78.4359551,17.4647961],[78.4357726,17.4647363],[78.4356101,17.4646819],[78.435496,17.4646713],[78.4353933,17.4646803],[78.4352682,17.4647062],[78.4352526,17.4647087]]}},
{"type":"Feature","properties":{"full_id":"w776715374","osm_id":"776715374","osm_type":"way","waterway":"drain","bridge":null,"usage":null,"width":null,"ship":null,"intermittent":null,"tunnel":null,"name:ml":null,"designation":null,"layer":null,"boat":null,"name:ur":null,"name:te":null,"name:fa":null,"name":null},"geometry":{"type":"LineString","coordinates":[[78.4316922,17.4636171],[78.431626,17.4635933],[78.4314316,17.4635252],[78.431279,17.4634853],[78.4311658,17.4634806],[78.4310033,17.4635158],[78.4309221,17.4635534],[78.430863,17.4636778],[78.430771,17.4640606],[78.4307392,17.4641513]]}},
{"type":"Feature","properties":{"full_id":"w776715375","osm_id":"776715375","osm_type":"way","waterway":"drain","bridge":null,"usage":null,"width":null,"ship":null,"intermittent":null,"tunnel":"culvert","name:ml":null,"designation":null,"layer":"-1","boat":null,"name:ur":null,"name:te":null,"name:fa":null,"name":null},"geometry":{"type":"LineString","coordinates":[[78.4317717,17.4636456],[78.4316922,17.4636171]]}},
{"type":"Feature","properties":{"full_id":"w776715377","osm_id":"776715377","osm_type":"way","waterway":"drain","bridge":null,"usage":null,"width":null,"ship":null,"intermittent":null,"tunnel":null,"name:ml":null,"designation":null,"layer":null,"boat":null,"name:ur":null,"name:te":null,"name:fa":null,"name":null},"geometry":{"type":"LineString","coordinates":[[78.4351499,17.4647248],[78.4351395,17.4647265],[78.4350486,17.4647332],[78.4350132,17.4647614],[78.4349848,17.4648042],[78.4349683,17.4648841],[78.4349624,17.46524],[78.4349541,17.4654145],[78.4349376,17.4654461],[78.4348668,17.4655046],[78.4347475,17.4655688],[78.4346673,17.4656105],[78.4346,17.4656555],[78.4344997,17.4656872],[78.4344452,17.4656774],[78.4343142,17.4655623],[78.4342068,17.465391],[78.4340464,17.4650429],[78.4340052,17.464946],[78.4339449,17.4648801],[78.4338154,17.4648309],[78.433705,17.4648155],[78.4336049,17.4647734],[78.4335431,17.4647341],[78.4335065,17.4646757],[78.4334326,17.4646264],[78.4332579,17.4645583],[78.433024,17.4644878],[78.4325736,17.4643188],[78.4323866,17.4642601],[78.4322389,17.4641873],[78.4321552,17.4641192],[78.4321109,17.46403],[78.4320248,17.4638445],[78.4319681,17.4637483],[78.4318352,17.4636684],[78.4317717,17.4636456]]}},
{"type":"Feature","properties":{"full_id":"w776715378","osm_id":"776715378","osm_type":"way","waterway":"drain","bridge":null,"usage":null,"width":null,"ship":null,"intermittent":null,"tunnel":"yes","name:ml":null,"designation":null,"layer":"-1","boat":null,"name:ur":null,"name:te":null,"name:fa":null,"name":null},"geometry":{"type":"LineString","coordinates":[[78.4352526,17.4647087],[78.4351499,17.4647248]]}},
{"type":"Feature","properties":{"full_id":"w780757010","osm_id":"780757010","osm_type":"way","waterway":"river","bridge":null,"usage":null,"width":"100","ship":null,"intermittent":null,"tunnel":null,"name:ml":null,"designation":null,"layer":null,"boat":null,"name:ur":null,"name:te":"మూసి నది","name:fa":"رودخانه موسی","name":"Musi"},"geometry":{"type":"LineString","coordinates":[[78.4124592,17.3712275],[78.4135814,17.3709215],[78.4145249,17.3706644],[78.4150445,17.3706451],[78.4160328,17.3708284],[78.4172281,17.37105],[78.4196598,17.3713862],[78.4213152,17.37169],[78.4228712,17.3717356],[78.424829,17.3719445],[78.4269699,17.3721154],[78.4284742,17.3725901],[78.4291781,17.37308],[78.4295645,17.3732699],[78.4307663,17.3736307],[78.4321989,17.3744017],[78.4327859,17.3745385],[78.4332848,17.3745692],[78.4334645,17.374559],[78.4337085,17.3744899],[78.4339499,17.3743337],[78.4343442,17.3740854],[78.4346876,17.373896],[78.4349558,17.3737987],[78.4351891,17.3737321],[78.4356022,17.3736989],[78.4358141,17.3736886],[78.4360394,17.3736323],[78.4362245,17.3735146],[78.4364471,17.3734147],[78.4366697,17.3733533],[78.4368655,17.3732535],[78.4371123,17.3731331],[78.4373724,17.3729156],[78.4377775,17.3725188],[78.4390487,17.3710875],[78.4402301,17.369755],[78.4408973,17.3688617]]}},
{"type":"Feature","properties":{"full_id":"w796306175","osm_id":"796306175","osm_type":"way","waterway":"stream","bridge":null,"usage":null,"width":null,"ship":null,"intermittent":null,"tunnel":null,"name:ml":null,"designation":null,"layer":null,"boat":null,"name:ur":null,"name:te":null,"name:fa":null,"name":null},"geometry":{"type":"LineString","coordinates":[[78.5262561,17.6602372],[78.5262104,17.660162],[78.5261979,17.6600749]]}},
{"type":"Feature","properties":{"full_id":"w796306176","osm_id":"796306176","osm_type":"way","waterway":"stream","bridge":null,"usage":null,"width":null,"ship":null,"intermittent":null,"tunnel":"culvert","name:ml":null,"designation":null,"layer":"-1","boat":null,"name:ur":null,"name:te":null,"name:fa":null,"name":null},"geometry":{"type":"LineString","coordinates":[[78.5261979,17.6600749],[78.5262686,17.6596077],[78.526281,17.6594651]]}},
{"type":"Feature","properties":{"full_id":"w796306177","osm_id":"796306177","osm_type":"way","waterway":"stream","bridge":null,"usage":null,"width":null,"ship":null,"intermittent":null,"tunnel":null,"name:ml":null,"designation":null,"layer":null,"boat":null,"name:ur":null,"name:te":null,"name:fa":null,"name":null},"geometry":{"type":"LineString","coordinates":[[78.526281,17.6594651],[78.5262852,17.6593028],[78.5262561,17.659188],[78.5262187,17.6591009],[78.5260525,17.6589267],[78.5259071,17.6587881],[78.5258168,17.65865]]}},
{"type":"Feature","properties":{"full_id":"w796306206","osm_id":"796306206","osm_type":"way","waterway":"stream","bridge":null,"usage":null,"width":null,"ship":null,"intermittent":null,"tunnel":null,"name:ml":null,"designation":null,"layer":null,"boat":null,"name:ur":null,"name:te":null,"name:fa":null,"name":null},"geometry":{"type":"LineString","coordinates":[[78.5256744,17.6574062],[78.5256536,17.6573469],[78.525637,17.6572479],[78.525637,17.6571529],[78.5256287,17.6569906],[78.5256079,17.6568718],[78.525558,17.656753],[78.5254832,17.6566541],[78.5254459,17.6565828],[78.5254251,17.6564838],[78.525396,17.6563056],[78.5254126,17.6562146],[78.5254542,17.6561354],[78.525504,17.6560404],[78.5255206,17.6559572],[78.5255206,17.6558305],[78.5255123,17.6556959],[78.5254916,17.6555771],[78.5254999,17.6554861],[78.525529,17.6554108],[78.5255539,17.6553118],[78.5255539,17.655201],[78.5255747,17.6550941],[78.5256079,17.6549634],[78.5256245,17.6548919],[78.5256598,17.6548474]]}},
{"type":"Feature","properties":{"full_id":"w796306207","osm_id":"796306207","osm_type":"way","waterway":"stream","bridge":null,"usage":null,"width":null,"ship":null,"intermittent":null,"tunnel":"culvert","name:ml":null,"designation":null,"layer":"-1","boat":null,"name:ur":null,"name:te":null,"name:fa":null,"name":null},"geometry":{"type":"LineString","coordinates":[[78.5256978,17.6574732],[78.5256744,17.6574062]]}},
{"type":"Feature","properties":{"full_id":"w797874810","osm_id":"797874810","osm_type":"way","waterway":"river","bridge":null,"usage":null,"width":null,"ship":null,"intermittent":null,"tunnel":null,"name:ml":null,"designation":null,"layer":null,"boat":null,"name:ur":null,"name:te":null,"name:fa":null,"name":null},"geometry":{"type":"LineString","coordinates":[[78.5943188,17.6164297],[78.5943959,17.6166068],[78.5945097,17.6167889],[78.5946439,17.6169516],[78.5949173,17.6172114],[78.5953331,17.6174476],[78.595553,17.6175498],[78.5958335,17.6175957],[78.5961109,17.6175907],[78.5963684,17.61756],[78.5965776,17.6174731],[78.5967216,17.6173089],[78.5968535,17.6171312],[78.5970322,17.617002],[78.5972047,17.616908],[78.5974111,17.6168522],[78.5976237,17.6167377],[78.5977685,17.6166142],[78.5979992,17.6163636],[78.5982138,17.6161898],[78.598364,17.6160211],[78.5985303,17.6158677],[78.59872,17.6157426],[78.5991889,17.6153141],[78.5994908,17.6151255],[78.5997558,17.6149493],[78.6001317,17.6146204],[78.6004895,17.6144273],[78.6008576,17.6142991],[78.6010608,17.6141344],[78.6012963,17.6138745],[78.6014702,17.6137048],[78.6016599,17.6135633],[78.6018756,17.6134634],[78.6020543,17.6133342],[78.6023329,17.6130223],[78.602652,17.6127528],[78.6030873,17.6124776],[78.6037243,17.612147],[78.6039152,17.612048],[78.60413,17.6119868],[78.6043614,17.6119446],[78.6045596,17.6119446],[78.6047011,17.6119918],[78.6048002,17.612174],[78.6049276,17.6122549],[78.6050975,17.6122684],[78.6054302,17.6122414],[78.6058407,17.6122347],[78.6063292,17.6121335],[78.6067963,17.6121537],[78.6071644,17.6123022],[78.607582,17.612545],[78.607943,17.6128621],[78.6081058,17.6131995],[78.6081129,17.613665],[78.60812,17.6140023],[78.6082332,17.6143666],[78.6083748,17.6146297],[78.608573,17.6148591],[78.608842,17.615048],[78.6092242,17.6152302],[78.6095812,17.6153712],[78.6098143,17.6154689],[78.6100879,17.6155175],[78.6102945,17.6155788],[78.6104929,17.615699],[78.6106727,17.6157245],[78.6107925,17.6156853]]}},
{"type":"Feature","properties":{"full_id":"w797874811","osm_id":"797874811","osm_type":"way","waterway":"dam","bridge":null,"usage":null,"width":null,"ship":null,"intermittent":null,"tunnel":null,"name:ml":null,"designation":null,"layer":null,"boat":null,"name:ur":null,"name:te":null,"name:fa":null,"name":null},"geometry":{"type":"LineString","coordinates":[[78.5940442,17.6165796],[78.5941174,17.6164789],[78.5941662,17.6164479],[78.5942272,17.6164363],[78.5943188,17.6164297],[78.5943918,17.616446],[78.5945036,17.6164847],[78.5946114,17.6165002],[78.5946927,17.6164905]]}},
{"type":"Feature","properties":{"full_id":"w797874822","osm_id":"797874822","osm_type":"way","waterway":"river","bridge":null,"usage":null,"width":null,"ship":null,"intermittent":null,"tunnel":null,"name:ml":null,"designation":null,"layer":null,"boat":null,"name:ur":null,"name:te":null,"name:fa":null,"name":null},"geometry":{"type":"LineString","coordinates":[[78.5702866,17.6078352],[78.5704851,17.6077892],[78.5706782,17.6077585],[78.5709143,17.6077534],[78.5711235,17.6077074],[78.5713005,17.6076562],[78.5714883,17.6075898],[78.5716597,17.6074785],[78.5718138,17.6073787],[78.5719853,17.6073036],[78.5727757,17.6069582],[78.5731742,17.6067645],[78.5735197,17.6065242],[78.5741051,17.6060282],[78.574471,17.6057608],[78.5748904,17.6055435]]}},
{"type":"Feature","properties":{"full_id":"w797874824","osm_id":"797874824","osm_type":"way","waterway":"river","bridge":null,"usage":null,"width":null,"ship":null,"intermittent":null,"tunnel":null,"name:ml":null,"designation":null,"layer":null,"boat":null,"name:ur":null,"name:te":null,"name:fa":null,"name":null},"geometry":{"type":"LineString","coordinates":[[78.6107925,17.6156853],[78.6108604,17.6156248],[78.6109167,17.6155814],[78.6109757,17.6155584],[78.6110669,17.6155302],[78.611198,17.6154627],[78.6113968,17.6153078],[78.6114827,17.6152567],[78.6115551,17.6151953],[78.6117223,17.614929],[78.6118877,17.6146355],[78.6119199,17.6141651],[78.6120379,17.6138686],[78.6123168,17.6135618],[78.613379,17.6127028],[78.6135828,17.6125699],[78.6139154,17.6124778],[78.6141729,17.6124983],[78.6144197,17.6125801],[78.6146772,17.6125801],[78.6150849,17.6124778],[78.6153531,17.6123449],[78.615632,17.6120995],[78.6158252,17.6119768],[78.616147,17.6119052],[78.6164153,17.6118847],[78.6186576,17.611987],[78.6193764,17.6121199],[78.6201918,17.6124369],[78.6210501,17.6126108],[78.6222088,17.6126517],[78.6230135,17.6126312],[78.6235392,17.6125596],[78.6240971,17.6123858],[78.6246014,17.6121097],[78.6251271,17.6117211],[78.6257172,17.6113223],[78.6262536,17.610719],[78.6266827,17.6103713],[78.627139,17.6101],[78.6274914,17.6098925],[78.6277934,17.6097632],[78.6279597,17.6096517],[78.6281446,17.6094755],[78.6282925,17.6093462],[78.6285883,17.6091877],[78.6288163,17.608988],[78.6290319,17.608706],[78.629135,17.608633],[78.6293305,17.6085896],[78.6295256,17.6085896],[78.6297492,17.60864],[78.6299159,17.6087252],[78.6300785,17.608857],[78.6302289,17.6089926],[78.6304038,17.609105],[78.6305948,17.6092755],[78.630794,17.6093917],[78.6310176,17.6095273],[78.6312494,17.6096397],[78.6314567,17.6097172],[78.6317282,17.6097648],[78.6320259,17.6097792],[78.6322861,17.6098141],[78.6325097,17.6098877],[78.6327821,17.6100388],[78.6330138,17.6101745],[78.6332374,17.6102946],[78.6334854,17.6104496],[78.6337212,17.6106278],[78.6339366,17.6108022],[78.6340993,17.6109611],[78.6342578,17.6110967],[78.6344082,17.6112401],[78.6345627,17.6114106],[78.6346888,17.6115191],[78.6348067,17.6116896],[78.6348798,17.6118988],[78.6349042,17.6120732],[78.6349611,17.6122902],[78.6350059,17.6124839],[78.6350221,17.612666],[78.6350221,17.6128753],[78.6349855,17.6130419],[78.6349368,17.6132008],[78.6348514,17.6133906],[78.634827,17.6135069],[78.634831,17.6136774],[78.6348758,17.6138595],[78.6349327,17.6140261],[78.6349774,17.614216],[78.6350465,17.6144679],[78.635136,17.6146693],[78.6352295,17.6148127],[78.6353596,17.6149406],[78.635571,17.6150878],[78.635758,17.6152312],[78.6358718,17.6153668],[78.6359694,17.6155451],[78.6360222,17.6157504],[78.6360751,17.6159248],[78.6361605,17.6160643],[78.6363109,17.616165],[78.6364532,17.6162077],[78.6366646,17.6162309],[78.6369248,17.6161883],[78.6372012,17.6161069],[78.6373882,17.6160449],[78.6376037,17.6160062],[78.6378232,17.6160062],[78.6380468,17.6160565],[78.6382745,17.6161573],[78.6384331,17.6162697],[78.6386038,17.6164518],[78.6389087,17.6166726],[78.6395714,17.6169361],[78.6400714,17.617126],[78.6404536,17.6172771],[78.6408927,17.6174398],[78.6411407,17.6175406],[78.6413886,17.6176413],[78.6416163,17.617777],[78.6417383,17.6178854],[78.6418562,17.6180443],[78.6419497,17.6182264],[78.6420391,17.6183969],[78.6421245,17.6185674],[78.6421733,17.6187611],[78.6422261,17.6189123],[78.642344,17.6191137],[78.6424741,17.6192997],[78.6426042,17.6194392],[78.6427587,17.619602],[78.6429701,17.6197027],[78.6432953,17.6197725],[78.643458,17.6198655],[78.6437913,17.6201522],[78.644393,17.6208341],[78.6446451,17.6211751],[78.6448158,17.6215238],[78.6449459,17.6218106],[78.6451411,17.6219655],[78.6456777,17.6222058],[78.6457997,17.6223298],[78.6458514,17.6225153],[78.6459142,17.6227699],[78.6460859,17.623],[78.6462146,17.6232556],[78.6463594,17.6233732],[78.6465687,17.6234499],[78.6467886,17.6235113],[78.6469167,17.6235416],[78.6469924,17.6236135],[78.6470568,17.6237158],[78.6472338,17.6238282],[78.6473733,17.6238334],[78.6475772,17.6238129],[78.6477542,17.623818],[78.6478937,17.6238896],[78.6481136,17.6240174],[78.6483277,17.6240419],[78.6486018,17.623997],[78.6489173,17.6240009]]}},
{"type":"Feature","properties":{"full_id":"w797874826","osm_id":"797874826","osm_type":"way","waterway":"river","bridge":null,"usage":null,"width":null,"ship":null,"intermittent":null,"tunnel":null,"name:ml":null,"designation":null,"layer":null,"boat":null,"name:ur":null,"name:te":null,"name:fa":null,"name":null},"geometry":{"type":"LineString","coordinates":[[78.5748904,17.6055435],[78.5756703,17.6051951],[78.5759834,17.6050672],[78.5762314,17.6049897],[78.5764997,17.6050013],[78.576764,17.6049936],[78.5770323,17.605075],[78.577386,17.6052338],[78.5776096,17.6054005],[78.5778657,17.6054896],[78.5781869,17.605571],[78.5785284,17.6056795],[78.5788699,17.6058693],[78.5791138,17.6061018],[78.5793781,17.6062103],[78.5796871,17.6063741],[78.5799757,17.6066056],[78.5801505,17.6068226],[78.580618,17.6071636],[78.5810774,17.6074194],[78.5812441,17.6076054],[78.5813051,17.6077061],[78.5813173,17.607834],[78.5813051,17.6079192],[78.5813335,17.6080006],[78.5814189,17.6080781],[78.5815531,17.6081595],[78.5817929,17.6081789],[78.5820613,17.6081672],[78.5822239,17.6081982],[78.5823621,17.6082525],[78.5825207,17.6083997],[78.5826345,17.6084966],[78.5829988,17.608659],[78.5832253,17.6088141],[78.5834063,17.6089176],[78.5836378,17.6089766],[78.5839331,17.609165],[78.584204,17.6093049],[78.5843909,17.6094903],[78.5846086,17.6097312],[78.5848345,17.6099211],[78.5853108,17.6101793],[78.5858897,17.6104751],[78.5862894,17.6106937],[78.5865211,17.6108138],[78.5868197,17.6108749],[78.5870171,17.610872],[78.5872163,17.6109107],[78.587375,17.6110072],[78.5878506,17.6113079],[78.5881875,17.6114968],[78.5886639,17.6116571],[78.5889176,17.6118045],[78.5891309,17.6120399],[78.5892769,17.6122488],[78.5894484,17.6124049],[78.5897661,17.6126666],[78.5899715,17.6129212],[78.5901333,17.6132188],[78.5902797,17.6136066],[78.5904387,17.6141153],[78.5907468,17.6147144],[78.5910919,17.6150551],[78.5915849,17.6153017],[78.5923983,17.6155719],[78.5931131,17.6157481],[78.5935454,17.61587],[78.5936682,17.6159442],[78.5938064,17.6159945],[78.5939487,17.6159984],[78.5940829,17.6160488],[78.5942008,17.616134],[78.5942699,17.6162348],[78.5943188,17.6164297]]}},
{"type":"Feature","properties":{"full_id":"w797874827","osm_id":"797874827","osm_type":"way","waterway":"dam","bridge":null,"usage":null,"width":null,"ship":null,"intermittent":null,"tunnel":null,"name:ml":null,"designation":null,"layer":null,"boat":null,"name:ur":null,"name:te":null,"name:fa":null,"name":null},"geometry":{"type":"LineString","coordinates":[[78.5747816,17.6053513],[78.5748904,17.6055435],[78.5751217,17.6059518],[78.5750748,17.6059759]]}},
{"type":"Feature","properties":{"full_id":"w797874831","osm_id":"797874831","osm_type":"way","waterway":"dam","bridge":null,"usage":null,"width":null,"ship":null,"intermittent":null,"tunnel":null,"name:ml":null,"designation":null,"layer":null,"boat":null,"name:ur":null,"name:te":null,"name:fa":null,"name":null},"geometry":{"type":"LineString","coordinates":[[78.6107925,17.6156853],[78.6101818,17.6149832]]}},
{"type":"Feature","properties":{"full_id":"w801704864","osm_id":"801704864","osm_type":"way","waterway":"stream","bridge":null,"usage":null,"width":null,"ship":null,"intermittent":"yes","tunnel":null,"name:ml":null,"designation":null,"layer":null,"boat":null,"name:ur":null,"name:te":null,"name:fa":null,"name":null},"geometry":{"type":"LineString","coordinates":[[78.5802912,17.1408929],[78.5826087,17.1428614],[78.5835957,17.1442556],[78.585763,17.1451578],[78.5896253,17.1480899],[78.5917711,17.148787],[78.5932302,17.1496072],[78.5954618,17.1539539],[78.5963201,17.1569473],[78.5960626,17.1605558],[78.5969209,17.16195],[78.5985517,17.1656403],[78.6000967,17.1677725],[78.6031866,17.1680185],[78.6053323,17.1685926],[78.6075639,17.1706427],[78.6082506,17.1729389],[78.6084222,17.176629],[78.6089802,17.1795401],[78.6101925,17.1816156],[78.6121988,17.1838758],[78.613674,17.1849008],[78.6145216,17.1853108],[78.6159807,17.1859719],[78.6163241,17.1861974],[78.6168069,17.1862128],[78.617574,17.1858745],[78.6181319,17.1854082],[78.6195159,17.1850135],[78.6207604,17.1847676],[78.6215866,17.1848496],[78.621844,17.1849008],[78.6220586,17.1853108],[78.6226058,17.1867765],[78.6239469,17.1903741],[78.6260837,17.1969584],[78.6276752,17.2003979]]}},
{"type":"Feature","properties":{"full_id":"w807166609","osm_id":"807166609","osm_type":"way","waterway":"stream","bridge":null,"usage":null,"width":null,"ship":null,"intermittent":null,"tunnel":null,"name:ml":null,"designation":null,"layer":null,"boat":null,"name:ur":null,"name:te":null,"name:fa":null,"name":null},"geometry":{"type":"LineString","coordinates":[[78.4309427,17.3360295],[78.4308756,17.3360833],[78.4306691,17.3362369],[78.4305216,17.3363726],[78.4304733,17.3364136],[78.4304572,17.3364366],[78.4304438,17.3364801],[78.430417,17.3365237],[78.4303607,17.3365442],[78.4302711,17.3365766],[78.4301858,17.3366182],[78.4301668,17.3366979],[78.4301365,17.3367775],[78.4301232,17.3368011],[78.4301192,17.336896],[78.4301282,17.3369692],[78.4302094,17.3371651],[78.430241,17.337277],[78.4302854,17.3375632],[78.4303391,17.3379012],[78.4303766,17.3380958],[78.4303444,17.3382494],[78.4302674,17.3385377]]}},
{"type":"Feature","properties":{"full_id":"w807166610","osm_id":"807166610","osm_type":"way","waterway":"stream","bridge":null,"usage":null,"width":null,"ship":null,"intermittent":null,"tunnel":null,"name:ml":null,"designation":null,"layer":null,"boat":null,"name:ur":null,"name:te":null,"name:fa":null,"name":null},"geometry":{"type":"LineString","coordinates":[[78.4302389,17.3386444],[78.4302318,17.3386709],[78.4303039,17.3387434],[78.4303079,17.3388574],[78.4304104,17.3391372],[78.430436,17.3393808],[78.4303849,17.3401785]]}},
{"type":"Feature","properties":{"full_id":"w807166611","osm_id":"807166611","osm_type":"way","waterway":"stream","bridge":null,"usage":null,"width":null,"ship":null,"intermittent":null,"tunnel":"culvert","name:ml":null,"designation":null,"layer":"-1","boat":null,"name:ur":null,"name:te":null,"name:fa":null,"name":null},"geometry":{"type":"LineString","coordinates":[[78.4302674,17.3385377],[78.4302389,17.3386444]]}},
{"type":"Feature","properties":{"full_id":"w808240514","osm_id":"808240514","osm_type":"way","waterway":"stream","bridge":null,"usage":null,"width":null,"ship":null,"intermittent":null,"tunnel":null,"name:ml":null,"designation":null,"layer":null,"boat":null,"name:ur":null,"name:te":null,"name:fa":null,"name":null},"geometry":{"type":"LineString","coordinates":[[78.5256593,17.6580222],[78.5256661,17.6578814],[78.5256702,17.6578023],[78.5256993,17.6577072],[78.5257159,17.6576399],[78.5257159,17.6575687],[78.5256978,17.6574732]]}},
{"type":"Feature","properties":{"full_id":"w808240515","osm_id":"808240515","osm_type":"way","waterway":"stream","bridge":null,"usage":null,"width":null,"ship":null,"intermittent":null,"tunnel":"culvert","name:ml":null,"designation":null,"layer":"-1","boat":null,"name:ur":null,"name:te":null,"name:fa":null,"name":null},"geometry":{"type":"LineString","coordinates":[[78.5256749,17.6580771],[78.5256593,17.6580222]]}},
{"type":"Feature","properties":{"full_id":"w808252161","osm_id":"808252161","osm_type":"way","waterway":"stream","bridge":null,"usage":null,"width":null,"ship":null,"intermittent":null,"tunnel":null,"name:ml":null,"designation":null,"layer":null,"boat":null,"name:ur":null,"name:te":null,"name:fa":null,"name":null},"geometry":{"type":"LineString","coordinates":[[78.5257992,17.6585832],[78.5257699,17.6584397],[78.5257367,17.6583288],[78.5256749,17.6580771]]}},
{"type":"Feature","properties":{"full_id":"w808252162","osm_id":"808252162","osm_type":"way","waterway":"stream","bridge":null,"usage":null,"width":null,"ship":null,"intermittent":null,"tunnel":"culvert","name:ml":null,"designation":null,"layer":"-1","boat":null,"name:ur":null,"name:te":null,"name:fa":null,"name":null},"geometry":{"type":"LineString","coordinates":[[78.5258168,17.65865],[78.5257992,17.6585832]]}},
{"type":"Feature","properties":{"full_id":"w824016734","osm_id":"824016734","osm_type":"way","waterway":"stream","bridge":null,"usage":null,"width":null,"ship":null,"intermittent":null,"tunnel":null,"name:ml":null,"designation":"drain from mansarovar to hussain sagar","layer":null,"boat":null,"name:ur":null,"name:te":null,"name:fa":null,"name":null},"geometry":{"type":"LineString","coordinates":[[78.4786493,17.4622092],[78.4785884,17.4620861],[78.4784275,17.4617228],[78.4783443,17.4614567],[78.4783497,17.4611676],[78.4782451,17.4609092],[78.478111,17.4608375],[78.4778025,17.4601416],[78.4777918,17.4599164],[78.4777596,17.4597476],[78.4777118,17.4596666],[78.4776862,17.4596616],[78.4776785,17.4596369],[78.4776454,17.4593536],[78.4776308,17.4590798],[78.4776137,17.4588502],[78.4777649,17.4587241],[78.4779393,17.4584145],[78.4779917,17.458102],[78.4778261,17.4577452],[78.4776944,17.4574794],[78.4772642,17.4570515],[78.477148,17.4570942],[78.4770846,17.4569812],[78.476963,17.4567437]]}},
{"type":"Feature","properties":{"full_id":"w824016735","osm_id":"824016735","osm_type":"way","waterway":"stream","bridge":null,"usage":null,"width":null,"ship":null,"intermittent":null,"tunnel":"yes","name:ml":null,"designation":"drain from mansarovar to hussain sagar","layer":"-1","boat":null,"name:ur":null,"name:te":null,"name:fa":null,"name":null},"geometry":{"type":"LineString","coordinates":[[78.482939,17.4659767],[78.4827581,17.465842]]}},
{"type":"Feature","properties":{"full_id":"w824785815","osm_id":"824785815","osm_type":"way","waterway":"stream","bridge":null,"usage":null,"width":null,"ship":null,"intermittent":null,"tunnel":"culvert","name:ml":null,"designation":null,"layer":"-1","boat":null,"name:ur":null,"name:te":null,"name:fa":null,"name":null},"geometry":{"type":"LineString","coordinates":[[78.5543624,17.4173209],[78.554526,17.417303]]}},
{"type":"Feature","properties":{"full_id":"w824785816","osm_id":"824785816","osm_type":"way","waterway":"stream","bridge":null,"usage":null,"width":null,"ship":null,"intermittent":null,"tunnel":null,"name:ml":null,"designation":null,"layer":null,"boat":null,"name:ur":null,"name:te":null,"name:fa":null,"name":null},"geometry":{"type":"LineString","coordinates":[[78.5543683,17.4175434],[78.5543302,17.4174745],[78.5543034,17.417431],[78.5543624,17.4173209]]}},
{"type":"Feature","properties":{"full_id":"w825775619","osm_id":"825775619","osm_type":"way","waterway":"stream","bridge":null,"usage":null,"width":null,"ship":null,"intermittent":null,"tunnel":null,"name:ml":null,"designation":null,"layer":null,"boat":null,"name:ur":null,"name:te":null,"name:fa":null,"name":null},"geometry":{"type":"LineString","coordinates":[[78.3142577,17.4831134],[78.314255,17.4829458],[78.3141136,17.4820405]]}},
{"type":"Feature","properties":{"full_id":"w825775620","osm_id":"825775620","osm_type":"way","waterway":"stream","bridge":null,"usage":null,"width":null,"ship":null,"intermittent":null,"tunnel":"culvert","name:ml":null,"designation":null,"layer":"-1","boat":null,"name:ur":null,"name:te":null,"name:fa":null,"name":null},"geometry":{"type":"LineString","coordinates":[[78.3142595,17.4832235],[78.3142577,17.4831134]]}},
{"type":"Feature","properties":{"full_id":"w825814019","osm_id":"825814019","osm_type":"way","waterway":"stream","bridge":null,"usage":null,"width":null,"ship":null,"intermittent":null,"tunnel":null,"name:ml":null,"designation":null,"layer":null,"boat":null,"name:ur":null,"name:te":null,"name:fa":null,"name":null},"geometry":{"type":"LineString","coordinates":[[78.3142337,17.4816377],[78.3142979,17.4814709],[78.3144692,17.4808574]]}},
{"type":"Feature","properties":{"full_id":"w825814020","osm_id":"825814020","osm_type":"way","waterway":"stream","bridge":null,"usage":null,"width":null,"ship":null,"intermittent":null,"tunnel":"culvert","name:ml":null,"designation":null,"layer":"-1","boat":null,"name:ur":null,"name:te":null,"name:fa":null,"name":null},"geometry":{"type":"LineString","coordinates":[[78.3141136,17.4820405],[78.3141035,17.4819762],[78.3142337,17.4816377]]}},
{"type":"Feature","properties":{"full_id":"w825933560","osm_id":"825933560","osm_type":"way","waterway":"river","bridge":null,"usage":null,"width":null,"ship":null,"intermittent":null,"tunnel":null,"name:ml":null,"designation":null,"layer":null,"boat":null,"name:ur":null,"name:te":null,"name:fa":null,"name":null},"geometry":{"type":"LineString","coordinates":[[78.4736985,17.3285983],[78.4737789,17.3289423]]}},
{"type":"Feature","properties":{"full_id":"w825933561","osm_id":"825933561","osm_type":"way","waterway":"river","bridge":null,"usage":null,"width":null,"ship":null,"intermittent":null,"tunnel":"yes","name:ml":null,"designation":null,"layer":"-1","boat":null,"name:ur":null,"name:te":null,"name:fa":null,"name":null},"geometry":{"type":"LineString","coordinates":[[78.4735346,17.3283513],[78.4736985,17.3285983]]}},
{"type":"Feature","properties":{"full_id":"w830166630","osm_id":"830166630","osm_type":"way","waterway":"river","bridge":null,"usage":null,"width":null,"ship":null,"intermittent":null,"tunnel":null,"name:ml":null,"designation":null,"layer":null,"boat":null,"name:ur":null,"name:te":null,"name:fa":null,"name":null},"geometry":{"type":"LineString","coordinates":[[78.5692835,17.6079017],[78.5694712,17.6078659],[78.569718,17.607825],[78.5699218,17.6078096],[78.5701096,17.6078096],[78.5702866,17.6078352]]}},
{"type":"Feature","properties":{"full_id":"w830166631","osm_id":"830166631","osm_type":"way","waterway":"river","bridge":null,"usage":null,"width":null,"ship":null,"intermittent":null,"tunnel":null,"name:ml":null,"designation":null,"layer":null,"boat":null,"name:ur":null,"name:te":null,"name:fa":null,"name":null},"geometry":{"type":"LineString","coordinates":[[78.5693961,17.6084539],[78.5695624,17.6083823],[78.5697287,17.6082698],[78.5699755,17.6080602],[78.5700989,17.6079375],[78.5702866,17.6078352]]}},
{"type":"Feature","properties":{"full_id":"w830166632","osm_id":"830166632","osm_type":"way","waterway":"river","bridge":null,"usage":null,"width":null,"ship":null,"intermittent":null,"tunnel":null,"name:ml":null,"designation":null,"layer":null,"boat":null,"name:ur":null,"name:te":null,"name:fa":null,"name":null},"geometry":{"type":"LineString","coordinates":[[78.5670043,17.6084946],[78.5672473,17.6084433],[78.5674995,17.6083276],[78.5677003,17.6081763],[78.5679104,17.6080427],[78.5681392,17.6079671],[78.5684008,17.6079181],[78.5686343,17.6079003],[78.5688654,17.6079204]]}},
{"type":"Feature","properties":{"full_id":"w830166633","osm_id":"830166633","osm_type":"way","waterway":"river","bridge":null,"usage":null,"width":null,"ship":null,"intermittent":null,"tunnel":null,"name:ml":null,"designation":null,"layer":null,"boat":null,"name:ur":null,"name:te":null,"name:fa":null,"name":null},"geometry":{"type":"LineString","coordinates":[[78.5670043,17.6084946],[78.5672706,17.6085012],[78.5676115,17.6085324],[78.5679524,17.6086036],[78.5681953,17.6086392],[78.5684475,17.6086392],[78.5687323,17.6086036],[78.5689723,17.6085587]]}},
{"type":"Feature","properties":{"full_id":"w830166634","osm_id":"830166634","osm_type":"way","waterway":"river","bridge":null,"usage":null,"width":null,"ship":null,"intermittent":null,"tunnel":"culvert","name:ml":null,"designation":null,"layer":"-1","boat":null,"name:ur":null,"name:te":null,"name:fa":null,"name":null},"geometry":{"type":"LineString","coordinates":[[78.5689723,17.6085587],[78.5693961,17.6084539]]}},
{"type":"Feature","properties":{"full_id":"w830166635","osm_id":"830166635","osm_type":"way","waterway":"river","bridge":null,"usage":null,"width":null,"ship":null,"intermittent":null,"tunnel":"culvert","name:ml":null,"designation":null,"layer":"-1","boat":null,"name:ur":null,"name:te":null,"name:fa":null,"name":null},"geometry":{"type":"LineString","coordinates":[[78.5688654,17.6079204],[78.5692835,17.6079017]]}},
{"type":"Feature","properties":{"full_id":"w830166636","osm_id":"830166636","osm_type":"way","waterway":"river","bridge":null,"usage":null,"width":null,"ship":null,"intermittent":null,"tunnel":null,"name:ml":null,"designation":null,"layer":null,"boat":null,"name:ur":null,"name:te":null,"name:fa":null,"name":null},"geometry":{"type":"LineString","coordinates":[[78.5474441,17.6111349],[78.547569,17.6110378],[78.5477415,17.6109203],[78.5478894,17.6108733],[78.5480681,17.6108439],[78.5482715,17.6107558],[78.5484194,17.6106501],[78.5485549,17.6104974],[78.548746,17.6103095],[78.5489308,17.610192],[78.5491465,17.6101098],[78.549393,17.610051],[78.5496703,17.6099512],[78.5498798,17.6098396],[78.5501078,17.6097515],[78.5502865,17.6096986],[78.5505268,17.6096693],[78.5507733,17.6096575],[78.5510937,17.6096458],[78.5513032,17.6096399],[78.5515189,17.609634],[78.5517284,17.6096164],[78.5519256,17.6095577],[78.5521105,17.6094931],[78.5522768,17.6093932],[78.5524617,17.6092816],[78.5526096,17.6091642],[78.5527637,17.6090467],[78.55293,17.6089351],[78.5530964,17.6088529],[78.5533059,17.6087824],[78.5535339,17.6087413],[78.5537866,17.6086708],[78.5540022,17.6085886],[78.5541748,17.6084887],[78.5543227,17.6083713],[78.5544582,17.6082362],[78.5545815,17.6080658],[78.5547478,17.6078896],[78.554945,17.6077311],[78.5551114,17.6076136],[78.5552655,17.6075255],[78.5554565,17.6074315],[78.555703,17.6073552],[78.5559186,17.6073258],[78.5561158,17.6072671],[78.5562884,17.6071613],[78.556387,17.6070145],[78.556578,17.6068677],[78.5567444,17.606715],[78.5568738,17.6065916],[78.5570525,17.6064742],[78.5571819,17.6063919],[78.5573606,17.6063214],[78.5575146,17.6062862],[78.5577118,17.6062862],[78.5579152,17.6062803],[78.5580877,17.6062275],[78.5582849,17.6061452],[78.5584882,17.6060806],[78.5587224,17.605969],[78.5589257,17.6058751],[78.5591537,17.6057928],[78.5594064,17.6057458],[78.5596529,17.605693],[78.559887,17.6056577],[78.5600842,17.6056577],[78.5602568,17.6056695],[78.5604478,17.6057458],[78.5606265,17.6058398],[78.5607682,17.6059338],[78.5609038,17.6060513],[78.5610147,17.606157],[78.5610886,17.6063038],[78.5611688,17.6064565],[78.561255,17.6065857],[78.5613844,17.606715],[78.5615385,17.6068442],[78.5616494,17.6069734],[78.5617295,17.6071144],[78.561785,17.6072847],[78.5618466,17.6074785],[78.5618651,17.6076723],[78.5618589,17.6078896],[78.5618466,17.6080893],[78.5618096,17.6082832],[78.5618096,17.6084711],[78.5618774,17.6086826],[78.5619698,17.6088411],[78.5621054,17.6089762],[78.5622656,17.6090937],[78.5624135,17.6092053],[78.5625491,17.6093345],[78.562697,17.6094285],[78.5628572,17.6094931],[78.5630637,17.6095157],[78.5634795,17.6094989],[78.5639109,17.6094108],[78.5642313,17.6092875],[78.5646195,17.6090761],[78.5649831,17.6089234],[78.5654559,17.6087689],[78.5657669,17.6086792],[78.5660676,17.6085823],[78.5663696,17.6085357],[78.5666715,17.6084946],[78.5670043,17.6084946]]}},
{"type":"Feature","properties":{"full_id":"w868277808","osm_id":"868277808","osm_type":"way","waterway":"wastewater","bridge":null,"usage":null,"width":null,"ship":null,"intermittent":null,"tunnel":"yes","name:ml":null,"designation":null,"layer":"-1","boat":null,"name:ur":null,"name:te":null,"name:fa":null,"name":null},"geometry":{"type":"LineString","coordinates":[[78.464739,17.3827758],[78.4683674,17.381256]]}},
{"type":"Feature","properties":{"full_id":"w868277809","osm_id":"868277809","osm_type":"way","waterway":"wastewater","bridge":null,"usage":null,"width":null,"ship":null,"intermittent":null,"tunnel":null,"name:ml":null,"designation":null,"layer":null,"boat":null,"name:ur":null,"name:te":null,"name:fa":null,"name":null},"geometry":{"type":"LineString","coordinates":[[78.4586095,17.3896063],[78.4586685,17.3895052],[78.4590102,17.389175],[78.4592234,17.3889875],[78.4594376,17.3887917],[78.4594598,17.3887514],[78.4594826,17.3886695],[78.4594819,17.3885645],[78.4593545,17.388084],[78.4593257,17.3879278],[78.4593371,17.3878491],[78.4594155,17.3877634],[78.4596059,17.3876501],[78.4598815,17.3874901],[78.4602436,17.3872553],[78.4606205,17.3869961],[78.460823,17.3868643],[78.4609812,17.3867901],[78.4611351,17.3867309],[78.4612532,17.3866963],[78.4614412,17.3865725],[78.4619482,17.386129],[78.4623599,17.3854648],[78.4625678,17.3852287],[78.4627468,17.3850956],[78.4632459,17.3848246],[78.4633912,17.3847199],[78.4636789,17.384407],[78.463937,17.3841107],[78.4640705,17.383849],[78.4642053,17.3835265],[78.4645982,17.3829736],[78.464739,17.3827758]]}},
{"type":"Feature","properties":{"full_id":"w868278547","osm_id":"868278547","osm_type":"way","waterway":"wastewater","bridge":null,"usage":null,"width":null,"ship":null,"intermittent":null,"tunnel":"yes","name:ml":null,"designation":null,"layer":"-1","boat":null,"name:ur":null,"name:te":null,"name:fa":null,"name":null},"geometry":{"type":"LineString","coordinates":[[78.474914,17.3796267],[78.4752144,17.3796248],[78.4809917,17.3786502]]}},
{"type":"Feature","properties":{"full_id":"w885467267","osm_id":"885467267","osm_type":"way","waterway":"drain","bridge":null,"usage":null,"width":null,"ship":null,"intermittent":null,"tunnel":null,"name:ml":null,"designation":null,"layer":null,"boat":null,"name:ur":null,"name:te":null,"name:fa":null,"name":null},"geometry":{"type":"LineString","coordinates":[[78.4984873,17.5083765],[78.4985254,17.5081997],[78.498542,17.5080765]]}},
{"type":"Feature","properties":{"full_id":"w885467268","osm_id":"885467268","osm_type":"way","waterway":"drain","bridge":null,"usage":null,"width":null,"ship":null,"intermittent":null,"tunnel":null,"name:ml":null,"designation":null,"layer":"-1","boat":null,"name:ur":null,"name:te":null,"name:fa":null,"name":null},"geometry":{"type":"LineString","coordinates":[[78.498542,17.5080765],[78.4985742,17.5078667],[78.4985974,17.5076713],[78.4985799,17.5074081],[78.4985403,17.50726],[78.4984851,17.5071428],[78.4983758,17.5068103]]}},
{"type":"Feature","properties":{"full_id":"w885467269","osm_id":"885467269","osm_type":"way","waterway":"drain","bridge":null,"usage":null,"width":null,"ship":null,"intermittent":null,"tunnel":null,"name:ml":null,"designation":null,"layer":null,"boat":null,"name:ur":null,"name:te":null,"name:fa":null,"name":null},"geometry":{"type":"LineString","coordinates":[[78.498356,17.5066407],[78.4983449,17.5065459],[78.4983222,17.5063372],[78.4983408,17.5062152],[78.4984481,17.506101],[78.4985596,17.5060105],[78.4987887,17.5058294],[78.4989373,17.5057133],[78.499088,17.5056463],[78.4991767,17.5056089],[78.4992428,17.5055755]]}},
{"type":"Feature","properties":{"full_id":"w885467270","osm_id":"885467270","osm_type":"way","waterway":"drain","bridge":null,"usage":null,"width":null,"ship":null,"intermittent":null,"tunnel":"culvert","name:ml":null,"designation":null,"layer":"-1","boat":null,"name:ur":null,"name:te":null,"name:fa":null,"name":null},"geometry":{"type":"LineString","coordinates":[[78.4983691,17.5067528],[78.498356,17.5066407]]}},
{"type":"Feature","properties":{"full_id":"w885467271","osm_id":"885467271","osm_type":"way","waterway":"drain","bridge":null,"usage":null,"width":null,"ship":null,"intermittent":null,"tunnel":null,"name:ml":null,"designation":null,"layer":null,"boat":null,"name:ur":null,"name:te":null,"name:fa":null,"name":null},"geometry":{"type":"LineString","coordinates":[[78.4983758,17.5068103],[78.4983691,17.5067528]]}},
{"type":"Feature","properties":{"full_id":"w885467272","osm_id":"885467272","osm_type":"way","waterway":"drain","bridge":null,"usage":null,"width":null,"ship":null,"intermittent":null,"tunnel":null,"name:ml":null,"designation":null,"layer":"-1","boat":null,"name:ur":null,"name:te":null,"name:fa":null,"name":null},"geometry":{"type":"LineString","coordinates":[[78.4992428,17.5055755],[78.4994006,17.5054556],[78.4994986,17.5053028],[78.499532,17.5051318],[78.4995297,17.5050087],[78.4994675,17.5048126],[78.4993622,17.5047346],[78.4992858,17.504653],[78.4992356,17.5045573]]}},
{"type":"Feature","properties":{"full_id":"w885467273","osm_id":"885467273","osm_type":"way","waterway":"drain","bridge":null,"usage":null,"width":null,"ship":null,"intermittent":null,"tunnel":null,"name:ml":null,"designation":null,"layer":null,"boat":null,"name:ur":null,"name:te":null,"name:fa":null,"name":null},"geometry":{"type":"LineString","coordinates":[[78.4992356,17.5045573],[78.499234,17.5043122],[78.4992506,17.5041326],[78.4992858,17.5040197],[78.4993669,17.5039451],[78.4994638,17.5038553],[78.4996078,17.5037708],[78.4998211,17.5036546],[78.4999955,17.5036018]]}},
{"type":"Feature","properties":{"full_id":"w885467274","osm_id":"885467274","osm_type":"way","waterway":"drain","bridge":null,"usage":null,"width":null,"ship":null,"intermittent":null,"tunnel":null,"name:ml":null,"designation":null,"layer":null,"boat":null,"name:ur":null,"name:te":null,"name:fa":null,"name":null},"geometry":{"type":"LineString","coordinates":[[78.5000893,17.5035557],[78.5001672,17.5035173],[78.5004663,17.5033377],[78.5006712,17.5033219],[78.5009093,17.50324],[78.5011585,17.5030499],[78.5012804,17.5029706],[78.5013199,17.5029537]]}},
{"type":"Feature","properties":{"full_id":"w885467275","osm_id":"885467275","osm_type":"way","waterway":"drain","bridge":null,"usage":null,"width":null,"ship":null,"intermittent":null,"tunnel":"culvert","name:ml":null,"designation":null,"layer":"-1","boat":null,"name:ur":null,"name:te":null,"name:fa":null,"name":null},"geometry":{"type":"LineString","coordinates":[[78.4999955,17.5036018],[78.5000893,17.5035557]]}},
{"type":"Feature","properties":{"full_id":"w885467276","osm_id":"885467276","osm_type":"way","waterway":"drain","bridge":null,"usage":null,"width":null,"ship":null,"intermittent":null,"tunnel":null,"name:ml":null,"designation":null,"layer":null,"boat":null,"name:ur":null,"name:te":null,"name:fa":null,"name":null},"geometry":{"type":"LineString","coordinates":[[78.5013199,17.5029537],[78.501548,17.5027773],[78.5016727,17.5026566],[78.5018705,17.5026328],[78.5020024,17.502677],[78.5021485,17.5026073],[78.5023481,17.5025785],[78.5024435,17.5025793]]}},
{"type":"Feature","properties":{"full_id":"w904946385","osm_id":"904946385","osm_type":"way","waterway":"canal","bridge":null,"usage":null,"width":null,"ship":null,"intermittent":null,"tunnel":null,"name:ml":null,"designation":null,"layer":null,"boat":null,"name:ur":null,"name:te":null,"name:fa":null,"name":null},"geometry":{"type":"LineString","coordinates":[[78.6020371,17.3158905],[78.6026991,17.315364],[78.6028318,17.3152178],[78.602745,17.3150522],[78.6026583,17.3148573],[78.6024388,17.3147306],[78.6024082,17.3146526],[78.6024337,17.3144431],[78.6023776,17.314297],[78.602449,17.3142482],[78.6026991,17.3139608],[78.6028204,17.3138187],[78.6030325,17.3135704],[78.6031269,17.3134438],[78.6033566,17.3132464],[78.603377,17.3130686],[78.6034204,17.3128104],[78.6034229,17.3126666],[78.6033537,17.3124544],[78.6030607,17.3119766],[78.6029885,17.3117933],[78.6028044,17.3116359],[78.6026623,17.3115144],[78.6025342,17.3114651],[78.6022364,17.3113729],[78.602168,17.3113517],[78.6018505,17.3113397],[78.6017116,17.3113282],[78.601624,17.311321],[78.6015172,17.3113747],[78.6013914,17.3114379],[78.6012391,17.3114497],[78.6011388,17.3114574],[78.6010064,17.3113751],[78.6009726,17.3113557]]}},
{"type":"Feature","properties":{"full_id":"w904946386","osm_id":"904946386","osm_type":"way","waterway":"canal","bridge":null,"usage":null,"width":null,"ship":null,"intermittent":null,"tunnel":null,"name:ml":null,"designation":null,"layer":"-1","boat":null,"name:ur":null,"name:te":null,"name:fa":null,"name":null},"geometry":{"type":"LineString","coordinates":[[78.5992668,17.311207],[78.599237,17.3112112],[78.5990566,17.3112835],[78.5988725,17.3113628],[78.5987173,17.311442],[78.598656,17.3114213],[78.5985586,17.3113559],[78.5983889,17.3113318],[78.5982157,17.3113834],[78.5981544,17.3114627],[78.5980317,17.311473],[78.5978621,17.311442],[78.5976816,17.311411],[78.5974471,17.3112008],[78.5973063,17.3111492],[78.5971151,17.3111492],[78.5969454,17.3111457],[78.5969365,17.3111434]]}},
{"type":"Feature","properties":{"full_id":"w904946387","osm_id":"904946387","osm_type":"way","waterway":"canal","bridge":null,"usage":null,"width":null,"ship":null,"intermittent":null,"tunnel":"culvert","name:ml":null,"designation":null,"layer":"-1","boat":null,"name:ur":null,"name:te":null,"name:fa":null,"name":null},"geometry":{"type":"LineString","coordinates":[[78.6009726,17.3113557],[78.6008558,17.3112883]]}},
{"type":"Feature","properties":{"full_id":"w904946388","osm_id":"904946388","osm_type":"way","waterway":"canal","bridge":null,"usage":null,"width":null,"ship":null,"intermittent":null,"tunnel":null,"name:ml":null,"designation":null,"layer":null,"boat":null,"name:ur":null,"name:te":null,"name:fa":null,"name":null},"geometry":{"type":"LineString","coordinates":[[78.5967995,17.3111079],[78.5967325,17.3110906],[78.5963933,17.3111595],[78.5962562,17.3111871],[78.5960757,17.3111802]]}},
{"type":"Feature","properties":{"full_id":"w904946389","osm_id":"904946389","osm_type":"way","waterway":"canal","bridge":null,"usage":null,"width":null,"ship":null,"intermittent":null,"tunnel":"culvert","name:ml":null,"designation":null,"layer":"-1","boat":null,"name:ur":null,"name:te":null,"name:fa":null,"name":null},"geometry":{"type":"LineString","coordinates":[[78.5969365,17.3111434],[78.5967995,17.3111079]]}},
{"type":"Feature","properties":{"full_id":"w905255553","osm_id":"905255553","osm_type":"way","waterway":"canal","bridge":null,"usage":null,"width":null,"ship":null,"intermittent":null,"tunnel":null,"name:ml":null,"designation":null,"layer":"-1","boat":null,"name:ur":null,"name:te":null,"name:fa":null,"name":null},"geometry":{"type":"LineString","coordinates":[[78.6008558,17.3112883],[78.6008357,17.3112766],[78.6007671,17.311256],[78.6007166,17.3112732],[78.6006336,17.3113249],[78.6005325,17.3113834],[78.6004098,17.3114248],[78.6001572,17.3114317],[78.600002,17.3114282],[78.5998974,17.3114179],[78.5998469,17.3113697],[78.5996412,17.3112284],[78.599504,17.3111733],[78.5993697,17.3111924]]}},
{"type":"Feature","properties":{"full_id":"w905255554","osm_id":"905255554","osm_type":"way","waterway":"canal","bridge":null,"usage":null,"width":null,"ship":null,"intermittent":null,"tunnel":"culvert","name:ml":null,"designation":null,"layer":"-1","boat":null,"name:ur":null,"name:te":null,"name:fa":null,"name":null},"geometry":{"type":"LineString","coordinates":[[78.5993697,17.3111924],[78.5992668,17.311207]]}},
{"type":"Feature","properties":{"full_id":"w905262188","osm_id":"905262188","osm_type":"way","waterway":"canal","bridge":null,"usage":null,"width":null,"ship":null,"intermittent":null,"tunnel":null,"name:ml":null,"designation":null,"layer":null,"boat":null,"name:ur":null,"name:te":null,"name:fa":null,"name":null},"geometry":{"type":"LineString","coordinates":[[78.5900836,17.3008439],[78.5898776,17.3011144],[78.5897574,17.3014094],[78.5894913,17.3014831],[78.5893454,17.3016552],[78.5893368,17.3020977],[78.5894484,17.3022288],[78.5894589,17.3024847],[78.5893611,17.3026304],[78.5893526,17.3026887],[78.5892924,17.3031016],[78.5892538,17.303372],[78.5890907,17.3036301],[78.5888161,17.3038637],[78.5888118,17.3041341],[78.5889062,17.3044906],[78.5889877,17.3047036],[78.5891937,17.304679],[78.5893096,17.3046094],[78.5895585,17.3047487],[78.5898761,17.304802],[78.5901893,17.3048962],[78.5911206,17.3048675],[78.5913953,17.3048552],[78.5917338,17.3050119],[78.5917815,17.3050437],[78.5920047,17.305265]]}},
{"type":"Feature","properties":{"full_id":"w905262189","osm_id":"905262189","osm_type":"way","waterway":"stream","bridge":null,"usage":null,"width":null,"ship":null,"intermittent":null,"tunnel":null,"name:ml":null,"designation":null,"layer":null,"boat":null,"name:ur":null,"name:te":null,"name:fa":null,"name":null},"geometry":{"type":"LineString","coordinates":[[78.6072119,17.3088751],[78.6078476,17.3091364],[78.6085621,17.3093947],[78.6090265,17.3095019],[78.6093429,17.3095847],[78.6099145,17.3099014],[78.6101442,17.3102668],[78.6104657,17.3104471],[78.6107413,17.3105348],[78.6109914,17.3105202],[78.61117,17.3105007],[78.6112925,17.3105251],[78.6115681,17.3104861],[78.6119355,17.3105981],[78.6120274,17.3106858],[78.6125122,17.3108271],[78.6126704,17.3109684],[78.6127317,17.3111341],[78.6127623,17.3112803],[78.6127761,17.3113834],[78.6128073,17.3114613],[78.6128974,17.3115524],[78.6129339,17.311617],[78.6129896,17.3116549],[78.6130422,17.3117542],[78.6130969,17.3117798],[78.6131559,17.3118229],[78.6132182,17.3119048],[78.6132514,17.3119724],[78.6132997,17.3120083],[78.6134049,17.3119939],[78.613598,17.3119837],[78.6138909,17.3120175],[78.614084,17.3120134],[78.6144724,17.3120236],[78.614717,17.3120267],[78.6150024,17.3120339],[78.6152052,17.31208],[78.6154015,17.3120912],[78.6157352,17.3121025],[78.6157985,17.3121117],[78.6160012,17.3120953],[78.6161232,17.3120887],[78.6161746,17.3120842],[78.6162748,17.3120851],[78.6164111,17.3120811],[78.6165657,17.3120766],[78.6167008,17.3120584],[78.6169101,17.3120345],[78.6171422,17.3119416],[78.6172383,17.3118868],[78.6175172,17.3117327],[78.617691,17.3116354],[78.6178863,17.3115453],[78.6180612,17.31145],[78.6181363,17.311407]]}},
{"type":"Feature","properties":{"full_id":"w911738617","osm_id":"911738617","osm_type":"way","waterway":"drain","bridge":null,"usage":null,"width":null,"ship":null,"intermittent":null,"tunnel":"culvert","name:ml":null,"designation":null,"layer":"-1","boat":null,"name:ur":null,"name:te":null,"name:fa":null,"name":null},"geometry":{"type":"LineString","coordinates":[[78.5692429,17.5790335],[78.5691948,17.5789243]]}},
{"type":"Feature","properties":{"full_id":"w911738618","osm_id":"911738618","osm_type":"way","waterway":"drain","bridge":null,"usage":null,"width":null,"ship":null,"intermittent":null,"tunnel":null,"name:ml":null,"designation":null,"layer":null,"boat":null,"name:ur":null,"name:te":null,"name:fa":null,"name":null},"geometry":{"type":"LineString","coordinates":[[78.5689903,17.5782837],[78.5689705,17.5782347],[78.5688891,17.5780504],[78.5685662,17.5776456],[78.5682864,17.5774177],[78.5679151,17.5772989]]}},
{"type":"Feature","properties":{"full_id":"w911738619","osm_id":"911738619","osm_type":"way","waterway":"drain","bridge":null,"usage":null,"width":null,"ship":null,"intermittent":null,"tunnel":"culvert","name:ml":null,"designation":null,"layer":"-1","boat":null,"name:ur":null,"name:te":null,"name:fa":null,"name":null},"geometry":{"type":"LineString","coordinates":[[78.5679151,17.5772989],[78.5677211,17.5772953]]}},
{"type":"Feature","properties":{"full_id":"w913719336","osm_id":"913719336","osm_type":"way","waterway":"drain","bridge":null,"usage":null,"width":null,"ship":null,"intermittent":null,"tunnel":null,"name:ml":null,"designation":null,"layer":null,"boat":null,"name:ur":null,"name:te":null,"name:fa":null,"name":null},"geometry":{"type":"LineString","coordinates":[[78.5691948,17.5789243],[78.5691715,17.5788528]]}},
{"type":"Feature","properties":{"full_id":"w913719337","osm_id":"913719337","osm_type":"way","waterway":"drain","bridge":null,"usage":null,"width":null,"ship":null,"intermittent":null,"tunnel":"culvert","name:ml":null,"designation":null,"layer":"-1","boat":null,"name:ur":null,"name:te":null,"name:fa":null,"name":null},"geometry":{"type":"LineString","coordinates":[[78.5691715,17.5788528],[78.5689903,17.5782837]]}},
{"type":"Feature","properties":{"full_id":"w913719342","osm_id":"913719342","osm_type":"way","waterway":"drain","bridge":null,"usage":null,"width":null,"ship":null,"intermittent":null,"tunnel":null,"name:ml":null,"designation":null,"layer":null,"boat":null,"name:ur":null,"name:te":null,"name:fa":null,"name":null},"geometry":{"type":"LineString","coordinates":[[78.5640569,17.5735321],[78.5640207,17.5734882],[78.564001,17.5734318],[78.564001,17.5733659],[78.5639747,17.573322],[78.5639187,17.5733001],[78.5638299,17.5733001],[78.5637477,17.5733095],[78.5636589,17.5732938],[78.5636062,17.5732562],[78.5635306,17.5732248],[78.5634648,17.5731809],[78.5634352,17.5731244],[78.5633694,17.573046],[78.5633233,17.5730084],[78.5632773,17.5729426],[78.5632641,17.5728642],[78.5632148,17.5727952],[78.5631293,17.5727073],[78.5630569,17.5726352],[78.5630075,17.5725976],[78.5629286,17.5725411],[78.5628825,17.572469],[78.5628825,17.5724063],[78.5628299,17.5723342],[78.562751,17.5722965],[78.562649,17.5722683],[78.5625799,17.572215],[78.5625042,17.5721617],[78.5624779,17.5720833],[78.5624779,17.5720143],[78.5624384,17.5719265],[78.5624384,17.5718543],[78.5624352,17.5717414],[78.5624056,17.571685],[78.5623595,17.5716474],[78.5623134,17.5716066],[78.5622246,17.5715878],[78.5621687,17.5715188],[78.5621424,17.5714655],[78.5620898,17.5714247],[78.5620207,17.5713777],[78.5619746,17.5713149]]}},
{"type":"Feature","properties":{"full_id":"w913719343","osm_id":"913719343","osm_type":"way","waterway":"drain","bridge":null,"usage":null,"width":null,"ship":null,"intermittent":null,"tunnel":"culvert","name:ml":null,"designation":null,"layer":"-1","boat":null,"name:ur":null,"name:te":null,"name:fa":null,"name":null},"geometry":{"type":"LineString","coordinates":[[78.5645635,17.5736043],[78.5643694,17.5736074],[78.5642543,17.573598],[78.5641523,17.5735792],[78.5640569,17.5735321]]}},
{"type":"Feature","properties":{"full_id":"w934254717","osm_id":"934254717","osm_type":"way","waterway":"stream","bridge":null,"usage":null,"width":null,"ship":null,"intermittent":null,"tunnel":null,"name:ml":null,"designation":null,"layer":null,"boat":null,"name:ur":null,"name:te":null,"name:fa":null,"name":null},"geometry":{"type":"LineString","coordinates":[[77.9985108,17.3166885],[77.9983025,17.3146632],[77.998055,17.313898],[77.9978496,17.3133011],[77.9978094,17.3128194],[77.9978987,17.3125082],[77.99818,17.3119881],[77.99818,17.3117451],[77.9980639,17.3114126],[77.9979434,17.3110332],[77.9977112,17.3106282],[77.9973272,17.3100868],[77.9970057,17.3094089],[77.9968449,17.3089187],[77.9967333,17.3086671],[77.9964921,17.3083773],[77.9964073,17.3080533],[77.9963377,17.3075586],[77.9962051,17.3070974],[77.9960062,17.3067989],[77.9956968,17.3065246],[77.9955515,17.3063045],[77.9953968,17.3060242],[77.9952326,17.3058343],[77.9951158,17.3055057],[77.9950684,17.3053218],[77.9949769,17.3051078],[77.9948285,17.3050203],[77.9946264,17.3049239],[77.9942569,17.3046917],[77.9940928,17.304538],[77.9939949,17.3044777],[77.9938307,17.3044747],[77.993717,17.3044958],[77.9934834,17.3044385],[77.9933602,17.3043601],[77.993035,17.3040798],[77.9927761,17.3039471],[77.9925898,17.303926],[77.9923625,17.3038627],[77.9920372,17.3038085],[77.9916899,17.3037874],[77.9911184,17.3039471],[77.9907111,17.3040738],[77.9905374,17.3042004],[77.9903385,17.3042365],[77.9900354,17.3042516],[77.989006,17.3042215],[77.9885198,17.3041853],[77.9883398,17.3041521],[77.9881504,17.3040918],[77.9880335,17.3040496],[77.9878409,17.3040285],[77.9876483,17.3040677],[77.9874336,17.3040647],[77.9871336,17.3039682],[77.9868147,17.3038627],[77.9865716,17.3038266],[77.9861643,17.3037723],[77.9857286,17.3036246],[77.9853781,17.3033804],[77.9852076,17.3031784],[77.9851571,17.3030217],[77.9849597,17.3028716],[77.9845846,17.3027266],[77.9842988,17.3027437],[77.9840443,17.3027181],[77.9837987,17.3026627],[77.9835174,17.3026797],[77.9831245,17.3027437],[77.9826958,17.3028417],[77.982209,17.3028759],[77.9819545,17.3030293],[77.9814455,17.3032084],[77.9810838,17.3032851],[77.9804095,17.3036944],[77.979896,17.3040397],[77.9796638,17.3041335],[77.9794137,17.3041165],[77.979119,17.3041122],[77.9785296,17.3039289],[77.9782706,17.3039331],[77.9778955,17.3040483],[77.9773686,17.3041889],[77.9769221,17.3041676],[77.976739,17.3042316],[77.976413,17.3043978],[77.9760602,17.3044575],[77.9757789,17.3044064],[77.975578,17.3042103],[77.9754083,17.3042145],[77.9752699,17.3043893],[77.9751493,17.3045726],[77.9750421,17.3048029],[77.9748769,17.3049819],[77.9747162,17.305016],[77.9745465,17.3050032],[77.9744036,17.3049691],[77.9742294,17.3049819],[77.9741178,17.3050586],[77.9740955,17.305161],[77.9739124,17.3053954],[77.9737606,17.305502],[77.9734391,17.3055404],[77.9726219,17.3056384],[77.972095,17.3057536],[77.9717154,17.3057578],[77.9713716,17.305809],[77.9711394,17.3057578],[77.9707866,17.3057194],[77.9703892,17.3057749],[77.9700454,17.3059028],[77.9697909,17.3060051],[77.969514,17.3061969],[77.9694827,17.3063888],[77.9693577,17.3066574],[77.9690496,17.3067554],[77.9687147,17.3067256],[77.9683396,17.3068066],[77.9681119,17.306943],[77.9680628,17.3073395],[77.9679734,17.3076123],[77.968036,17.3078169],[77.967902,17.3079235],[77.9676966,17.3079747],[77.9674867,17.3080514],[77.9671608,17.3081964],[77.9669152,17.3084053],[77.9667633,17.3086824],[77.9665088,17.3090277],[77.9663213,17.3091726],[77.9659953,17.3094199],[77.9657854,17.3096885],[77.9655979,17.3098334],[77.9654594,17.3098675],[77.9654119,17.3098938]]}},
{"type":"Feature","properties":{"full_id":"w965650413","osm_id":"965650413","osm_type":"way","waterway":"river","bridge":null,"usage":null,"width":null,"ship":null,"intermittent":null,"tunnel":null,"name:ml":null,"designation":null,"layer":null,"boat":null,"name:ur":null,"name:te":null,"name:fa":null,"name":"Musi"},"geometry":{"type":"LineString","coordinates":[[77.9996533,17.3999111],[78.0004097,17.400216],[78.0010226,17.400216],[78.0016616,17.4003467],[78.002242,17.4005023],[78.0032722,17.4009005],[78.0044851,17.4016223],[78.0054306,17.4025929],[78.0065326,17.4035263],[78.006989,17.4040427],[78.0072694,17.404136],[78.0077585,17.404024],[78.0080715,17.4039556],[78.0084105,17.4038871],[78.0088996,17.4038623],[78.0093952,17.4039058],[78.0103733,17.4041609],[78.0111297,17.4046276],[78.0117231,17.4049698],[78.0123099,17.4058036],[78.012962,17.4063636],[78.0137249,17.4067804],[78.0145465,17.4069173],[78.0156485,17.4070729],[78.016268,17.4073964],[78.0174352,17.4080248],[78.0180546,17.4082986],[78.0193131,17.4090266],[78.0196326,17.4091448],[78.0199456,17.4091946],[78.0201869,17.4091821],[78.0213737,17.4090515]]}},
{"type":"Feature","properties":{"full_id":"w999820012","osm_id":"999820012","osm_type":"way","waterway":"river","bridge":null,"usage":null,"width":null,"ship":null,"intermittent":null,"tunnel":"culvert","name:ml":null,"designation":null,"layer":"-1","boat":null,"name:ur":null,"name:te":null,"name:fa":null,"name":"Musi River"},"geometry":{"type":"LineString","coordinates":[[79.5199174,17.2334557],[79.5199964,17.2329866]]}},
{"type":"Feature","properties":{"full_id":"w1019072724","osm_id":"1019072724","osm_type":"way","waterway":"stream","bridge":null,"usage":null,"width":null,"ship":null,"intermittent":null,"tunnel":"culvert","name:ml":null,"designation":null,"layer":"-1","boat":null,"name:ur":null,"name:te":null,"name:fa":null,"name":null},"geometry":{"type":"LineString","coordinates":[[78.5250813,17.6424191],[78.5250532,17.6423415]]}},
{"type":"Feature","properties":{"full_id":"w1019072726","osm_id":"1019072726","osm_type":"way","waterway":"stream","bridge":null,"usage":null,"width":null,"ship":null,"intermittent":null,"tunnel":"stream","name:ml":null,"designation":null,"layer":"-1","boat":null,"name:ur":null,"name:te":null,"name:fa":null,"name":null},"geometry":{"type":"LineString","coordinates":[[78.5311817,17.6519155],[78.5311266,17.6518513]]}},
{"type":"Feature","properties":{"full_id":"w1019072737","osm_id":"1019072737","osm_type":"way","waterway":"stream","bridge":null,"usage":null,"width":null,"ship":null,"intermittent":null,"tunnel":null,"name:ml":null,"designation":null,"layer":null,"boat":null,"name:ur":null,"name:te":null,"name:fa":null,"name":null},"geometry":{"type":"LineString","coordinates":[[78.5257324,17.654772],[78.5257852,17.654705],[78.5258379,17.6546379],[78.5259061,17.6545834],[78.5259742,17.6545353],[78.526038,17.6544913],[78.5261194,17.6544452],[78.5261589,17.6544116],[78.5262029,17.6543467],[78.5262271,17.654288],[78.5262601,17.6542147],[78.5262953,17.6541225],[78.5263348,17.6540743],[78.5263986,17.6540366],[78.5264602,17.6540136],[78.5265458,17.6540041],[78.5266135,17.6539774],[78.5266952,17.6539418],[78.5267396,17.6538839],[78.5267536,17.6538283],[78.5267793,17.6537727],[78.526819,17.6537415],[78.5268774,17.653717],[78.5269405,17.6536659],[78.5269848,17.6535991],[78.5270105,17.6535568],[78.5270806,17.6535145],[78.5271576,17.6534834],[78.52723,17.6534945],[78.5273375,17.6534722],[78.5274029,17.65343],[78.5274893,17.6533966],[78.5275523,17.6533899],[78.5276621,17.6533944],[78.5277368,17.6534144],[78.5278569,17.6534661],[78.527948,17.6534884],[78.5280624,17.6534884],[78.5281652,17.6534528],[78.5282843,17.6534305],[78.528408,17.6533771],[78.5284968,17.6533103],[78.5286159,17.6532725],[78.5287299,17.6532661],[78.5288516,17.6532686],[78.5289681,17.6532964],[78.5291349,17.6532762],[78.5292407,17.6532787],[78.5293731,17.6532661],[78.5295213,17.6532686],[78.5296404,17.6532964],[78.5297912,17.6532913],[78.5299183,17.6532686],[78.5300321,17.6532182],[78.5301565,17.6532005],[78.5302905,17.6531613],[78.5304388,17.6531184],[78.5305129,17.6530452],[78.5305711,17.6529368],[78.5306584,17.6528384],[78.5306823,17.6527451],[78.5306743,17.6526367],[78.5306426,17.6525585],[78.5306478,17.6524652],[78.5306505,17.6523819],[78.5306876,17.6522987],[78.530759,17.6522306],[78.5308437,17.6521776],[78.5309363,17.6521449],[78.5310396,17.6520894],[78.5311137,17.652049],[78.5311817,17.6520129],[78.531196,17.6519778],[78.531196,17.6519428],[78.5311817,17.6519155]]}},
{"type":"Feature","properties":{"full_id":"w1019072740","osm_id":"1019072740","osm_type":"way","waterway":"stream","bridge":null,"usage":null,"width":null,"ship":null,"intermittent":null,"tunnel":null,"name:ml":null,"designation":null,"layer":null,"boat":null,"name:ur":null,"name:te":null,"name:fa":null,"name":null},"geometry":{"type":"LineString","coordinates":[[78.5279712,17.6530852],[78.5281495,17.653054],[78.5282842,17.6530332],[78.528397,17.6530054],[78.528481,17.6529712],[78.5286152,17.6529319],[78.5287315,17.6528904],[78.5288333,17.6528488],[78.5289437,17.6527878],[78.5290426,17.652713],[78.5291618,17.6526604],[78.5292345,17.6526105],[78.5293392,17.6525745],[78.5294642,17.6525218],[78.529607,17.6524297]]}},
{"type":"Feature","properties":{"full_id":"w1019072742","osm_id":"1019072742","osm_type":"way","waterway":"stream","bridge":null,"usage":null,"width":null,"ship":null,"intermittent":null,"tunnel":"culvert","name:ml":null,"designation":null,"layer":"-1","boat":null,"name:ur":null,"name:te":null,"name:fa":null,"name":null},"geometry":{"type":"LineString","coordinates":[[78.5256598,17.6548474],[78.5257324,17.654772]]}},
{"type":"Feature","properties":{"full_id":"w1019072745","osm_id":"1019072745","osm_type":"way","waterway":"stream","bridge":null,"usage":null,"width":null,"ship":null,"intermittent":null,"tunnel":null,"name:ml":null,"designation":null,"layer":null,"boat":null,"name:ur":null,"name:te":null,"name:fa":null,"name":null},"geometry":{"type":"LineString","coordinates":[[78.5250532,17.6423415],[78.5250083,17.64228],[78.5249522,17.6422533],[78.5248989,17.6422506],[78.5248259,17.6422693],[78.5247614,17.6423228],[78.5246744,17.6423442],[78.5246211,17.6423816],[78.5245144,17.6424699],[78.5244218,17.6425207],[78.5243461,17.6425367],[78.5242703,17.6425367],[78.5241693,17.64251],[78.5240711,17.6424538],[78.5239781,17.6423497],[78.5239492,17.6422715],[78.5238864,17.6421841],[78.5238333,17.642092],[78.5237947,17.6420552],[78.5237126,17.6419678],[78.5236788,17.6418436],[78.5236257,17.641793],[78.5235484,17.6417608],[78.5234519,17.6417285],[78.5233988,17.6416687],[78.5233408,17.6415491],[78.5233119,17.6414571],[78.5232684,17.6413467],[78.5232008,17.641227],[78.5231767,17.6411212],[78.5231236,17.64102],[78.5230511,17.640928],[78.5229498,17.6408773],[78.5228484,17.6408175],[78.5227615,17.6407531],[78.5227035,17.6406703],[78.5227035,17.6405875],[78.5227421,17.6404678],[78.5227421,17.640385],[78.5227197,17.6402856],[78.5226814,17.6402248],[78.5226048,17.6401923],[78.5225452,17.6401436],[78.5225197,17.6400585],[78.5225324,17.6399611],[78.522575,17.6399003],[78.5226899,17.6397827],[78.522741,17.6396894],[78.522758,17.639588],[78.5227367,17.6394825],[78.5227453,17.6393973],[78.522763,17.6393161]]}},
{"type":"Feature","properties":{"full_id":"w1019072747","osm_id":"1019072747","osm_type":"way","waterway":"stream","bridge":null,"usage":null,"width":null,"ship":null,"intermittent":null,"tunnel":null,"name:ml":null,"designation":null,"layer":null,"boat":null,"name:ur":null,"name:te":null,"name:fa":null,"name":null},"geometry":{"type":"LineString","coordinates":[[78.5311266,17.6518513],[78.5310918,17.6518318],[78.5310448,17.6518299],[78.5309938,17.6518435],[78.5309264,17.6518708],[78.5308712,17.6519155],[78.5308058,17.6519408],[78.5307384,17.6519603],[78.5306771,17.6519954],[78.5305975,17.6520323],[78.5305321,17.6520693],[78.5304463,17.6521277],[78.5303687,17.65219],[78.5302931,17.6522367],[78.5301889,17.6522776],[78.5301133,17.6523107],[78.5299907,17.6523458],[78.5298742,17.6523888],[78.5297376,17.6524249],[78.529607,17.6524297],[78.5294903,17.6524006],[78.5294111,17.6524006],[78.5293175,17.6523972],[78.5292275,17.6523663],[78.5291663,17.6523285],[78.5291159,17.6522702],[78.5290727,17.6522016],[78.5290223,17.6521227],[78.5289539,17.6520129],[78.5288819,17.6519306],[78.5288459,17.6518345],[78.5287955,17.6517488],[78.5287451,17.6516699],[78.5287271,17.6515841],[78.5287271,17.6514572],[78.5287559,17.6513474],[78.5288317,17.6511619],[78.5288821,17.6510796],[78.5289037,17.6509801],[78.5289073,17.65086],[78.5289109,17.6507125],[78.5289253,17.6505821],[78.5289289,17.6504964],[78.5289289,17.6503763],[78.5289289,17.6502871],[78.5289181,17.6502116],[78.5288857,17.6501842],[78.5288389,17.6501842],[78.5287957,17.6501704],[78.5287561,17.6501224],[78.5287417,17.6500538],[78.5287202,17.6499665],[78.5286914,17.6498911],[78.5286374,17.6498533],[78.5285654,17.6498568],[78.528497,17.6498773],[78.5284214,17.6498602],[78.5283458,17.6498019],[78.528317,17.6497195],[78.5283062,17.64962],[78.5282666,17.6495446],[78.5282054,17.6494245],[78.5281706,17.6492411],[78.5281202,17.6491519],[78.5280302,17.6490593],[78.5279834,17.6489529],[78.5279222,17.6488569],[78.5278178,17.648778],[78.5277423,17.64873],[78.5276127,17.64873],[78.5275155,17.6486888],[78.5274471,17.6486305],[78.5273895,17.6485585],[78.5272923,17.6484761],[78.5271735,17.6484281],[78.5270655,17.6484006],[78.5269682,17.648356],[78.5268566,17.6483355],[78.5267558,17.6482977],[78.5266874,17.6482428],[78.5266298,17.6481742],[78.5265614,17.6480919],[78.526511,17.647989],[78.526511,17.6478757],[78.5264966,17.647766],[78.5264642,17.6476459],[78.5264354,17.6475361],[78.5264462,17.6474709],[78.5264541,17.6473249],[78.5264541,17.6472254],[78.5264721,17.6471293],[78.5265441,17.6470264],[78.5266089,17.6469235],[78.5266341,17.6468103],[78.5266341,17.6466936],[78.5266593,17.646601],[78.5266593,17.6464672],[78.5266305,17.6463951],[78.5265657,17.6463231],[78.5264721,17.6462682],[78.5263605,17.6461996],[78.5263137,17.646107],[78.5263101,17.6460315],[78.5263353,17.6458634],[78.5263317,17.6457433],[78.5262957,17.6456267],[78.5262654,17.6454592],[78.5262186,17.6453597],[78.5262186,17.6452808],[78.5262258,17.6451436],[78.5262258,17.6450304],[78.5262078,17.6449206],[78.5261862,17.6448108],[78.526179,17.6446873],[78.5261214,17.6445981],[78.5260493,17.6445295],[78.5259773,17.6444128],[78.5259269,17.6443511],[78.5258333,17.6442825],[78.5257577,17.6442413],[78.5256641,17.6442241],[78.5255597,17.6442447],[78.5254841,17.6442447],[78.5253905,17.6442138],[78.5253149,17.6441521],[78.5252213,17.6440629],[78.5251243,17.6439819],[78.5250487,17.6439338],[78.5249479,17.6438652],[78.5248435,17.6438309],[78.5247571,17.6437554],[78.5246779,17.6437143],[78.5246311,17.6436148],[78.5246311,17.6435221],[78.5246743,17.6434364],[78.5246779,17.64333],[78.5246779,17.6431928],[78.5246707,17.6430864],[78.5246563,17.6429835],[78.5246743,17.6428428],[78.5247103,17.6427536],[78.5248255,17.642637],[78.5249299,17.6425855],[78.5250307,17.6425581],[78.5250739,17.6425169],[78.5250881,17.6424736],[78.5250813,17.6424191]]}},
{"type":"Feature","properties":{"full_id":"w1020316174","osm_id":"1020316174","osm_type":"way","waterway":"river","bridge":null,"usage":null,"width":null,"ship":null,"intermittent":null,"tunnel":null,"name:ml":null,"designation":null,"layer":null,"boat":null,"name:ur":null,"name:te":null,"name:fa":"رودخانه موسی","name":"Musi River"},"geometry":{"type":"LineString","coordinates":[[78.2716804,17.384258],[78.272274,17.3843604],[78.2728948,17.3845327],[78.2733576,17.384802],[78.2741731,17.3852167],[78.2748739,17.3853681],[78.2757201,17.3854059],[78.2766061,17.3853681],[78.2775449,17.3851788],[78.2786529,17.3847534],[78.2794463,17.3841982],[78.2802661,17.3834032],[78.2811124,17.3827849],[78.2822736,17.3819373],[78.2831727,17.381483],[78.2840322,17.381218],[78.2850239,17.3809404],[78.2860685,17.3807006],[78.2873726,17.3802591],[78.2887676,17.379635],[78.2895631,17.379323],[78.2903696,17.3790838],[78.2913831,17.378855],[78.2921787,17.3787094],[78.2942713,17.3785633],[78.2951867,17.3784281],[78.2961567,17.3782305],[78.2970067,17.3780017],[78.2982612,17.3774954],[78.2991657,17.3771938],[78.2999068,17.3769858],[78.3008004,17.3768401],[78.3016723,17.3767153],[78.3031012,17.3764815],[78.3039731,17.3763255],[78.3048885,17.3761695],[78.306341,17.3759185],[78.3077795,17.3757313],[78.3090546,17.3755649],[78.3104309,17.3754648],[78.3113573,17.3754336],[78.3126607,17.3754305],[78.3136621,17.3754677],[78.3147448,17.3755261],[78.315597,17.3756543],[78.3168514,17.3759563]]}},
{"type":"Feature","properties":{"full_id":"w1021657660","osm_id":"1021657660","osm_type":"way","waterway":"stream","bridge":null,"usage":null,"width":null,"ship":null,"intermittent":null,"tunnel":"culvert","name:ml":null,"designation":null,"layer":"-1","boat":null,"name:ur":null,"name:te":null,"name:fa":null,"name":null},"geometry":{"type":"LineString","coordinates":[[78.3426174,17.3880621],[78.3427271,17.387903]]}},
{"type":"Feature","properties":{"full_id":"w1021657661","osm_id":"1021657661","osm_type":"way","waterway":"stream","bridge":null,"usage":null,"width":null,"ship":null,"intermittent":null,"tunnel":null,"name:ml":null,"designation":null,"layer":null,"boat":null,"name:ur":null,"name:te":null,"name:fa":null,"name":null},"geometry":{"type":"LineString","coordinates":[[78.3427271,17.387903],[78.342841,17.3877362],[78.3429507,17.3875577],[78.3430076,17.3874103],[78.3431133,17.3873327],[78.3432638,17.3873094],[78.3434223,17.3873094],[78.3435727,17.387321],[78.3438004,17.3873598],[78.3439996,17.3873598],[78.3441907,17.3873598],[78.344333,17.387356],[78.344459,17.3873521],[78.3445932,17.3873366],[78.3447436,17.3873133],[78.3448818,17.3872473],[78.3450038,17.3871775],[78.3451664,17.387127],[78.3453168,17.3870572],[78.3454916,17.386999],[78.3456421,17.3869447],[78.3458535,17.3868438],[78.3460039,17.3867701],[78.3461096,17.3866537],[78.3462797,17.3865487],[78.3463929,17.3864676],[78.3465416,17.3863427],[78.3466548,17.3861941],[78.3467397,17.3860083],[78.3468318,17.3857618],[78.3469415,17.3856098],[78.3470406,17.3853801],[78.3471432,17.3852315],[78.3472175,17.3850761],[78.3472812,17.3849545],[78.3473945,17.3848498],[78.3475686,17.3847557]]}},
{"type":"Feature","properties":{"full_id":"w1021657664","osm_id":"1021657664","osm_type":"way","waterway":"stream","bridge":null,"usage":null,"width":null,"ship":null,"intermittent":null,"tunnel":"culvert","name:ml":null,"designation":null,"layer":"-1","boat":null,"name:ur":null,"name:te":null,"name:fa":null,"name":null},"geometry":{"type":"LineString","coordinates":[[78.3279146,17.3966728],[78.3279024,17.3965797]]}},
{"type":"Feature","properties":{"full_id":"w1021657665","osm_id":"1021657665","osm_type":"way","waterway":"stream","bridge":null,"usage":null,"width":null,"ship":null,"intermittent":null,"tunnel":null,"name:ml":null,"designation":null,"layer":null,"boat":null,"name:ur":null,"name:te":null,"name:fa":null,"name":null},"geometry":{"type":"LineString","coordinates":[[78.3279024,17.3965797],[78.3278719,17.3964497],[78.3278292,17.3963062],[78.3277377,17.396087],[78.3276402,17.3958251],[78.3274502,17.3953026],[78.3274314,17.3952207],[78.3274716,17.3951721],[78.3275494,17.3951209],[78.327882,17.3949673],[78.3280402,17.3948701],[78.3283299,17.3946909],[78.3284801,17.3945936],[78.3286786,17.3945143],[78.3288339,17.394447],[78.3289805,17.3943964],[78.3291271,17.3943663],[78.3292955,17.3943403],[78.32942,17.3943177],[78.3295598,17.394291],[78.3296772,17.3942629],[78.3298898,17.3942159],[78.3300839,17.3942159],[78.330241,17.3941776],[78.3303612,17.3941012],[78.3304629,17.3940512],[78.3306323,17.39401],[78.3308234,17.3939689],[78.331036,17.3939365],[78.3311838,17.393913],[78.331341,17.393863],[78.3315397,17.3937853],[78.3316891,17.3936984],[78.3318309,17.3935896],[78.3319233,17.3934455],[78.3319449,17.3933073],[78.3319387,17.3931545],[78.3319449,17.3929486],[78.331988,17.3928193],[78.332065,17.3926605],[78.3322037,17.3925282],[78.3323423,17.3924694],[78.3325179,17.3924371],[78.3327336,17.3924223],[78.3329739,17.3924106],[78.333168,17.3924223],[78.333356,17.3924341],[78.3334792,17.3924194],[78.3335563,17.3923753],[78.3336518,17.3922695],[78.3337688,17.3921695],[78.3338606,17.3920843],[78.333942,17.3919729],[78.3339774,17.3918513],[78.3340163,17.3917533],[78.3340199,17.391652],[78.3340199,17.3915507],[78.3340093,17.3914055],[78.3339916,17.3912771],[78.3340163,17.3911691],[78.3340694,17.3910677],[78.334165,17.3909698],[78.334349,17.3907469],[78.3344517,17.390578],[78.3346074,17.3902707],[78.3346605,17.3901153],[78.3347313,17.3899735],[78.3348162,17.3898451],[78.3349082,17.389737],[78.3350285,17.3896087],[78.3351347,17.3894803],[78.3352374,17.3894094],[78.3353577,17.3893453],[78.3354886,17.3892743],[78.3356161,17.3891865],[78.3357399,17.3890751],[78.3359063,17.3889704],[78.3360762,17.3888792],[78.3362991,17.3887306],[78.3364761,17.3886698],[78.3366176,17.3886596],[78.3367486,17.3887035],[78.3369079,17.3887846],[78.3371131,17.3888927],[78.3373043,17.3889771],[78.3374812,17.3890278],[78.3376015,17.3890278],[78.3377183,17.3889839],[78.3378634,17.3888961],[78.3380475,17.3887947],[78.3382244,17.3887103],[78.3384403,17.3886225],[78.3386314,17.3885651],[78.3388509,17.3884975],[78.3390951,17.38843],[78.339219,17.3884266],[78.3393145,17.3884468],[78.3394773,17.388484],[78.3396826,17.3885076],[78.3398914,17.388538],[78.340079,17.3885786],[78.3404152,17.3886427],[78.3407974,17.3887204],[78.3411514,17.3887981],[78.341438,17.3888555],[78.3417785,17.3889344],[78.3419913,17.3889971],[78.342101,17.3889971],[78.3421661,17.3889427],[78.3422311,17.3888225],[78.3423206,17.3886285],[78.3423897,17.3884694],[78.3424791,17.3883026],[78.3426174,17.3880621]]}},
{"type":"Feature","properties":{"full_id":"w1021657666","osm_id":"1021657666","osm_type":"way","waterway":"stream","bridge":null,"usage":null,"width":null,"ship":null,"intermittent":null,"tunnel":"culvert","name:ml":null,"designation":null,"layer":"-1","boat":null,"name:ur":null,"name:te":null,"name:fa":null,"name":null},"geometry":{"type":"LineString","coordinates":[[78.3306786,17.4093864],[78.3304329,17.4094569]]}},
{"type":"Feature","properties":{"full_id":"w1021657667","osm_id":"1021657667","osm_type":"way","waterway":"stream","bridge":null,"usage":null,"width":null,"ship":null,"intermittent":null,"tunnel":null,"name:ml":null,"designation":null,"layer":null,"boat":null,"name:ur":null,"name:te":null,"name:fa":null,"name":null},"geometry":{"type":"LineString","coordinates":[[78.3304329,17.4094569],[78.3301794,17.4095658],[78.3300223,17.4095406],[78.3296092,17.4092898],[78.3289816,17.4089315],[78.3288961,17.4086145]]}},
{"type":"Feature","properties":{"full_id":"w1021657668","osm_id":"1021657668","osm_type":"way","waterway":"stream","bridge":null,"usage":null,"width":null,"ship":null,"intermittent":null,"tunnel":"culvert","name:ml":null,"designation":null,"layer":"-1","boat":null,"name:ur":null,"name:te":null,"name:fa":null,"name":null},"geometry":{"type":"LineString","coordinates":[[78.3288961,17.4086145],[78.3288477,17.4084191]]}},
{"type":"Feature","properties":{"full_id":"w1021657669","osm_id":"1021657669","osm_type":"way","waterway":"stream","bridge":null,"usage":null,"width":null,"ship":null,"intermittent":null,"tunnel":null,"name:ml":null,"designation":null,"layer":null,"boat":null,"name:ur":null,"name:te":null,"name:fa":null,"name":null},"geometry":{"type":"LineString","coordinates":[[78.3288477,17.4084191],[78.3288084,17.4083075]]}},
{"type":"Feature","properties":{"full_id":"w1021657670","osm_id":"1021657670","osm_type":"way","waterway":"stream","bridge":null,"usage":null,"width":null,"ship":null,"intermittent":null,"tunnel":"culvert","name:ml":null,"designation":null,"layer":"-1","boat":null,"name:ur":null,"name:te":null,"name:fa":null,"name":null},"geometry":{"type":"LineString","coordinates":[[78.3288084,17.4083075],[78.3284804,17.407467]]}},
{"type":"Feature","properties":{"full_id":"w1021657671","osm_id":"1021657671","osm_type":"way","waterway":"stream","bridge":null,"usage":null,"width":null,"ship":null,"intermittent":null,"tunnel":null,"name:ml":null,"designation":null,"layer":null,"boat":null,"name:ur":null,"name:te":null,"name:fa":null,"name":null},"geometry":{"type":"LineString","coordinates":[[78.3284804,17.407467],[78.3284009,17.4072167],[78.3283365,17.4070375],[78.328193,17.4066895],[78.3280589,17.4065308],[78.3279746,17.4063642],[78.3279373,17.406307],[78.3278958,17.4061387],[78.327826,17.4057966],[78.3277679,17.405507],[78.3277526,17.4054295],[78.3277391,17.4053117],[78.3277061,17.4051451],[78.3276335,17.4050553],[78.3275342,17.4049558],[78.3272621,17.4046896],[78.3271198,17.4047246],[78.326949,17.404744],[78.3267742,17.4047284],[78.3266523,17.4046702],[78.3265547,17.4045655],[78.3264571,17.4044336],[78.3264083,17.4043172],[78.3264043,17.4042047],[78.3264409,17.4040922],[78.3264449,17.403972],[78.3263921,17.4038672],[78.3262782,17.403747],[78.3261238,17.4036073],[78.3259937,17.4034909],[78.3258717,17.4033202],[78.3257457,17.4031418],[78.3256318,17.4028935],[78.3255383,17.4026685],[78.3254773,17.402459],[78.3254773,17.4021913],[78.325518,17.4019392],[78.32564,17.4016211],[78.3258321,17.401128],[78.3260601,17.4008693],[78.3263374,17.4006223],[78.3266701,17.4003813],[78.3268673,17.4001284],[78.3269721,17.3999167],[78.3270282,17.3997459]]}},
{"type":"Feature","properties":{"full_id":"w1021657674","osm_id":"1021657674","osm_type":"way","waterway":"stream","bridge":null,"usage":null,"width":null,"ship":null,"intermittent":null,"tunnel":"culvert","name:ml":null,"designation":null,"layer":"-1","boat":null,"name:ur":null,"name:te":null,"name:fa":null,"name":null},"geometry":{"type":"LineString","coordinates":[[78.3270282,17.3997459],[78.3271122,17.3994055],[78.3271712,17.3992417],[78.3272463,17.3991266],[78.3273697,17.3989807],[78.3274609,17.3988373]]}},
{"type":"Feature","properties":{"full_id":"w1021657675","osm_id":"1021657675","osm_type":"way","waterway":"stream","bridge":null,"usage":null,"width":null,"ship":null,"intermittent":null,"tunnel":null,"name:ml":null,"designation":null,"layer":null,"boat":null,"name:ur":null,"name:te":null,"name:fa":null,"name":null},"geometry":{"type":"LineString","coordinates":[[78.3274609,17.3988373],[78.3275467,17.3986735],[78.3275977,17.3985379],[78.327662,17.3982896],[78.3277201,17.398123],[78.3277201,17.3979643],[78.3277484,17.3978191],[78.327805,17.3976265],[78.3278369,17.3974611],[78.3278652,17.397228],[78.3279006,17.3969984],[78.3279187,17.3967873],[78.3279146,17.3966728]]}},
{"type":"Feature","properties":{"full_id":"w1042617674","osm_id":"1042617674","osm_type":"way","waterway":"stream","bridge":null,"usage":null,"width":null,"ship":null,"intermittent":null,"tunnel":null,"name:ml":null,"designation":null,"layer":null,"boat":null,"name:ur":null,"name:te":null,"name:fa":null,"name":null},"geometry":{"type":"LineString","coordinates":[[78.3347882,17.415006],[78.3347616,17.4149418],[78.3347389,17.4149039],[78.3347162,17.4148565],[78.3346966,17.4147956],[78.3346766,17.414741],[78.3346577,17.4146876],[78.3346352,17.4146224],[78.3346183,17.4145431],[78.33458,17.4144571],[78.3345487,17.414358],[78.3345174,17.4142589],[78.3344783,17.4141808],[78.3344335,17.4141164],[78.3343854,17.4140745],[78.33432,17.4140345],[78.3342639,17.4140149],[78.3341944,17.4139957],[78.3341268,17.4139671],[78.3340951,17.4139406],[78.3340616,17.4138977],[78.3340393,17.4138367],[78.3340169,17.4137381],[78.3339925,17.4136678]]}},
{"type":"Feature","properties":{"full_id":"w1042617675","osm_id":"1042617675","osm_type":"way","waterway":"stream","bridge":null,"usage":null,"width":null,"ship":null,"intermittent":null,"tunnel":"culvert","name:ml":null,"designation":null,"layer":"-1","boat":null,"name:ur":null,"name:te":null,"name:fa":null,"name":null},"geometry":{"type":"LineString","coordinates":[[78.3339925,17.4136678],[78.333868,17.4134224]]}},
{"type":"Feature","properties":{"full_id":"w1042617676","osm_id":"1042617676","osm_type":"way","waterway":"stream","bridge":null,"usage":null,"width":null,"ship":null,"intermittent":null,"tunnel":null,"name:ml":null,"designation":null,"layer":null,"boat":null,"name:ur":null,"name:te":null,"name:fa":null,"name":null},"geometry":{"type":"LineString","coordinates":[[78.3360056,17.4164451],[78.3359551,17.4163896],[78.3358925,17.4163418],[78.3358113,17.4162957],[78.3357524,17.4162495],[78.3357118,17.416196],[78.3356064,17.4161759],[78.3355371,17.4161214],[78.3355074,17.4160748],[78.3354707,17.4160343],[78.3354108,17.416008],[78.3353736,17.4159802],[78.3353396,17.4159416],[78.3352914,17.4158628],[78.3352481,17.4157576],[78.3351958,17.4156473],[78.3351437,17.4155278]]}},
{"type":"Feature","properties":{"full_id":"w1042617677","osm_id":"1042617677","osm_type":"way","waterway":"stream","bridge":null,"usage":null,"width":null,"ship":null,"intermittent":null,"tunnel":"culvert","name:ml":null,"designation":null,"layer":"-1","boat":null,"name:ur":null,"name:te":null,"name:fa":null,"name":null},"geometry":{"type":"LineString","coordinates":[[78.3351437,17.4155278],[78.3351119,17.4154809],[78.3348186,17.4150611],[78.3347882,17.415006]]}},
{"type":"Feature","properties":{"full_id":"w1043716394","osm_id":"1043716394","osm_type":"way","waterway":"drain","bridge":null,"usage":null,"width":null,"ship":null,"intermittent":null,"tunnel":"culvert","name:ml":null,"designation":null,"layer":"-1","boat":null,"name:ur":null,"name:te":null,"name:fa":null,"name":null},"geometry":{"type":"LineString","coordinates":[[78.4022401,17.3703496],[78.4022971,17.3706892],[78.4019958,17.3710909],[78.4017566,17.3715137],[78.4014642,17.3719831],[78.4011724,17.3722064],[78.4009458,17.3723594],[78.4003522,17.3726342],[78.4001617,17.3727822],[78.3998592,17.3732217],[78.3999047,17.3732368],[78.3992356,17.3733035],[78.3991915,17.3733093]]}},
{"type":"Feature","properties":{"full_id":"w1062100253","osm_id":"1062100253","osm_type":"way","waterway":"drain","bridge":null,"usage":null,"width":null,"ship":null,"intermittent":null,"tunnel":null,"name:ml":null,"designation":null,"layer":null,"boat":null,"name:ur":null,"name:te":null,"name:fa":null,"name":null},"geometry":{"type":"LineString","coordinates":[[78.4489368,17.2300806],[78.4463036,17.2300393]]}},
{"type":"Feature","properties":{"full_id":"w1062100254","osm_id":"1062100254","osm_type":"way","waterway":"drain","bridge":null,"usage":null,"width":null,"ship":null,"intermittent":null,"tunnel":null,"name:ml":null,"designation":null,"layer":null,"boat":null,"name:ur":null,"name:te":null,"name:fa":null,"name":null},"geometry":{"type":"LineString","coordinates":[[78.4515017,17.2301015],[78.4496426,17.230085]]}},
{"type":"Feature","properties":{"full_id":"w1062100255","osm_id":"1062100255","osm_type":"way","waterway":"drain","bridge":null,"usage":null,"width":null,"ship":null,"intermittent":null,"tunnel":"culvert","name:ml":null,"designation":null,"layer":"-1","boat":null,"name:ur":null,"name:te":null,"name:fa":null,"name":null},"geometry":{"type":"LineString","coordinates":[[78.4496426,17.230085],[78.4489368,17.2300806]]}},
{"type":"Feature","properties":{"full_id":"w1062100256","osm_id":"1062100256","osm_type":"way","waterway":"drain","bridge":null,"usage":null,"width":null,"ship":null,"intermittent":null,"tunnel":null,"name:ml":null,"designation":null,"layer":null,"boat":null,"name:ur":null,"name:te":null,"name:fa":null,"name":null},"geometry":{"type":"LineString","coordinates":[[78.4426741,17.2299891],[78.4408373,17.2299572]]}},
{"type":"Feature","properties":{"full_id":"w1062100257","osm_id":"1062100257","osm_type":"way","waterway":"drain","bridge":null,"usage":null,"width":null,"ship":null,"intermittent":null,"tunnel":"culvert","name:ml":null,"designation":null,"layer":"-1","boat":null,"name:ur":null,"name:te":null,"name:fa":null,"name":null},"geometry":{"type":"LineString","coordinates":[[78.4434249,17.2299989],[78.4426741,17.2299891]]}},
{"type":"Feature","properties":{"full_id":"w1062100258","osm_id":"1062100258","osm_type":"way","waterway":"drain","bridge":null,"usage":null,"width":null,"ship":null,"intermittent":null,"tunnel":null,"name:ml":null,"designation":null,"layer":null,"boat":null,"name:ur":null,"name:te":null,"name:fa":null,"name":null},"geometry":{"type":"LineString","coordinates":[[78.4459061,17.2300352],[78.4434249,17.2299989]]}},
{"type":"Feature","properties":{"full_id":"w1062100259","osm_id":"1062100259","osm_type":"way","waterway":"drain","bridge":null,"usage":null,"width":null,"ship":null,"intermittent":null,"tunnel":"culvert","name:ml":null,"designation":null,"layer":"-1","boat":null,"name:ur":null,"name:te":null,"name:fa":null,"name":null},"geometry":{"type":"LineString","coordinates":[[78.4463036,17.2300393],[78.4459061,17.2300352]]}},
{"type":"Feature","properties":{"full_id":"w1062100263","osm_id":"1062100263","osm_type":"way","waterway":"drain","bridge":null,"usage":null,"width":null,"ship":null,"intermittent":null,"tunnel":null,"name:ml":null,"designation":null,"layer":null,"boat":null,"name:ur":null,"name:te":null,"name:fa":null,"name":null},"geometry":{"type":"LineString","coordinates":[[78.4395347,17.2299414],[78.4366764,17.2299021]]}},
{"type":"Feature","properties":{"full_id":"w1062100264","osm_id":"1062100264","osm_type":"way","waterway":"drain","bridge":null,"usage":null,"width":null,"ship":null,"intermittent":null,"tunnel":"culvert","name:ml":null,"designation":null,"layer":"-1","boat":null,"name:ur":null,"name:te":null,"name:fa":null,"name":null},"geometry":{"type":"LineString","coordinates":[[78.4408373,17.2299572],[78.4395347,17.2299414]]}},
{"type":"Feature","properties":{"full_id":"w1062100266","osm_id":"1062100266","osm_type":"way","waterway":"drain","bridge":null,"usage":null,"width":null,"ship":null,"intermittent":null,"tunnel":null,"name:ml":null,"designation":null,"layer":null,"boat":null,"name:ur":null,"name:te":null,"name:fa":null,"name":null},"geometry":{"type":"LineString","coordinates":[[78.4321345,17.2298325],[78.4300579,17.2298103]]}},
{"type":"Feature","properties":{"full_id":"w1062100267","osm_id":"1062100267","osm_type":"way","waterway":"drain","bridge":null,"usage":null,"width":null,"ship":null,"intermittent":null,"tunnel":"culvert","name:ml":null,"designation":null,"layer":"-1","boat":null,"name:ur":null,"name:te":null,"name:fa":null,"name":null},"geometry":{"type":"LineString","coordinates":[[78.4337157,17.2298542],[78.4321345,17.2298325]]}},
{"type":"Feature","properties":{"full_id":"w1062100268","osm_id":"1062100268","osm_type":"way","waterway":"drain","bridge":null,"usage":null,"width":null,"ship":null,"intermittent":null,"tunnel":null,"name:ml":null,"designation":null,"layer":null,"boat":null,"name:ur":null,"name:te":null,"name:fa":null,"name":null},"geometry":{"type":"LineString","coordinates":[[78.4345349,17.2298717],[78.4337157,17.2298542]]}},
{"type":"Feature","properties":{"full_id":"w1062100269","osm_id":"1062100269","osm_type":"way","waterway":"drain","bridge":null,"usage":null,"width":null,"ship":null,"intermittent":null,"tunnel":"culvert","name:ml":null,"designation":null,"layer":"-1","boat":null,"name:ur":null,"name:te":null,"name:fa":null,"name":null},"geometry":{"type":"LineString","coordinates":[[78.4358768,17.2298915],[78.4345349,17.2298717]]}},
{"type":"Feature","properties":{"full_id":"w1062100270","osm_id":"1062100270","osm_type":"way","waterway":"drain","bridge":null,"usage":null,"width":null,"ship":null,"intermittent":null,"tunnel":null,"name:ml":null,"designation":null,"layer":null,"boat":null,"name:ur":null,"name:te":null,"name:fa":null,"name":null},"geometry":{"type":"LineString","coordinates":[[78.4359439,17.2298915],[78.4358768,17.2298915]]}},
{"type":"Feature","properties":{"full_id":"w1062100271","osm_id":"1062100271","osm_type":"way","waterway":"drain","bridge":null,"usage":null,"width":null,"ship":null,"intermittent":null,"tunnel":"culvert","name:ml":null,"designation":null,"layer":"-1","boat":null,"name:ur":null,"name:te":null,"name:fa":null,"name":null},"geometry":{"type":"LineString","coordinates":[[78.4366764,17.2299021],[78.4359439,17.2298915]]}},
{"type":"Feature","properties":{"full_id":"w1062100276","osm_id":"1062100276","osm_type":"way","waterway":"drain","bridge":null,"usage":null,"width":null,"ship":null,"intermittent":null,"tunnel":null,"name:ml":null,"designation":null,"layer":null,"boat":null,"name:ur":null,"name:te":null,"name:fa":null,"name":null},"geometry":{"type":"LineString","coordinates":[[78.4121092,17.2295638],[78.4111949,17.2295589],[78.4093567,17.2312813]]}},
{"type":"Feature","properties":{"full_id":"w1062100277","osm_id":"1062100277","osm_type":"way","waterway":"drain","bridge":null,"usage":null,"width":null,"ship":null,"intermittent":null,"tunnel":"culvert","name:ml":null,"designation":null,"layer":"-1","boat":null,"name:ur":null,"name:te":null,"name:fa":null,"name":null},"geometry":{"type":"LineString","coordinates":[[78.4137049,17.2295811],[78.4121092,17.2295638]]}},
{"type":"Feature","properties":{"full_id":"w1062100278","osm_id":"1062100278","osm_type":"way","waterway":"drain","bridge":null,"usage":null,"width":null,"ship":null,"intermittent":null,"tunnel":null,"name:ml":null,"designation":null,"layer":null,"boat":null,"name:ur":null,"name:te":null,"name:fa":null,"name":null},"geometry":{"type":"LineString","coordinates":[[78.4214721,17.2296925],[78.4137049,17.2295811]]}},
{"type":"Feature","properties":{"full_id":"w1062100279","osm_id":"1062100279","osm_type":"way","waterway":"drain","bridge":null,"usage":null,"width":null,"ship":null,"intermittent":null,"tunnel":"culvert","name:ml":null,"designation":null,"layer":"-1","boat":null,"name:ur":null,"name:te":null,"name:fa":null,"name":null},"geometry":{"type":"LineString","coordinates":[[78.4217831,17.2296964],[78.4214721,17.2296925]]}},
{"type":"Feature","properties":{"full_id":"w1062100280","osm_id":"1062100280","osm_type":"way","waterway":"drain","bridge":null,"usage":null,"width":null,"ship":null,"intermittent":null,"tunnel":null,"name:ml":null,"designation":null,"layer":null,"boat":null,"name:ur":null,"name:te":null,"name:fa":null,"name":null},"geometry":{"type":"LineString","coordinates":[[78.4220454,17.2297002],[78.4217831,17.2296964]]}},
{"type":"Feature","properties":{"full_id":"w1062100281","osm_id":"1062100281","osm_type":"way","waterway":"drain","bridge":null,"usage":null,"width":null,"ship":null,"intermittent":null,"tunnel":"culvert","name:ml":null,"designation":null,"layer":"-1","boat":null,"name:ur":null,"name:te":null,"name:fa":null,"name":null},"geometry":{"type":"LineString","coordinates":[[78.4227101,17.2297071],[78.4220454,17.2297002]]}},
{"type":"Feature","properties":{"full_id":"w1062100282","osm_id":"1062100282","osm_type":"way","waterway":"drain","bridge":null,"usage":null,"width":null,"ship":null,"intermittent":null,"tunnel":null,"name:ml":null,"designation":null,"layer":null,"boat":null,"name:ur":null,"name:te":null,"name:fa":null,"name":null},"geometry":{"type":"LineString","coordinates":[[78.4241593,17.2297317],[78.4227101,17.2297071]]}},
{"type":"Feature","properties":{"full_id":"w1062100283","osm_id":"1062100283","osm_type":"way","waterway":"drain","bridge":null,"usage":null,"width":null,"ship":null,"intermittent":null,"tunnel":"culvert","name:ml":null,"designation":null,"layer":"-1","boat":null,"name:ur":null,"name:te":null,"name:fa":null,"name":null},"geometry":{"type":"LineString","coordinates":[[78.425633,17.2297552],[78.4241593,17.2297317]]}},
{"type":"Feature","properties":{"full_id":"w1062100284","osm_id":"1062100284","osm_type":"way","waterway":"drain","bridge":null,"usage":null,"width":null,"ship":null,"intermittent":null,"tunnel":null,"name:ml":null,"designation":null,"layer":null,"boat":null,"name:ur":null,"name:te":null,"name:fa":null,"name":null},"geometry":{"type":"LineString","coordinates":[[78.4284295,17.2297853],[78.425633,17.2297552]]}},
{"type":"Feature","properties":{"full_id":"w1062100285","osm_id":"1062100285","osm_type":"way","waterway":"drain","bridge":null,"usage":null,"width":null,"ship":null,"intermittent":null,"tunnel":"culvert","name:ml":null,"designation":null,"layer":"-1","boat":null,"name:ur":null,"name:te":null,"name:fa":null,"name":null},"geometry":{"type":"LineString","coordinates":[[78.4300579,17.2298103],[78.4284295,17.2297853]]}},
{"type":"Feature","properties":{"full_id":"w1062100322","osm_id":"1062100322","osm_type":"way","waterway":"drain","bridge":null,"usage":null,"width":null,"ship":null,"intermittent":null,"tunnel":null,"name:ml":null,"designation":null,"layer":null,"boat":null,"name:ur":null,"name:te":null,"name:fa":null,"name":null},"geometry":{"type":"LineString","coordinates":[[78.4433807,17.2319774],[78.4375001,17.2318996],[78.4373212,17.2318972]]}},
{"type":"Feature","properties":{"full_id":"w1062100323","osm_id":"1062100323","osm_type":"way","waterway":"drain","bridge":null,"usage":null,"width":null,"ship":null,"intermittent":null,"tunnel":null,"name:ml":null,"designation":null,"layer":null,"boat":null,"name:ur":null,"name:te":null,"name:fa":null,"name":null},"geometry":{"type":"LineString","coordinates":[[78.437496,17.2322035],[78.4375001,17.2318996]]}},
{"type":"Feature","properties":{"full_id":"w1062100324","osm_id":"1062100324","osm_type":"way","waterway":"drain","bridge":null,"usage":null,"width":null,"ship":null,"intermittent":null,"tunnel":"culvert","name:ml":null,"designation":null,"layer":"-1","boat":null,"name:ur":null,"name:te":null,"name:fa":null,"name":null},"geometry":{"type":"LineString","coordinates":[[78.4373212,17.2318972],[78.4366393,17.231892]]}},
{"type":"Feature","properties":{"full_id":"w1062100325","osm_id":"1062100325","osm_type":"way","waterway":"drain","bridge":null,"usage":null,"width":null,"ship":null,"intermittent":null,"tunnel":"culvert","name:ml":null,"designation":null,"layer":"-1","boat":null,"name:ur":null,"name:te":null,"name:fa":null,"name":null},"geometry":{"type":"LineString","coordinates":[[78.437482,17.2328216],[78.4374836,17.2327495],[78.437496,17.2322035]]}},
{"type":"Feature","properties":{"full_id":"w1062100326","osm_id":"1062100326","osm_type":"way","waterway":"drain","bridge":null,"usage":null,"width":null,"ship":null,"intermittent":null,"tunnel":"culvert","name:ml":null,"designation":null,"layer":"-1","boat":null,"name:ur":null,"name:te":null,"name:fa":null,"name":null},"geometry":{"type":"LineString","coordinates":[[78.4439843,17.2319868],[78.4433807,17.2319774]]}},
{"type":"Feature","properties":{"full_id":"w1062100328","osm_id":"1062100328","osm_type":"way","waterway":"drain","bridge":null,"usage":null,"width":null,"ship":null,"intermittent":null,"tunnel":null,"name:ml":null,"designation":null,"layer":null,"boat":null,"name:ur":null,"name:te":null,"name:fa":null,"name":null},"geometry":{"type":"LineString","coordinates":[[78.4366393,17.231892],[78.436163,17.2318875],[78.4360512,17.2318836],[78.4359496,17.2318662],[78.4349881,17.2316662],[78.4348766,17.2316427],[78.4348171,17.231637],[78.4347154,17.2316362],[78.4341354,17.2316287],[78.4320156,17.2316013]]}},
{"type":"Feature","properties":{"full_id":"w1062100329","osm_id":"1062100329","osm_type":"way","waterway":"drain","bridge":null,"usage":null,"width":null,"ship":null,"intermittent":null,"tunnel":null,"name:ml":null,"designation":null,"layer":null,"boat":null,"name:ur":null,"name:te":null,"name:fa":null,"name":null},"geometry":{"type":"LineString","coordinates":[[78.4342011,17.2322592],[78.4342078,17.231725],[78.4342037,17.2316956],[78.434185,17.23167],[78.4341354,17.2316287]]}},
{"type":"Feature","properties":{"full_id":"w1062100330","osm_id":"1062100330","osm_type":"way","waterway":"drain","bridge":null,"usage":null,"width":null,"ship":null,"intermittent":null,"tunnel":"culvert","name:ml":null,"designation":null,"layer":"-1","boat":null,"name:ur":null,"name:te":null,"name:fa":null,"name":null},"geometry":{"type":"LineString","coordinates":[[78.4341945,17.2327185],[78.4341949,17.2326857],[78.4342011,17.2322592]]}},
{"type":"Feature","properties":{"full_id":"w1062100331","osm_id":"1062100331","osm_type":"way","waterway":"drain","bridge":null,"usage":null,"width":null,"ship":null,"intermittent":null,"tunnel":"culvert","name:ml":null,"designation":null,"layer":"-1","boat":null,"name:ur":null,"name:te":null,"name:fa":null,"name":null},"geometry":{"type":"LineString","coordinates":[[78.4320156,17.2316013],[78.4312625,17.2315952]]}},
{"type":"Feature","properties":{"full_id":"w1062100332","osm_id":"1062100332","osm_type":"way","waterway":"drain","bridge":null,"usage":null,"width":null,"ship":null,"intermittent":null,"tunnel":null,"name:ml":null,"designation":null,"layer":null,"boat":null,"name:ur":null,"name:te":null,"name:fa":null,"name":null},"geometry":{"type":"LineString","coordinates":[[78.4312625,17.2315952],[78.4286861,17.2315588],[78.4276672,17.2315443]]}},
{"type":"Feature","properties":{"full_id":"w1062100334","osm_id":"1062100334","osm_type":"way","waterway":"drain","bridge":null,"usage":null,"width":null,"ship":null,"intermittent":null,"tunnel":null,"name:ml":null,"designation":null,"layer":null,"boat":null,"name:ur":null,"name:te":null,"name:fa":null,"name":null},"geometry":{"type":"LineString","coordinates":[[78.4269361,17.2315334],[78.4245116,17.2314983],[78.4231556,17.2314787],[78.4226858,17.2314719]]}},
{"type":"Feature","properties":{"full_id":"w1062100335","osm_id":"1062100335","osm_type":"way","waterway":"drain","bridge":null,"usage":null,"width":null,"ship":null,"intermittent":null,"tunnel":"culvert","name:ml":null,"designation":null,"layer":"-1","boat":null,"name:ur":null,"name:te":null,"name:fa":null,"name":null},"geometry":{"type":"LineString","coordinates":[[78.4276672,17.2315443],[78.4269361,17.2315334]]}},
{"type":"Feature","properties":{"full_id":"w1062100336","osm_id":"1062100336","osm_type":"way","waterway":"drain","bridge":null,"usage":null,"width":null,"ship":null,"intermittent":null,"tunnel":null,"name:ml":null,"designation":null,"layer":null,"boat":null,"name:ur":null,"name:te":null,"name:fa":null,"name":null},"geometry":{"type":"LineString","coordinates":[[78.4286839,17.2321839],[78.4286861,17.2315588]]}},
{"type":"Feature","properties":{"full_id":"w1062100337","osm_id":"1062100337","osm_type":"way","waterway":"drain","bridge":null,"usage":null,"width":null,"ship":null,"intermittent":null,"tunnel":"culvert","name:ml":null,"designation":null,"layer":"-1","boat":null,"name:ur":null,"name:te":null,"name:fa":null,"name":null},"geometry":{"type":"LineString","coordinates":[[78.4286855,17.2326422],[78.4286854,17.2326161],[78.4286839,17.2321839]]}},
{"type":"Feature","properties":{"full_id":"w1062100339","osm_id":"1062100339","osm_type":"way","waterway":"drain","bridge":null,"usage":null,"width":null,"ship":null,"intermittent":null,"tunnel":null,"name:ml":null,"designation":null,"layer":null,"boat":null,"name:ur":null,"name:te":null,"name:fa":null,"name":null},"geometry":{"type":"LineString","coordinates":[[78.4215343,17.2314584],[78.4189494,17.2314234],[78.412864,17.2313339]]}},
{"type":"Feature","properties":{"full_id":"w1062100340","osm_id":"1062100340","osm_type":"way","waterway":"drain","bridge":null,"usage":null,"width":null,"ship":null,"intermittent":null,"tunnel":"culvert","name:ml":null,"designation":null,"layer":"-1","boat":null,"name:ur":null,"name:te":null,"name:fa":null,"name":null},"geometry":{"type":"LineString","coordinates":[[78.4217014,17.2314607],[78.4215343,17.2314584]]}},
{"type":"Feature","properties":{"full_id":"w1062100341","osm_id":"1062100341","osm_type":"way","waterway":"drain","bridge":null,"usage":null,"width":null,"ship":null,"intermittent":null,"tunnel":null,"name:ml":null,"designation":null,"layer":null,"boat":null,"name:ur":null,"name:te":null,"name:fa":null,"name":null},"geometry":{"type":"LineString","coordinates":[[78.4219991,17.2314652],[78.4217014,17.2314607]]}},
{"type":"Feature","properties":{"full_id":"w1062100342","osm_id":"1062100342","osm_type":"way","waterway":"drain","bridge":null,"usage":null,"width":null,"ship":null,"intermittent":null,"tunnel":"culvert","name:ml":null,"designation":null,"layer":"-1","boat":null,"name:ur":null,"name:te":null,"name:fa":null,"name":null},"geometry":{"type":"LineString","coordinates":[[78.4226858,17.2314719],[78.4219991,17.2314652]]}},
{"type":"Feature","properties":{"full_id":"w1062100343","osm_id":"1062100343","osm_type":"way","waterway":"drain","bridge":null,"usage":null,"width":null,"ship":null,"intermittent":null,"tunnel":null,"name:ml":null,"designation":null,"layer":null,"boat":null,"name:ur":null,"name:te":null,"name:fa":null,"name":null},"geometry":{"type":"LineString","coordinates":[[78.4244992,17.2321156],[78.4245116,17.2314983]]}},
{"type":"Feature","properties":{"full_id":"w1062100344","osm_id":"1062100344","osm_type":"way","waterway":"drain","bridge":null,"usage":null,"width":null,"ship":null,"intermittent":null,"tunnel":null,"name:ml":null,"designation":null,"layer":null,"boat":null,"name:ur":null,"name:te":null,"name:fa":null,"name":null},"geometry":{"type":"LineString","coordinates":[[78.4231463,17.2321021],[78.4231556,17.2314787]]}},
{"type":"Feature","properties":{"full_id":"w1062100346","osm_id":"1062100346","osm_type":"way","waterway":"drain","bridge":null,"usage":null,"width":null,"ship":null,"intermittent":null,"tunnel":null,"name:ml":null,"designation":null,"layer":null,"boat":null,"name:ur":null,"name:te":null,"name:fa":null,"name":null},"geometry":{"type":"LineString","coordinates":[[78.4228055,17.2337588],[78.4228086,17.2335985]]}},
{"type":"Feature","properties":{"full_id":"w1062100347","osm_id":"1062100347","osm_type":"way","waterway":"drain","bridge":null,"usage":null,"width":null,"ship":null,"intermittent":null,"tunnel":"culvert","name:ml":null,"designation":null,"layer":"-1","boat":null,"name:ur":null,"name:te":null,"name:fa":null,"name":null},"geometry":{"type":"LineString","coordinates":[[78.4228086,17.2335985],[78.4228109,17.2335302],[78.4228133,17.2334583],[78.4228304,17.2333339],[78.4228797,17.2331779],[78.4229813,17.2329101],[78.4230164,17.2327862],[78.4230738,17.2325835],[78.4231323,17.232298],[78.4231463,17.2321021]]}},
{"type":"Feature","properties":{"full_id":"w1062100348","osm_id":"1062100348","osm_type":"way","waterway":"drain","bridge":null,"usage":null,"width":null,"ship":null,"intermittent":null,"tunnel":null,"name:ml":null,"designation":null,"layer":null,"boat":null,"name:ur":null,"name:te":null,"name:fa":null,"name":null},"geometry":{"type":"LineString","coordinates":[[78.4267266,17.2327717],[78.4255273,17.2327096],[78.4252996,17.2327096],[78.4248666,17.2327231],[78.4246742,17.2327355],[78.4245364,17.2326898],[78.4244909,17.2326887],[78.4244427,17.2326972],[78.4243454,17.2327513],[78.4242162,17.2327597],[78.4238065,17.2327774]]}},
{"type":"Feature","properties":{"full_id":"w1062100349","osm_id":"1062100349","osm_type":"way","waterway":"drain","bridge":null,"usage":null,"width":null,"ship":null,"intermittent":null,"tunnel":"culvert","name:ml":null,"designation":null,"layer":"-1","boat":null,"name:ur":null,"name:te":null,"name:fa":null,"name":null},"geometry":{"type":"LineString","coordinates":[[78.4238065,17.2327774],[78.4235138,17.2327807],[78.4230164,17.2327862]]}},
{"type":"Feature","properties":{"full_id":"w1062100350","osm_id":"1062100350","osm_type":"way","waterway":"drain","bridge":null,"usage":null,"width":null,"ship":null,"intermittent":null,"tunnel":"culvert","name:ml":null,"designation":null,"layer":"-1","boat":null,"name:ur":null,"name:te":null,"name:fa":null,"name":null},"geometry":{"type":"LineString","coordinates":[[78.4244909,17.2326887],[78.4244928,17.2325596],[78.4244992,17.2321156]]}},
{"type":"Feature","properties":{"full_id":"w1062100351","osm_id":"1062100351","osm_type":"way","waterway":"drain","bridge":null,"usage":null,"width":null,"ship":null,"intermittent":null,"tunnel":null,"name:ml":null,"designation":null,"layer":null,"boat":null,"name:ur":null,"name:te":null,"name:fa":null,"name":null},"geometry":{"type":"LineString","coordinates":[[78.4309184,17.2328247],[78.4302088,17.2328011],[78.429846,17.2327926],[78.4292875,17.232782],[78.4286862,17.2327747],[78.4283089,17.2327715],[78.4280621,17.2327792],[78.4276987,17.2327946]]}},
{"type":"Feature","properties":{"full_id":"w1062100352","osm_id":"1062100352","osm_type":"way","waterway":"drain","bridge":null,"usage":null,"width":null,"ship":null,"intermittent":null,"tunnel":null,"name:ml":null,"designation":null,"layer":null,"boat":null,"name:ur":null,"name:te":null,"name:fa":null,"name":null},"geometry":{"type":"LineString","coordinates":[[78.4286862,17.2327747],[78.4286855,17.2326422]]}},
{"type":"Feature","properties":{"full_id":"w1062100353","osm_id":"1062100353","osm_type":"way","waterway":"drain","bridge":null,"usage":null,"width":null,"ship":null,"intermittent":null,"tunnel":"culvert","name:ml":null,"designation":null,"layer":"-1","boat":null,"name:ur":null,"name:te":null,"name:fa":null,"name":null},"geometry":{"type":"LineString","coordinates":[[78.4276987,17.2327946],[78.4276401,17.2327963],[78.4273919,17.2328035],[78.4271916,17.2328006],[78.4269744,17.2327903],[78.4267266,17.2327717]]}},
{"type":"Feature","properties":{"full_id":"w1062100354","osm_id":"1062100354","osm_type":"way","waterway":"drain","bridge":null,"usage":null,"width":null,"ship":null,"intermittent":null,"tunnel":"culvert","name:ml":null,"designation":null,"layer":"-1","boat":null,"name:ur":null,"name:te":null,"name:fa":null,"name":null},"geometry":{"type":"LineString","coordinates":[[78.4324557,17.2328349],[78.432401,17.2328371],[78.4320452,17.2328518],[78.4319524,17.2328518],[78.4316647,17.2328518],[78.4312808,17.2328422],[78.4312383,17.2328401],[78.4309184,17.2328247]]}},
{"type":"Feature","properties":{"full_id":"w1062100355","osm_id":"1062100355","osm_type":"way","waterway":"drain","bridge":null,"usage":null,"width":null,"ship":null,"intermittent":null,"tunnel":null,"name:ml":null,"designation":null,"layer":null,"boat":null,"name:ur":null,"name:te":null,"name:fa":null,"name":null},"geometry":{"type":"LineString","coordinates":[[78.43419,17.2329051],[78.4339546,17.2328984],[78.4335972,17.2328747],[78.4332751,17.2328426],[78.4330114,17.2328122],[78.432884,17.2328054],[78.4327283,17.2328139],[78.4324557,17.2328349]]}},
{"type":"Feature","properties":{"full_id":"w1062100356","osm_id":"1062100356","osm_type":"way","waterway":"drain","bridge":null,"usage":null,"width":null,"ship":null,"intermittent":null,"tunnel":null,"name:ml":null,"designation":null,"layer":null,"boat":null,"name:ur":null,"name:te":null,"name:fa":null,"name":null},"geometry":{"type":"LineString","coordinates":[[78.43419,17.2329051],[78.4341945,17.2327185]]}},
{"type":"Feature","properties":{"full_id":"w1062100357","osm_id":"1062100357","osm_type":"way","waterway":"drain","bridge":null,"usage":null,"width":null,"ship":null,"intermittent":null,"tunnel":null,"name:ml":null,"designation":null,"layer":null,"boat":null,"name:ur":null,"name:te":null,"name:fa":null,"name":null},"geometry":{"type":"LineString","coordinates":[[78.4364432,17.2329413],[78.43419,17.2329051]]}},
{"type":"Feature","properties":{"full_id":"w1062100358","osm_id":"1062100358","osm_type":"way","waterway":"drain","bridge":null,"usage":null,"width":null,"ship":null,"intermittent":null,"tunnel":null,"name:ml":null,"designation":null,"layer":null,"boat":null,"name:ur":null,"name:te":null,"name:fa":null,"name":null},"geometry":{"type":"LineString","coordinates":[[78.4487457,17.2320536],[78.4461162,17.232017]]}},
{"type":"Feature","properties":{"full_id":"w1062100359","osm_id":"1062100359","osm_type":"way","waterway":"drain","bridge":null,"usage":null,"width":null,"ship":null,"intermittent":null,"tunnel":null,"name:ml":null,"designation":null,"layer":null,"boat":null,"name:ur":null,"name:te":null,"name:fa":null,"name":null},"geometry":{"type":"LineString","coordinates":[[78.445964,17.2320148],[78.4439843,17.2319868]]}},
{"type":"Feature","properties":{"full_id":"w1062100360","osm_id":"1062100360","osm_type":"way","waterway":"drain","bridge":null,"usage":null,"width":null,"ship":null,"intermittent":null,"tunnel":"culvert","name:ml":null,"designation":null,"layer":"-1","boat":null,"name:ur":null,"name:te":null,"name:fa":null,"name":null},"geometry":{"type":"LineString","coordinates":[[78.4461162,17.232017],[78.445964,17.2320148]]}},
{"type":"Feature","properties":{"full_id":"w1062100361","osm_id":"1062100361","osm_type":"way","waterway":"drain","bridge":null,"usage":null,"width":null,"ship":null,"intermittent":null,"tunnel":"culvert","name:ml":null,"designation":null,"layer":"-1","boat":null,"name:ur":null,"name:te":null,"name:fa":null,"name":null},"geometry":{"type":"LineString","coordinates":[[78.4496741,17.2320649],[78.4487457,17.2320536]]}},
{"type":"Feature","properties":{"full_id":"w1062100362","osm_id":"1062100362","osm_type":"way","waterway":"drain","bridge":null,"usage":null,"width":null,"ship":null,"intermittent":null,"tunnel":null,"name:ml":null,"designation":null,"layer":null,"boat":null,"name:ur":null,"name:te":null,"name:fa":null,"name":null},"geometry":{"type":"LineString","coordinates":[[78.4510109,17.2319456],[78.4509983,17.2328169],[78.4496935,17.2327938],[78.449698,17.2320648],[78.4496741,17.2320649]]}},
{"type":"Feature","properties":{"full_id":"w1062100363","osm_id":"1062100363","osm_type":"way","waterway":"drain","bridge":null,"usage":null,"width":null,"ship":null,"intermittent":null,"tunnel":null,"name:ml":null,"designation":null,"layer":null,"boat":null,"name:ur":null,"name:te":null,"name:fa":null,"name":null},"geometry":{"type":"LineString","coordinates":[[78.4113053,17.2313061],[78.4093567,17.2312813],[78.4083535,17.2312696],[78.4055355,17.2312367]]}},
{"type":"Feature","properties":{"full_id":"w1062100364","osm_id":"1062100364","osm_type":"way","waterway":"drain","bridge":null,"usage":null,"width":null,"ship":null,"intermittent":null,"tunnel":"culvert","name:ml":null,"designation":null,"layer":"-1","boat":null,"name:ur":null,"name:te":null,"name:fa":null,"name":null},"geometry":{"type":"LineString","coordinates":[[78.412864,17.2313339],[78.4113053,17.2313061]]}},
{"type":"Feature","properties":{"full_id":"w1062100366","osm_id":"1062100366","osm_type":"way","waterway":"drain","bridge":null,"usage":null,"width":null,"ship":null,"intermittent":null,"tunnel":null,"name:ml":null,"designation":null,"layer":null,"boat":null,"name:ur":null,"name:te":null,"name:fa":null,"name":null},"geometry":{"type":"LineString","coordinates":[[78.4083896,17.2290336],[78.4083535,17.2312696]]}},
{"type":"Feature","properties":{"full_id":"w1062100367","osm_id":"1062100367","osm_type":"way","waterway":"drain","bridge":null,"usage":null,"width":null,"ship":null,"intermittent":null,"tunnel":null,"name:ml":null,"designation":null,"layer":null,"boat":null,"name:ur":null,"name:te":null,"name:fa":null,"name":null},"geometry":{"type":"LineString","coordinates":[[78.4118615,17.2275683],[78.4088165,17.2275323]]}},
{"type":"Feature","properties":{"full_id":"w1062100368","osm_id":"1062100368","osm_type":"way","waterway":"drain","bridge":null,"usage":null,"width":null,"ship":null,"intermittent":null,"tunnel":"culvert","name:ml":null,"designation":null,"layer":"-1","boat":null,"name:ur":null,"name:te":null,"name:fa":null,"name":null},"geometry":{"type":"LineString","coordinates":[[78.4088165,17.2275323],[78.4086359,17.2275304]]}},
{"type":"Feature","properties":{"full_id":"w1062100369","osm_id":"1062100369","osm_type":"way","waterway":"drain","bridge":null,"usage":null,"width":null,"ship":null,"intermittent":null,"tunnel":null,"name:ml":null,"designation":null,"layer":null,"boat":null,"name:ur":null,"name:te":null,"name:fa":null,"name":null},"geometry":{"type":"LineString","coordinates":[[78.4086359,17.2275304],[78.4085912,17.2275299],[78.4084068,17.2277172],[78.4083915,17.2288554]]}},
{"type":"Feature","properties":{"full_id":"w1062100370","osm_id":"1062100370","osm_type":"way","waterway":"drain","bridge":null,"usage":null,"width":null,"ship":null,"intermittent":null,"tunnel":"culvert","name:ml":null,"designation":null,"layer":"-1","boat":null,"name:ur":null,"name:te":null,"name:fa":null,"name":null},"geometry":{"type":"LineString","coordinates":[[78.4083915,17.2288554],[78.4083896,17.2290336]]}},
{"type":"Feature","properties":{"full_id":"w1062100376","osm_id":"1062100376","osm_type":"way","waterway":"drain","bridge":null,"usage":null,"width":null,"ship":null,"intermittent":null,"tunnel":null,"name:ml":null,"designation":null,"layer":null,"boat":null,"name:ur":null,"name:te":null,"name:fa":null,"name":null},"geometry":{"type":"LineString","coordinates":[[78.4433519,17.2329082],[78.4421382,17.2328941]]}},
{"type":"Feature","properties":{"full_id":"w1062100377","osm_id":"1062100377","osm_type":"way","waterway":"drain","bridge":null,"usage":null,"width":null,"ship":null,"intermittent":null,"tunnel":"culvert","name:ml":null,"designation":null,"layer":"-1","boat":null,"name:ur":null,"name:te":null,"name:fa":null,"name":null},"geometry":{"type":"LineString","coordinates":[[78.4421382,17.2328941],[78.4417408,17.2328889],[78.4417126,17.2328885]]}},
{"type":"Feature","properties":{"full_id":"w1062100378","osm_id":"1062100378","osm_type":"way","waterway":"drain","bridge":null,"usage":null,"width":null,"ship":null,"intermittent":null,"tunnel":null,"name:ml":null,"designation":null,"layer":null,"boat":null,"name:ur":null,"name:te":null,"name:fa":null,"name":null},"geometry":{"type":"LineString","coordinates":[[78.4417126,17.2328885],[78.4396932,17.2328602]]}},
{"type":"Feature","properties":{"full_id":"w1062100379","osm_id":"1062100379","osm_type":"way","waterway":"drain","bridge":null,"usage":null,"width":null,"ship":null,"intermittent":null,"tunnel":"culvert","name:ml":null,"designation":null,"layer":"-1","boat":null,"name:ur":null,"name:te":null,"name:fa":null,"name":null},"geometry":{"type":"LineString","coordinates":[[78.4396932,17.2328602],[78.4396502,17.2328598],[78.4393125,17.2328564],[78.4392678,17.232856]]}},
{"type":"Feature","properties":{"full_id":"w1062100380","osm_id":"1062100380","osm_type":"way","waterway":"drain","bridge":null,"usage":null,"width":null,"ship":null,"intermittent":null,"tunnel":null,"name:ml":null,"designation":null,"layer":null,"boat":null,"name:ur":null,"name:te":null,"name:fa":null,"name":null},"geometry":{"type":"LineString","coordinates":[[78.4392678,17.232856],[78.4379963,17.2328405]]}},
{"type":"Feature","properties":{"full_id":"w1062100381","osm_id":"1062100381","osm_type":"way","waterway":"drain","bridge":null,"usage":null,"width":null,"ship":null,"intermittent":null,"tunnel":null,"name:ml":null,"designation":null,"layer":null,"boat":null,"name:ur":null,"name:te":null,"name:fa":null,"name":null},"geometry":{"type":"LineString","coordinates":[[78.437441,17.2338748],[78.437449,17.2336509],[78.4374618,17.2333855],[78.4374816,17.2328339],[78.437482,17.2328216]]}},
{"type":"Feature","properties":{"full_id":"w1062100382","osm_id":"1062100382","osm_type":"way","waterway":"drain","bridge":null,"usage":null,"width":null,"ship":null,"intermittent":null,"tunnel":"culvert","name:ml":null,"designation":null,"layer":"-1","boat":null,"name:ur":null,"name:te":null,"name:fa":null,"name":null},"geometry":{"type":"LineString","coordinates":[[78.4379963,17.2328405],[78.4379252,17.2328395],[78.4375836,17.2328347],[78.4375245,17.2328339]]}},
{"type":"Feature","properties":{"full_id":"w1062100383","osm_id":"1062100383","osm_type":"way","waterway":"drain","bridge":null,"usage":null,"width":null,"ship":null,"intermittent":null,"tunnel":null,"name:ml":null,"designation":null,"layer":null,"boat":null,"name:ur":null,"name:te":null,"name:fa":null,"name":null},"geometry":{"type":"LineString","coordinates":[[78.4375245,17.2328339],[78.4374816,17.2328339]]}},
{"type":"Feature","properties":{"full_id":"w1062100387","osm_id":"1062100387","osm_type":"way","waterway":"drain","bridge":null,"usage":null,"width":null,"ship":null,"intermittent":null,"tunnel":null,"name:ml":null,"designation":null,"layer":null,"boat":null,"name:ur":null,"name:te":null,"name:fa":null,"name":null},"geometry":{"type":"LineString","coordinates":[[78.4373923,17.2363405],[78.4374133,17.2351791]]}},
{"type":"Feature","properties":{"full_id":"w1062100388","osm_id":"1062100388","osm_type":"way","waterway":"drain","bridge":null,"usage":null,"width":null,"ship":null,"intermittent":null,"tunnel":"culvert","name:ml":null,"designation":null,"layer":"-1","boat":null,"name:ur":null,"name:te":null,"name:fa":null,"name":null},"geometry":{"type":"LineString","coordinates":[[78.4374133,17.2351791],[78.437428,17.2343193],[78.4374283,17.2343045]]}},
{"type":"Feature","properties":{"full_id":"w1062100389","osm_id":"1062100389","osm_type":"way","waterway":"drain","bridge":null,"usage":null,"width":null,"ship":null,"intermittent":null,"tunnel":null,"name:ml":null,"designation":null,"layer":null,"boat":null,"name:ur":null,"name:te":null,"name:fa":null,"name":null},"geometry":{"type":"LineString","coordinates":[[78.4374283,17.2343045],[78.4374359,17.2340191]]}},
{"type":"Feature","properties":{"full_id":"w1062100390","osm_id":"1062100390","osm_type":"way","waterway":"drain","bridge":null,"usage":null,"width":null,"ship":null,"intermittent":null,"tunnel":"culvert","name:ml":null,"designation":null,"layer":"-1","boat":null,"name:ur":null,"name:te":null,"name:fa":null,"name":null},"geometry":{"type":"LineString","coordinates":[[78.4374359,17.2340191],[78.4374365,17.2340001],[78.4374397,17.2339121],[78.437441,17.2338748]]}},
{"type":"Feature","properties":{"full_id":"w1069899940","osm_id":"1069899940","osm_type":"way","waterway":"drain","bridge":null,"usage":null,"width":null,"ship":null,"intermittent":null,"tunnel":null,"name:ml":null,"designation":null,"layer":null,"boat":null,"name:ur":null,"name:te":null,"name:fa":null,"name":null},"geometry":{"type":"LineString","coordinates":[[78.4150539,17.5752142],[78.4151577,17.5751085],[78.4152793,17.5751903],[78.4153937,17.5752039],[78.415526,17.5751767],[78.4156333,17.575238],[78.4156869,17.5752551],[78.4157942,17.5752755],[78.4158658,17.575238],[78.415948,17.5752414],[78.4160768,17.5752108],[78.4162091,17.5752176],[78.4163986,17.5752414],[78.4165274,17.5751767],[78.4167062,17.5750301],[78.4167884,17.5749823],[78.4168242,17.5748698],[78.4169494,17.5747232]]}},
{"type":"Feature","properties":{"full_id":"w1069899942","osm_id":"1069899942","osm_type":"way","waterway":"drain","bridge":null,"usage":null,"width":null,"ship":null,"intermittent":null,"tunnel":null,"name:ml":null,"designation":null,"layer":null,"boat":null,"name:ur":null,"name:te":null,"name:fa":null,"name":null},"geometry":{"type":"LineString","coordinates":[[78.4099041,17.5761142],[78.410133,17.5761926],[78.4105049,17.5762131],[78.4109984,17.576254],[78.4115063,17.5762165],[78.4121643,17.5761108],[78.4122501,17.5760733],[78.4123646,17.576046],[78.4124647,17.5761245],[78.4128188,17.5760495],[78.4131549,17.5759369],[78.4134124,17.5758517],[78.413745,17.5757597],[78.4140419,17.5757392],[78.4141205,17.5757222],[78.4142064,17.5756403]]}},
{"type":"Feature","properties":{"full_id":"w1072242933","osm_id":"1072242933","osm_type":"way","waterway":"stream","bridge":null,"usage":null,"width":null,"ship":null,"intermittent":null,"tunnel":null,"name:ml":null,"designation":null,"layer":null,"boat":null,"name:ur":null,"name:te":null,"name:fa":null,"name":null},"geometry":{"type":"LineString","coordinates":[[78.5975281,17.3047699],[78.5977241,17.3050297],[78.5980284,17.3053116],[78.5981254,17.30537],[78.5983295,17.3053749],[78.5986612,17.305258],[78.5989266,17.3052141],[78.599391,17.3053359],[78.5996003,17.3053116],[78.5998912,17.3049071],[78.6002025,17.304834],[78.6005598,17.3048633],[78.6010344,17.3053359],[78.6012283,17.3055162],[78.6014018,17.3056867],[78.6016621,17.3059498],[78.6019989,17.3063786],[78.6021163,17.3065638],[78.6024225,17.306632],[78.602739,17.3066905],[78.6031677,17.3065248],[78.6037392,17.3062617],[78.6041475,17.3060814],[78.6046783,17.3062568],[78.6049692,17.3064079],[78.6052601,17.3065979],[78.6054285,17.306632],[78.6054796,17.3066807],[78.6054949,17.3067928],[78.6055,17.3069292],[78.6054336,17.3070023],[78.605648,17.3075529],[78.6058419,17.3078063],[78.6063727,17.3081522],[78.6071127,17.3088343]]}},
{"type":"Feature","properties":{"full_id":"w1072242934","osm_id":"1072242934","osm_type":"way","waterway":"stream","bridge":null,"usage":null,"width":null,"ship":null,"intermittent":null,"tunnel":"culvert","name:ml":null,"designation":null,"layer":"-1","boat":null,"name:ur":null,"name:te":null,"name:fa":null,"name":null},"geometry":{"type":"LineString","coordinates":[[78.6071127,17.3088343],[78.6072119,17.3088751]]}},
{"type":"Feature","properties":{"full_id":"w1079141304","osm_id":"1079141304","osm_type":"way","waterway":"canal","bridge":null,"usage":null,"width":null,"ship":null,"intermittent":null,"tunnel":null,"name:ml":null,"designation":null,"layer":null,"boat":null,"name:ur":null,"name:te":null,"name:fa":null,"name":null},"geometry":{"type":"LineString","coordinates":[[78.4149863,17.3825389],[78.4149917,17.3824068]]}},
{"type":"Feature","properties":{"full_id":"w1079141305","osm_id":"1079141305","osm_type":"way","waterway":"canal","bridge":null,"usage":null,"width":null,"ship":null,"intermittent":null,"tunnel":null,"name:ml":null,"designation":null,"layer":null,"boat":null,"name:ur":null,"name:te":null,"name:fa":null,"name":null},"geometry":{"type":"LineString","coordinates":[[78.4149944,17.3823426],[78.4149971,17.3822782]]}},
{"type":"Feature","properties":{"full_id":"w1079141306","osm_id":"1079141306","osm_type":"way","waterway":"canal","bridge":null,"usage":null,"width":null,"ship":null,"intermittent":null,"tunnel":null,"name:ml":null,"designation":null,"layer":null,"boat":null,"name:ur":null,"name:te":null,"name:fa":null,"name":null},"geometry":{"type":"LineString","coordinates":[[78.4149917,17.3824068],[78.4149944,17.3823426]]}},
{"type":"Feature","properties":{"full_id":"w1079141310","osm_id":"1079141310","osm_type":"way","waterway":"canal","bridge":null,"usage":null,"width":null,"ship":null,"intermittent":null,"tunnel":null,"name:ml":null,"designation":null,"layer":null,"boat":null,"name:ur":null,"name:te":null,"name:fa":null,"name":null},"geometry":{"type":"LineString","coordinates":[[78.4168372,17.3792989],[78.4167584,17.3791131]]}},
{"type":"Feature","properties":{"full_id":"w1079141314","osm_id":"1079141314","osm_type":"way","waterway":"canal","bridge":null,"usage":null,"width":null,"ship":null,"intermittent":null,"tunnel":null,"name:ml":null,"designation":null,"layer":null,"boat":null,"name:ur":null,"name:te":null,"name:fa":null,"name":null},"geometry":{"type":"LineString","coordinates":[[78.4167336,17.3790546],[78.4166925,17.3789578]]}},
{"type":"Feature","properties":{"full_id":"w1079141315","osm_id":"1079141315","osm_type":"way","waterway":"canal","bridge":null,"usage":null,"width":null,"ship":null,"intermittent":null,"tunnel":"culvert","name:ml":null,"designation":null,"layer":"-1","boat":null,"name:ur":null,"name:te":null,"name:fa":null,"name":null},"geometry":{"type":"LineString","coordinates":[[78.4167584,17.3791131],[78.4167336,17.3790546]]}},
{"type":"Feature","properties":{"full_id":"w1083196544","osm_id":"1083196544","osm_type":"way","waterway":"stream","bridge":null,"usage":null,"width":null,"ship":null,"intermittent":null,"tunnel":null,"name:ml":null,"designation":"drain from mansarovar to hussain sagar","layer":null,"boat":null,"name:ur":null,"name:te":null,"name:fa":null,"name":null},"geometry":{"type":"LineString","coordinates":[[78.4827581,17.465842],[78.4824964,17.4656195],[78.4822469,17.4653125],[78.4820672,17.4651334],[78.48185,17.4650643],[78.4813323,17.4649518],[78.4811879,17.4649756],[78.4808575,17.4650055],[78.4806483,17.4649876],[78.4801763,17.4647215],[78.4800609,17.4646498],[78.4797605,17.4641714],[78.4796237,17.4641177],[78.4794118,17.4639053],[78.4792187,17.4639334],[78.479149,17.4639283],[78.4790689,17.463767],[78.479031,17.463565],[78.4790116,17.4631644],[78.4789988,17.4628998],[78.4787958,17.4625051],[78.4786941,17.4622996]]}},
{"type":"Feature","properties":{"full_id":"w1083196545","osm_id":"1083196545","osm_type":"way","waterway":"stream","bridge":null,"usage":null,"width":null,"ship":null,"intermittent":null,"tunnel":"culvert","name:ml":null,"designation":"drain from mansarovar to hussain sagar","layer":"-1","boat":null,"name:ur":null,"name:te":null,"name:fa":null,"name":null},"geometry":{"type":"LineString","coordinates":[[78.4786941,17.4622996],[78.4786493,17.4622092]]}},
{"type":"Feature","properties":{"full_id":"w1172957607","osm_id":"1172957607","osm_type":"way","waterway":"canal","bridge":null,"usage":null,"width":null,"ship":null,"intermittent":null,"tunnel":null,"name:ml":null,"designation":null,"layer":null,"boat":null,"name:ur":null,"name:te":null,"name:fa":null,"name":null},"geometry":{"type":"LineString","coordinates":[[78.5447798,17.3859053],[78.5439408,17.3839508]]}},
{"type":"Feature","properties":{"full_id":"w1172957624","osm_id":"1172957624","osm_type":"way","waterway":"canal","bridge":null,"usage":null,"width":null,"ship":null,"intermittent":null,"tunnel":null,"name:ml":null,"designation":null,"layer":null,"boat":null,"name:ur":null,"name:te":null,"name:fa":null,"name":null},"geometry":{"type":"LineString","coordinates":[[78.5413503,17.3887816],[78.5417876,17.3883883],[78.5422485,17.3881876]]}},
{"type":"Feature","properties":{"full_id":"w1187680989","osm_id":"1187680989","osm_type":"way","waterway":"canal","bridge":null,"usage":null,"width":null,"ship":null,"intermittent":null,"tunnel":null,"name:ml":null,"designation":null,"layer":null,"boat":null,"name:ur":null,"name:te":null,"name:fa":null,"name":null},"geometry":{"type":"LineString","coordinates":[[78.4050478,17.2323418],[78.4050452,17.2333022],[78.4049892,17.237085]]}},
{"type":"Feature","properties":{"full_id":"w1187680990","osm_id":"1187680990","osm_type":"way","waterway":"canal","bridge":null,"usage":null,"width":null,"ship":null,"intermittent":null,"tunnel":"culvert","name:ml":null,"designation":null,"layer":"-1","boat":null,"name:ur":null,"name:te":null,"name:fa":null,"name":null},"geometry":{"type":"LineString","coordinates":[[78.4049892,17.237085],[78.404982,17.2374882]]}},
{"type":"Feature","properties":{"full_id":"w1187680991","osm_id":"1187680991","osm_type":"way","waterway":"stream","bridge":null,"usage":null,"width":null,"ship":null,"intermittent":null,"tunnel":null,"name:ml":null,"designation":null,"layer":null,"boat":null,"name:ur":null,"name:te":null,"name:fa":null,"name":null},"geometry":{"type":"LineString","coordinates":[[78.404982,17.2374882],[78.4049802,17.238],[78.4050217,17.2381706],[78.405065,17.2384016],[78.4051426,17.2385687],[78.405222,17.2386618],[78.4053086,17.2386842],[78.405379,17.2387135],[78.4054133,17.2387824],[78.4054295,17.2388979],[78.4054656,17.2389737],[78.4055496,17.2390662]]}},
{"type":"Feature","properties":{"full_id":"w1191210427","osm_id":"1191210427","osm_type":"way","waterway":"canal","bridge":null,"usage":null,"width":null,"ship":null,"intermittent":null,"tunnel":null,"name:ml":null,"designation":null,"layer":null,"boat":null,"name:ur":null,"name:te":null,"name:fa":null,"name":null},"geometry":{"type":"LineString","coordinates":[[78.586287,17.2912767],[78.5869416,17.2913624]]}},
{"type":"Feature","properties":{"full_id":"w1191210428","osm_id":"1191210428","osm_type":"way","waterway":"canal","bridge":null,"usage":null,"width":null,"ship":null,"intermittent":null,"tunnel":"culvert","name:ml":null,"designation":null,"layer":"-1","boat":null,"name:ur":null,"name:te":null,"name:fa":null,"name":null},"geometry":{"type":"LineString","coordinates":[[78.5869416,17.2913624],[78.587136,17.2913881]]}},
{"type":"Feature","properties":{"full_id":"w1205115528","osm_id":"1205115528","osm_type":"way","waterway":"drain","bridge":null,"usage":null,"width":null,"ship":null,"intermittent":null,"tunnel":null,"name:ml":null,"designation":null,"layer":null,"boat":null,"name:ur":null,"name:te":null,"name:fa":null,"name":null},"geometry":{"type":"LineString","coordinates":[[78.5135984,17.4155946],[78.5134908,17.4158189],[78.5134142,17.4160413],[78.5133701,17.4161695],[78.5133639,17.4161953],[78.5132927,17.4164802],[78.5132831,17.4165165]]}},
{"type":"Feature","properties":{"full_id":"w1205115530","osm_id":"1205115530","osm_type":"way","waterway":"drain","bridge":null,"usage":null,"width":null,"ship":null,"intermittent":null,"tunnel":null,"name:ml":null,"designation":null,"layer":null,"boat":null,"name:ur":null,"name:te":null,"name:fa":null,"name":null},"geometry":{"type":"LineString","coordinates":[[78.5138396,17.41475],[78.5138141,17.4148806],[78.5138138,17.4150551]]}},
{"type":"Feature","properties":{"full_id":"w1225348440","osm_id":"1225348440","osm_type":"way","waterway":"drain","bridge":null,"usage":null,"width":null,"ship":null,"intermittent":null,"tunnel":null,"name:ml":null,"designation":null,"layer":null,"boat":null,"name:ur":null,"name:te":null,"name:fa":null,"name":null},"geometry":{"type":"LineString","coordinates":[[78.5654231,17.574627],[78.5654642,17.574533],[78.565466,17.5744113],[78.5653545,17.5743187],[78.5650992,17.5742536],[78.5648007,17.5741147],[78.5647251,17.5740838],[78.5646909,17.5740394],[78.5646873,17.5739681],[78.5647015,17.5738934],[78.5647015,17.573822],[78.5646832,17.5736575],[78.5646655,17.5736293],[78.5646194,17.5736043],[78.5645635,17.5736043]]}},
{"type":"Feature","properties":{"full_id":"w1225348441","osm_id":"1225348441","osm_type":"way","waterway":"drain","bridge":null,"usage":null,"width":null,"ship":null,"intermittent":null,"tunnel":"culvert","name:ml":null,"designation":null,"layer":"-1","boat":null,"name:ur":null,"name:te":null,"name:fa":null,"name":null},"geometry":{"type":"LineString","coordinates":[[78.5653811,17.574723],[78.5654231,17.574627]]}},
{"type":"Feature","properties":{"full_id":"w1225349217","osm_id":"1225349217","osm_type":"way","waterway":"drain","bridge":null,"usage":null,"width":null,"ship":null,"intermittent":null,"tunnel":null,"name:ml":null,"designation":null,"layer":null,"boat":null,"name:ur":null,"name:te":null,"name:fa":null,"name":null},"geometry":{"type":"LineString","coordinates":[[78.5657087,17.5763442],[78.5655038,17.575829],[78.5652592,17.5753799],[78.5651963,17.5751879],[78.5652233,17.574989],[78.5653473,17.5748004],[78.5653811,17.574723]]}},
{"type":"Feature","properties":{"full_id":"w1225349218","osm_id":"1225349218","osm_type":"way","waterway":"drain","bridge":null,"usage":null,"width":null,"ship":null,"intermittent":null,"tunnel":"culvert","name:ml":null,"designation":null,"layer":"-1","boat":null,"name:ur":null,"name:te":null,"name:fa":null,"name":null},"geometry":{"type":"LineString","coordinates":[[78.5657663,17.576489],[78.5657087,17.5763442]]}},
{"type":"Feature","properties":{"full_id":"w1234675452","osm_id":"1234675452","osm_type":"way","waterway":"stream","bridge":null,"usage":null,"width":null,"ship":null,"intermittent":null,"tunnel":null,"name:ml":null,"designation":null,"layer":null,"boat":null,"name:ur":null,"name:te":null,"name:fa":null,"name":null},"geometry":{"type":"LineString","coordinates":[[78.3584019,17.4086157],[78.3581498,17.4084095],[78.3575856,17.4081415],[78.357528,17.4079674],[78.3576024,17.4076467],[78.3576793,17.4074405],[78.3577057,17.4073329],[78.3577897,17.4070145],[78.3578209,17.4068037],[78.3577777,17.4064761],[78.3577753,17.4062975],[78.3577129,17.4061486],[78.3577201,17.4059447],[78.3578593,17.4057958],[78.3579433,17.4056675],[78.3580105,17.4054407],[78.3579289,17.4052277],[78.3578569,17.4050009],[78.3578521,17.4048314],[78.3578905,17.4046],[78.3579601,17.4043618],[78.3580898,17.4041808],[78.3582386,17.4039403],[78.3583442,17.40378],[78.3585195,17.4035875],[78.3587475,17.4033585],[78.358942,17.4031821],[78.3591941,17.4027812],[78.3592613,17.4025842],[78.3593141,17.4024193],[78.3594125,17.4021948],[78.3595182,17.4019107],[78.3595734,17.4016725],[78.3595974,17.4014961],[78.3595398,17.4012418],[78.3593597,17.4010654],[78.3591076,17.4008409],[78.3589228,17.4006691],[78.3588172,17.4005042],[78.3587932,17.4003667],[78.3588357,17.4003055],[78.3589044,17.4002067],[78.3589492,17.4001422],[78.3592493,17.4003346],[78.3594437,17.4004538],[78.3598999,17.4006164],[78.360616,17.4006887],[78.3608705,17.4007878],[78.3610848,17.400791],[78.3610948,17.4006759],[78.3611216,17.4005226]]}},
{"type":"Feature","properties":{"full_id":"w1234964849","osm_id":"1234964849","osm_type":"way","waterway":"stream","bridge":null,"usage":null,"width":null,"ship":null,"intermittent":null,"tunnel":null,"name:ml":null,"designation":null,"layer":null,"boat":null,"name:ur":null,"name:te":null,"name:fa":null,"name":null},"geometry":{"type":"LineString","coordinates":[[78.3412712,17.4027759],[78.3414357,17.4029139],[78.3417192,17.4030004],[78.3423514,17.4028543],[78.3424988,17.4027786],[78.3425981,17.4026541],[78.342805,17.4025757],[78.3429638,17.4025811],[78.3430772,17.4024837],[78.3431367,17.4023349],[78.3431878,17.4021915],[78.34327,17.4020914],[78.3434968,17.4020211],[78.3436641,17.4020157],[78.3438143,17.4020563],[78.3440861,17.4021312],[78.3442782,17.4021839],[78.3445447,17.4022915],[78.3446815,17.4023236],[78.3449048,17.4023923],[78.3450416,17.4025069],[78.3451952,17.4026833],[78.3453201,17.402752],[78.3454281,17.402807],[78.3454401,17.4029329],[78.3453825,17.4030864],[78.3453681,17.4032239],[78.3454557,17.4033433],[78.3456081,17.4034678],[78.3456963,17.4034864],[78.3457954,17.4034804],[78.3462011,17.4033839],[78.346497,17.4034395],[78.346617,17.403735],[78.3467173,17.40382],[78.346847,17.4038529],[78.3471073,17.403833],[78.3473223,17.4038088],[78.3474448,17.4037993],[78.3476391,17.4039248],[78.3477759,17.4040577],[78.347884,17.4041173],[78.348064,17.4041356],[78.3482969,17.4041241],[78.3484121,17.4041562],[78.3484889,17.4042387],[78.3486306,17.4042982],[78.3487362,17.4042753],[78.348873,17.4042295],[78.3489931,17.4041196],[78.3490651,17.4039546],[78.3490747,17.4038722],[78.349135,17.4037063],[78.3492646,17.4036147],[78.3494231,17.4035162],[78.3495023,17.4033902],[78.3495671,17.403184],[78.3495983,17.4029939],[78.3496415,17.4028198],[78.3497592,17.4026434],[78.3498744,17.4024854],[78.349956,17.4022907],[78.3500448,17.402112],[78.3501361,17.4019814],[78.3503281,17.4018508],[78.350501,17.4016538],[78.350609,17.4015003]]}},
{"type":"Feature","properties":{"full_id":"w1234969845","osm_id":"1234969845","osm_type":"way","waterway":"stream","bridge":null,"usage":null,"width":null,"ship":null,"intermittent":null,"tunnel":null,"name:ml":null,"designation":null,"layer":null,"boat":null,"name:ur":null,"name:te":null,"name:fa":null,"name":null},"geometry":{"type":"LineString","coordinates":[[78.3624103,17.4062766],[78.3623479,17.4063843],[78.3621726,17.4066042],[78.3620478,17.4068424],[78.3619638,17.4071059],[78.3618749,17.4073212],[78.3618629,17.4075274],[78.3618557,17.4077427],[78.3617261,17.4079099],[78.3614284,17.4079878],[78.3610923,17.4080748],[78.3608307,17.4082489],[78.3606434,17.4084161],[78.3605378,17.4085101],[78.3603841,17.4085192],[78.3602281,17.4083543],[78.3601225,17.4082054],[78.3599688,17.4081046],[78.3597144,17.408068],[78.3595151,17.4081115],[78.3593038,17.4081939],[78.3589918,17.4083635],[78.3588933,17.4084688]]}},
{"type":"Feature","properties":{"full_id":"w1275208910","osm_id":"1275208910","osm_type":"way","waterway":"ditch","bridge":null,"usage":null,"width":null,"ship":null,"intermittent":null,"tunnel":null,"name:ml":null,"designation":null,"layer":null,"boat":null,"name:ur":null,"name:te":null,"name:fa":null,"name":null},"geometry":{"type":"LineString","coordinates":[[78.622858,17.3049502],[78.6231195,17.305125],[78.6239435,17.3051905],[78.6248533,17.3053216],[78.6265528,17.3053544],[78.6272909,17.3056494],[78.6282351,17.3058625],[78.6290419,17.3066819],[78.6311705,17.3077636]]}},
{"type":"Feature","properties":{"full_id":"w1275208911","osm_id":"1275208911","osm_type":"way","waterway":"stream","bridge":null,"usage":null,"width":null,"ship":null,"intermittent":null,"tunnel":"culvert","name:ml":null,"designation":null,"layer":"-1","boat":null,"name:ur":null,"name:te":null,"name:fa":null,"name":null},"geometry":{"type":"LineString","coordinates":[[78.6227675,17.3048897],[78.622858,17.3049502]]}},
{"type":"Feature","properties":{"full_id":"w1275208914","osm_id":"1275208914","osm_type":"way","waterway":"stream","bridge":null,"usage":null,"width":null,"ship":null,"intermittent":null,"tunnel":null,"name:ml":null,"designation":null,"layer":null,"boat":null,"name:ur":null,"name:te":null,"name:fa":null,"name":null},"geometry":{"type":"LineString","coordinates":[[78.6196509,17.3102005],[78.6194224,17.3096995],[78.6193623,17.3079623],[78.6195254,17.3079705],[78.6197314,17.3072576],[78.61974,17.3070199],[78.620006,17.3067085],[78.6201262,17.3063726],[78.6205897,17.3064054],[78.6211476,17.3062824],[78.6213278,17.3062251],[78.6214394,17.306094],[78.6213278,17.3059301],[78.6213879,17.3056842],[78.6213707,17.3049221],[78.6219351,17.30483],[78.6226046,17.3047808],[78.6227675,17.3048897]]}},
{"type":"Feature","properties":{"full_id":"w1275208915","osm_id":"1275208915","osm_type":"way","waterway":"stream","bridge":null,"usage":null,"width":null,"ship":null,"intermittent":null,"tunnel":"culvert","name:ml":null,"designation":null,"layer":"-1","boat":null,"name:ur":null,"name:te":null,"name:fa":null,"name":null},"geometry":{"type":"LineString","coordinates":[[78.6181363,17.311407],[78.6182157,17.3113924]]}},
{"type":"Feature","properties":{"full_id":"w1275208916","osm_id":"1275208916","osm_type":"way","waterway":"stream","bridge":null,"usage":null,"width":null,"ship":null,"intermittent":null,"tunnel":null,"name:ml":null,"designation":null,"layer":null,"boat":null,"name:ur":null,"name:te":null,"name:fa":null,"name":null},"geometry":{"type":"LineString","coordinates":[[78.6182157,17.3113924],[78.6182307,17.3113896],[78.6182736,17.3114101],[78.6184635,17.3113486],[78.6186534,17.311323],[78.6196627,17.31124],[78.6199717,17.3109041],[78.6196944,17.3102959]]}},
{"type":"Feature","properties":{"full_id":"w1275208917","osm_id":"1275208917","osm_type":"way","waterway":"stream","bridge":null,"usage":null,"width":null,"ship":null,"intermittent":null,"tunnel":"culvert","name:ml":null,"designation":null,"layer":"-1","boat":null,"name:ur":null,"name:te":null,"name:fa":null,"name":null},"geometry":{"type":"LineString","coordinates":[[78.6196944,17.3102959],[78.6196509,17.3102005]]}},
{"type":"Feature","properties":{"full_id":"w1283214327","osm_id":"1283214327","osm_type":"way","waterway":"canal","bridge":null,"usage":null,"width":null,"ship":null,"intermittent":null,"tunnel":null,"name:ml":null,"designation":null,"layer":null,"boat":null,"name:ur":null,"name:te":null,"name:fa":null,"name":null},"geometry":{"type":"LineString","coordinates":[[78.4125361,17.3855943],[78.4129099,17.3849447],[78.4130275,17.3849526],[78.4131126,17.3849057],[78.4133078,17.3848915],[78.4135291,17.3846093],[78.4138788,17.3845407],[78.41393,17.3845254]]}},
{"type":"Feature","properties":{"full_id":"w1283214328","osm_id":"1283214328","osm_type":"way","waterway":"canal","bridge":null,"usage":null,"width":null,"ship":null,"intermittent":null,"tunnel":"culvert","name:ml":null,"designation":null,"layer":"-1","boat":null,"name:ur":null,"name:te":null,"name:fa":null,"name":null},"geometry":{"type":"LineString","coordinates":[[78.41393,17.3845254],[78.4140504,17.3844974]]}},
{"type":"Feature","properties":{"full_id":"w1283214329","osm_id":"1283214329","osm_type":"way","waterway":"canal","bridge":null,"usage":null,"width":null,"ship":null,"intermittent":null,"tunnel":"culvert","name:ml":null,"designation":null,"layer":"-1","boat":null,"name:ur":null,"name:te":null,"name:fa":null,"name":null},"geometry":{"type":"LineString","coordinates":[[78.4140504,17.3844974],[78.4141638,17.3844761]]}},
{"type":"Feature","properties":{"full_id":"w1288326248","osm_id":"1288326248","osm_type":"way","waterway":"canal","bridge":null,"usage":null,"width":null,"ship":null,"intermittent":null,"tunnel":null,"name:ml":null,"designation":null,"layer":null,"boat":null,"name:ur":null,"name:te":null,"name:fa":null,"name":null},"geometry":{"type":"LineString","coordinates":[[78.587136,17.2913881],[78.5873279,17.2914129],[78.587513,17.291381],[78.5876708,17.2915607],[78.5878863,17.291862],[78.5879985,17.2919721],[78.5880592,17.2921315],[78.5880987,17.2923893],[78.5881988,17.2925748],[78.5883475,17.2927341],[78.588475,17.2928326],[78.5884932,17.2929949],[78.588441,17.2931633],[78.5883938,17.2934296],[78.5883981,17.2935894],[78.5883251,17.2940975],[78.5882522,17.2943843],[78.5883723,17.2946957],[78.5885729,17.2948453],[78.5886073,17.2951485],[78.5886502,17.2954927],[78.588736,17.2957877],[78.5889506,17.2961811],[78.5890148,17.2963412]]}},
{"type":"Feature","properties":{"full_id":"w1288326249","osm_id":"1288326249","osm_type":"way","waterway":"canal","bridge":null,"usage":null,"width":null,"ship":null,"intermittent":null,"tunnel":"culvert","name:ml":null,"designation":null,"layer":"-1","boat":null,"name:ur":null,"name:te":null,"name:fa":null,"name":null},"geometry":{"type":"LineString","coordinates":[[78.5890148,17.2963412],[78.5890274,17.2963724]]}},
{"type":"Feature","properties":{"full_id":"w1288326250","osm_id":"1288326250","osm_type":"way","waterway":"canal","bridge":null,"usage":null,"width":null,"ship":null,"intermittent":null,"tunnel":null,"name:ml":null,"designation":null,"layer":null,"boat":null,"name:ur":null,"name:te":null,"name:fa":null,"name":null},"geometry":{"type":"LineString","coordinates":[[78.5890274,17.2963724],[78.58924,17.2969022]]}},
{"type":"Feature","properties":{"full_id":"w1288326251","osm_id":"1288326251","osm_type":"way","waterway":"canal","bridge":null,"usage":null,"width":null,"ship":null,"intermittent":null,"tunnel":"culvert","name:ml":null,"designation":null,"layer":"-1","boat":null,"name:ur":null,"name:te":null,"name:fa":null,"name":null},"geometry":{"type":"LineString","coordinates":[[78.58924,17.2969022],[78.5892552,17.2969403]]}},
{"type":"Feature","properties":{"full_id":"w1289072311","osm_id":"1289072311","osm_type":"way","waterway":"stream","bridge":null,"usage":null,"width":null,"ship":null,"intermittent":null,"tunnel":null,"name:ml":null,"designation":null,"layer":null,"boat":null,"name:ur":null,"name:te":null,"name:fa":null,"name":null},"geometry":{"type":"LineString","coordinates":[[78.3534662,17.4015416],[78.3538112,17.4016939],[78.3541293,17.4021763],[78.3543637,17.4024064],[78.3545713,17.4023776],[78.354742,17.4024511],[78.3549128,17.4025278],[78.3551204,17.4025853],[78.3554117,17.4026236],[78.3557666,17.4025757],[78.3562387,17.4024223],[78.356684,17.402285],[78.3569151,17.4022083],[78.3570657,17.4019623],[78.357347,17.4015693],[78.3576416,17.4011954],[78.3578794,17.4011443],[78.3582644,17.4009015],[78.3586093,17.4007513],[78.3589228,17.4006691]]}},
{"type":"Feature","properties":{"full_id":"w1289072312","osm_id":"1289072312","osm_type":"way","waterway":"stream","bridge":null,"usage":null,"width":null,"ship":null,"intermittent":null,"tunnel":"culvert","name:ml":null,"designation":null,"layer":"-1","boat":null,"name:ur":null,"name:te":null,"name:fa":null,"name":null},"geometry":{"type":"LineString","coordinates":[[78.3531177,17.4013858],[78.3534662,17.4015416]]}},
{"type":"Feature","properties":{"full_id":"w1289172095","osm_id":"1289172095","osm_type":"way","waterway":"canal","bridge":null,"usage":null,"width":null,"ship":null,"intermittent":null,"tunnel":null,"name:ml":null,"designation":null,"layer":null,"boat":null,"name:ur":null,"name:te":null,"name:fa":null,"name":null},"geometry":{"type":"LineString","coordinates":[[78.6013923,17.3175691],[78.6014794,17.3171743],[78.6014894,17.3171288],[78.6014227,17.3167232],[78.6013604,17.3165261],[78.6014615,17.3163453],[78.6014746,17.3163361],[78.6015817,17.3162611],[78.6016546,17.316204],[78.6018025,17.3160541],[78.6020371,17.3158905]]}},
{"type":"Feature","properties":{"full_id":"w1296626563","osm_id":"1296626563","osm_type":"way","waterway":"drain","bridge":null,"usage":null,"width":null,"ship":null,"intermittent":null,"tunnel":null,"name:ml":null,"designation":null,"layer":null,"boat":null,"name:ur":null,"name:te":null,"name:fa":null,"name":null},"geometry":{"type":"LineString","coordinates":[[78.4127086,17.5094872],[78.4126672,17.5094319],[78.4126088,17.5093286],[78.4125687,17.5092265],[78.4125687,17.5090965],[78.4127585,17.5089305],[78.4128644,17.5088748],[78.4129082,17.5088644],[78.4130677,17.5087866],[78.4131468,17.5087367],[78.4132478,17.5086961],[78.4133439,17.5086311],[78.4134498,17.5085626],[78.4135691,17.508472],[78.4136823,17.5083803],[78.413748,17.5083351],[78.4138356,17.5082631],[78.4138758,17.5082051],[78.4139062,17.5081563],[78.4139464,17.5080565],[78.4139768,17.5079161],[78.4140048,17.5077594],[78.4140109,17.5076688],[78.4140109,17.5075702],[78.4139646,17.5073926],[78.4139598,17.5072951],[78.4139391,17.5070618],[78.4139147,17.5068993],[78.4139366,17.5068598],[78.4139817,17.5068331],[78.4140462,17.5068227],[78.414101,17.5067902],[78.4141448,17.5067646],[78.4142166,17.5067171],[78.4143492,17.5066648],[78.4143991,17.506637],[78.4144344,17.5066254],[78.4144624,17.5066288],[78.4144807,17.5066207],[78.4145014,17.506601],[78.4144989,17.5065731],[78.4144941,17.5064269],[78.4144795,17.5063305],[78.4144563,17.5062272],[78.4144125,17.5061112],[78.4143553,17.5059777],[78.4142945,17.5059057],[78.4140486,17.5056353],[78.4139817,17.5056039],[78.4139135,17.5055726],[78.4138515,17.5055122],[78.4138283,17.5054391],[78.4137736,17.5052348],[78.4137736,17.5051373],[78.4137821,17.5050143]]}},
{"type":"Feature","properties":{"full_id":"w1296626564","osm_id":"1296626564","osm_type":"way","waterway":"drain","bridge":null,"usage":null,"width":null,"ship":null,"intermittent":null,"tunnel":"culvert","name:ml":null,"designation":null,"layer":"-1","boat":null,"name:ur":null,"name:te":null,"name:fa":null,"name":null},"geometry":{"type":"LineString","coordinates":[[78.4137821,17.5050143],[78.4138229,17.5049139]]}},
{"type":"Feature","properties":{"full_id":"w1301719202","osm_id":"1301719202","osm_type":"way","waterway":"canal","bridge":null,"usage":null,"width":null,"ship":null,"intermittent":null,"tunnel":null,"name:ml":null,"designation":null,"layer":null,"boat":null,"name:ur":null,"name:te":null,"name:fa":null,"name":null},"geometry":{"type":"LineString","coordinates":[[78.5892552,17.2969403],[78.589457,17.2974431],[78.5893626,17.2976644],[78.5892939,17.2980331],[78.5894055,17.2982216],[78.5895514,17.2983609],[78.5896544,17.298574],[78.5898003,17.2987297],[78.5899033,17.2989304],[78.5900063,17.2991312],[78.5901265,17.2994262],[78.5901608,17.2996639],[78.590075,17.2998524],[78.5902466,17.2999015],[78.590487,17.300131],[78.5906071,17.3003932],[78.5905985,17.3006309],[78.5904011,17.3007292],[78.5901483,17.3008205]]}},
{"type":"Feature","properties":{"full_id":"w1301719203","osm_id":"1301719203","osm_type":"way","waterway":"canal","bridge":null,"usage":null,"width":null,"ship":null,"intermittent":null,"tunnel":"culvert","name:ml":null,"designation":null,"layer":"-1","boat":null,"name:ur":null,"name:te":null,"name:fa":null,"name":null},"geometry":{"type":"LineString","coordinates":[[78.5901483,17.3008205],[78.5900836,17.3008439]]}},
{"type":"Feature","properties":{"full_id":"w1302495714","osm_id":"1302495714","osm_type":"way","waterway":"stream","bridge":null,"usage":null,"width":null,"ship":null,"intermittent":null,"tunnel":null,"name:ml":null,"designation":null,"layer":null,"boat":null,"name:ur":null,"name:te":null,"name:fa":null,"name":null},"geometry":{"type":"LineString","coordinates":[[78.6139672,17.4719661],[78.6140234,17.4718781],[78.6142358,17.471872],[78.6142968,17.4718587]]}},
{"type":"Feature","properties":{"full_id":"w1302495715","osm_id":"1302495715","osm_type":"way","waterway":"stream","bridge":null,"usage":null,"width":null,"ship":null,"intermittent":null,"tunnel":"culvert","name:ml":null,"designation":null,"layer":"-1","boat":null,"name:ur":null,"name:te":null,"name:fa":null,"name":null},"geometry":{"type":"LineString","coordinates":[[78.6142968,17.4718587],[78.6144218,17.4718278]]}},
{"type":"Feature","properties":{"full_id":"w1308306355","osm_id":"1308306355","osm_type":"way","waterway":"canal","bridge":null,"usage":null,"width":null,"ship":null,"intermittent":null,"tunnel":null,"name:ml":null,"designation":null,"layer":null,"boat":null,"name:ur":null,"name:te":null,"name:fa":null,"name":null},"geometry":{"type":"LineString","coordinates":[[78.4561317,17.4618152],[78.4561302,17.4617385],[78.4556724,17.4609306],[78.4552546,17.4603494],[78.4546271,17.4597148],[78.4545144,17.4594334],[78.4544501,17.4591699],[78.4544608,17.4587912],[78.4545064,17.4585814],[78.4545297,17.4584429],[78.4546781,17.4581055],[78.4549463,17.4575144],[78.4549704,17.4570769],[78.4549463,17.4569208],[78.454847,17.456734],[78.4546888,17.4565012],[78.4544528,17.4560253],[78.4542114,17.4557157],[78.4538841,17.4553472],[78.4535354,17.4549276],[78.4534872,17.4547229],[78.4534791,17.4545591],[78.4535032,17.4544082],[78.4535542,17.4542265],[78.4537071,17.4538542],[78.4538418,17.453673]]}},
{"type":"Feature","properties":{"full_id":"w1308306356","osm_id":"1308306356","osm_type":"way","waterway":"canal","bridge":null,"usage":null,"width":null,"ship":null,"intermittent":null,"tunnel":"culvert","name:ml":null,"designation":null,"layer":"-1","boat":null,"name:ur":null,"name:te":null,"name:fa":null,"name":null},"geometry":{"type":"LineString","coordinates":[[78.4560756,17.4621433],[78.4561317,17.4618152]]}},
{"type":"Feature","properties":{"full_id":"w1316488748","osm_id":"1316488748","osm_type":"way","waterway":"canal","bridge":null,"usage":"irrigation","width":null,"ship":null,"intermittent":null,"tunnel":null,"name:ml":null,"designation":null,"layer":null,"boat":null,"name:ur":null,"name:te":null,"name:fa":null,"name":null},"geometry":{"type":"LineString","coordinates":[[78.6620688,17.7794623],[78.6607153,17.7800152],[78.660138,17.7801313],[78.6595526,17.7801468],[78.6578513,17.7800893],[78.657032,17.7800616],[78.6565523,17.7800074],[78.6559912,17.7799145],[78.6555964,17.7798028],[78.6552354,17.7796411],[78.6549735,17.7794591],[78.6547541,17.7792501],[78.6545559,17.7790075],[78.6544073,17.7787177],[78.6536003,17.7769854],[78.6534305,17.7767292],[78.6532606,17.776554],[78.6529987,17.7763518],[78.6527085,17.776217],[78.6524324,17.7761226],[78.6520926,17.7760822],[78.65176,17.7760889],[78.6513636,17.7761563],[78.6509318,17.7762304],[78.6505142,17.7762304],[78.6501248,17.77619],[78.6496789,17.7761024],[78.6471802,17.7754283],[78.6467485,17.7752935],[78.646345,17.7751048],[78.6459628,17.7748824],[78.6453965,17.7744577],[78.6443772,17.7737297],[78.6423669,17.7722603],[78.6420555,17.7719704],[78.6418148,17.7717008],[78.6416166,17.7713975],[78.641468,17.7710807],[78.6413476,17.7706965],[78.6407939,17.7686213],[78.6404699,17.767407],[78.6397408,17.764677],[78.6396701,17.7643669],[78.6396347,17.7640501],[78.6396771,17.7636321],[78.6397621,17.7633423],[78.6399461,17.7630187],[78.6405903,17.7621289],[78.6407531,17.7618458],[78.6408451,17.7615829],[78.6408875,17.761266],[78.6408875,17.7609357],[78.6408238,17.7605785],[78.6406964,17.7602684],[78.6395245,17.7583109],[78.6387511,17.7575743],[78.6376614,17.75734],[78.6244086,17.7574069],[78.6230024,17.75734],[78.6212799,17.7574404],[78.6201198,17.7570722],[78.6191707,17.7562687],[78.6168857,17.7521173],[78.6167803,17.750979],[78.6172021,17.7498072],[78.6258147,17.7382227],[78.6307362,17.7360129],[78.6322829,17.7350084],[78.6329508,17.7339705],[78.6333727,17.7326981],[78.6322126,17.7289814],[78.6283809,17.7255995],[78.620155,17.7237914]]}},
{"type":"Feature","properties":{"full_id":"w1330597324","osm_id":"1330597324","osm_type":"way","waterway":"river","bridge":null,"usage":null,"width":null,"ship":null,"intermittent":null,"tunnel":null,"name:ml":null,"designation":null,"layer":null,"boat":null,"name:ur":null,"name:te":null,"name:fa":null,"name":"Musi River"},"geometry":{"type":"LineString","coordinates":[[78.1843153,17.4216807],[78.1845533,17.4217304],[78.1849707,17.4217367],[78.1860955,17.421718],[78.187279,17.4218486],[78.1882343,17.4220166],[78.1888081,17.4221846],[78.1892776,17.4225268],[78.1898286,17.422645],[78.1903274,17.4226263],[78.1908686,17.4224521],[78.1913707,17.4222157],[78.1918565,17.4220633],[78.1922934,17.4218238],[78.1926911,17.4216993],[78.1931085,17.4216122],[78.1935584,17.4216091],[78.1939562,17.4214754],[78.194768,17.4210647],[78.1955863,17.4207412],[78.1960102,17.4205079],[78.1966655,17.4202621],[78.1973502,17.4199262],[78.1980772,17.4195031],[78.1990064,17.4192418],[78.1994205,17.4190551],[78.199753,17.4188063],[78.20004,17.4184299],[78.200216,17.4180783],[78.2002943,17.4177206],[78.2003171,17.417254],[78.2002519,17.4167967],[78.2000791,17.4159132],[78.2000269,17.4153781],[78.2001312,17.4144417],[78.2002714,17.413832],[78.2005551,17.4132067],[78.2006562,17.4128707],[78.2008583,17.4125005],[78.2010344,17.4123325],[78.2012006,17.412233],[78.201318,17.4121988],[78.2017256,17.4122143],[78.2023418,17.4122454],[78.2029971,17.4121428],[78.2035155,17.4120557],[78.2041382,17.4117881],[78.2048522,17.4114459],[78.2049761,17.411169],[78.2053542,17.4103674],[78.2055204,17.4100189],[78.2056052,17.4098012],[78.2058334,17.4095181],[78.2063812,17.4090359],[78.2066909,17.408787],[78.2069191,17.4083546],[78.2071683,17.4079349],[78.2072356,17.407074],[78.2075386,17.4060396],[78.2078483,17.4050052],[78.2080234,17.404549],[78.2082052,17.4036495],[78.208084,17.4031934],[78.208057,17.4029428],[78.208084,17.4026087],[78.2082792,17.4021911],[78.2088872,17.4010981],[78.2092347,17.4006438],[78.209568,17.400403],[78.2097918,17.4003121],[78.2101203,17.4002122],[78.2105297,17.4001304],[78.2109059,17.400094],[78.2112487,17.400094],[78.2114534,17.4000804],[78.2117771,17.3999805],[78.2121723,17.399776],[78.2126579,17.3994671],[78.2132673,17.3991491],[78.2139005,17.398931],[78.2146099,17.3986584],[78.2154145,17.3982677],[78.2159763,17.3980542],[78.2165286,17.3976362],[78.2171999,17.3971137],[78.2175665,17.3966821],[78.2182283,17.396196],[78.218752,17.3958143],[78.2190329,17.3956962],[78.2197042,17.3955554],[78.2201375,17.3955009],[78.2204612,17.3955054],[78.2209135,17.3955826],[78.2216324,17.3955645],[78.2221799,17.3955009],[78.2225989,17.3955099],[78.2228941,17.3955917],[78.2231274,17.395669],[78.2233988,17.3958461],[78.2237796,17.3961324],[78.2242796,17.3967639],[78.2248842,17.3973999],[78.225346,17.3979678],[78.2257983,17.3982768],[78.2262554,17.3984449],[78.2266037,17.3985595],[78.2267069,17.3985937],[78.2267849,17.3986038],[78.2269648,17.3985721],[78.2271124,17.3984903],[78.2272742,17.398354],[78.2274123,17.398145],[78.2275694,17.3979951],[78.2278218,17.3978997],[78.2282598,17.3978179],[78.2288073,17.3977679],[78.2294262,17.3975953],[78.2299166,17.3973045],[78.2302546,17.3970001],[78.2307355,17.3965867],[78.2310021,17.3962596],[78.2311164,17.395778],[78.2317353,17.3949784],[78.2323828,17.3943332],[78.2329351,17.3939652],[78.2334969,17.3935927],[78.2340634,17.3934427],[78.2345205,17.3934836],[78.235068,17.393679],[78.2355394,17.3939107],[78.2358203,17.3942151],[78.2363344,17.3947603],[78.2369248,17.3955645],[78.2377056,17.3965685],[78.2384483,17.3970637],[78.2388721,17.3970955],[78.2394243,17.3970728],[78.2398243,17.397041],[78.2403385,17.3970001],[78.2406717,17.3970319],[78.2410669,17.3971046],[78.2418096,17.3973363],[78.2425904,17.3975317],[78.2435633,17.3977437],[78.2446101,17.3978229],[78.2453147,17.3977434],[78.2460099,17.3977025],[78.2470444,17.3977048],[78.247949,17.3977957],[78.2487346,17.3977957],[78.2491535,17.3977366],[78.2496058,17.3976775],[78.249801,17.3978184],[78.2498962,17.3980501],[78.2500391,17.3982727],[78.2503438,17.3983863],[78.2506294,17.3983636],[78.2508865,17.3982727],[78.251215,17.3981682],[78.2514007,17.3980365],[78.2515531,17.3978411],[78.2515864,17.3976367],[78.2516578,17.3974277],[78.2519839,17.3969484],[78.2523553,17.3968302],[78.2526933,17.3967212],[78.2529909,17.3965849],[78.2531742,17.3964372],[78.2535646,17.3962987],[78.253905,17.3962283],[78.2543954,17.396201],[78.2547834,17.3961283],[78.2556714,17.395783],[78.2563569,17.395365],[78.2565474,17.3951447],[78.2569973,17.3946563],[78.2571306,17.3945359],[78.2575353,17.3942883],[78.2578305,17.3939021],[78.2578376,17.3937931],[78.2577924,17.3934977],[78.2578495,17.3933433],[78.257959,17.3932229],[78.2582804,17.3928594],[78.2584304,17.3925845],[78.2586851,17.3924051],[78.2587446,17.3922801],[78.2589326,17.3918485],[78.259085,17.391585],[78.259154,17.3914305],[78.259504,17.391083],[78.2597182,17.3905605],[78.2596968,17.3901447],[78.2596658,17.389988],[78.2597801,17.3896359],[78.259861,17.3894178],[78.2600277,17.3892315],[78.2604014,17.3888794],[78.261037,17.3882274],[78.2614036,17.3879253],[78.2617964,17.3876913],[78.2621416,17.3875096],[78.2626629,17.3871938],[78.2636627,17.3862805],[78.2641531,17.3858057],[78.2647244,17.3852401],[78.2653338,17.3848198],[78.2660337,17.3844041],[78.2664503,17.3841883],[78.2668693,17.3840883],[78.2676096,17.3840769],[78.2681428,17.3841474],[78.2685761,17.3841701],[78.2689284,17.3841814],[78.2692831,17.3841587],[78.2697473,17.3840633],[78.2702543,17.3840474],[78.2706686,17.3840724],[78.2709994,17.3841087],[78.2716804,17.384258]]}},
{"type":"Feature","properties":{"full_id":"w1330597325","osm_id":"1330597325","osm_type":"way","waterway":"river","bridge":null,"usage":null,"width":null,"ship":null,"intermittent":null,"tunnel":"culvert","name:ml":null,"designation":null,"layer":"-1","boat":null,"name:ur":null,"name:te":null,"name:fa":null,"name":"Musi River"},"geometry":{"type":"LineString","coordinates":[[78.1839502,17.4216744],[78.1840415,17.4216371],[78.1843153,17.4216807]]}},
{"type":"Feature","properties":{"full_id":"w1333441039","osm_id":"1333441039","osm_type":"way","waterway":"stream","bridge":null,"usage":null,"width":null,"ship":null,"intermittent":null,"tunnel":null,"name:ml":null,"designation":null,"layer":null,"boat":null,"name:ur":null,"name:te":null,"name:fa":null,"name":null},"geometry":{"type":"LineString","coordinates":[[78.3510219,17.401104],[78.3511827,17.4010468],[78.3514276,17.4009964],[78.3516461,17.4009872],[78.352011,17.4010697],[78.352179,17.4011567],[78.3525175,17.4014682],[78.3531177,17.4013858]]}},
{"type":"Feature","properties":{"full_id":"w1333441040","osm_id":"1333441040","osm_type":"way","waterway":"stream","bridge":null,"usage":null,"width":null,"ship":null,"intermittent":null,"tunnel":"culvert","name:ml":null,"designation":null,"layer":"-1","boat":null,"name:ur":null,"name:te":null,"name:fa":null,"name":null},"geometry":{"type":"LineString","coordinates":[[78.350609,17.4015003],[78.3510219,17.401104]]}},
{"type":"Feature","properties":{"full_id":"w1339812373","osm_id":"1339812373","osm_type":"way","waterway":"stream","bridge":null,"usage":null,"width":null,"ship":null,"intermittent":"yes","tunnel":null,"name:ml":null,"designation":null,"layer":null,"boat":null,"name:ur":null,"name:te":null,"name:fa":null,"name":null},"geometry":{"type":"LineString","coordinates":[[78.6313069,17.2062808],[78.6326694,17.2069111],[78.6337262,17.207239],[78.6350137,17.207403],[78.6361563,17.2072851],[78.6368912,17.2072031],[78.6373441,17.2071738],[78.6374432,17.2071674],[78.6383182,17.2071109],[78.6391872,17.2076848],[78.6408341,17.2083254],[78.6418104,17.2083356],[78.6422771,17.2084381],[78.6424085,17.2085446]]}},
{"type":"Feature","properties":{"full_id":"w1344590338","osm_id":"1344590338","osm_type":"way","waterway":"stream","bridge":null,"usage":null,"width":null,"ship":null,"intermittent":null,"tunnel":null,"name:ml":null,"designation":null,"layer":"1","boat":null,"name:ur":null,"name:te":null,"name:fa":null,"name":null},"geometry":{"type":"LineString","coordinates":[[78.581738,17.4103934],[78.5817344,17.4103825],[78.5814978,17.4102508],[78.5814535,17.4100297],[78.5815323,17.4099027],[78.5816753,17.4097427],[78.5819366,17.4096016],[78.5821633,17.4094934],[78.5827845,17.4093147],[78.583389,17.409401],[78.5837704,17.4098368],[78.5838838,17.4105753]]}},
{"type":"Feature","properties":{"full_id":"w1344590339","osm_id":"1344590339","osm_type":"way","waterway":"stream","bridge":null,"usage":null,"width":null,"ship":null,"intermittent":null,"tunnel":null,"name:ml":null,"designation":null,"layer":"1","boat":null,"name:ur":null,"name:te":null,"name:fa":null,"name":null},"geometry":{"type":"LineString","coordinates":[[78.5838838,17.4105753],[78.5837113,17.4108717],[78.58345,17.4110222],[78.5831986,17.4111116],[78.5831542,17.4113985],[78.5829619,17.4116337],[78.5825528,17.4116149],[78.5822964,17.4114455],[78.5820549,17.4111962],[78.581907,17.410867],[78.5818232,17.4106553],[78.5817697,17.4104907]]}},
{"type":"Feature","properties":{"full_id":"w1344590340","osm_id":"1344590340","osm_type":"way","waterway":"stream","bridge":null,"usage":null,"width":null,"ship":null,"intermittent":null,"tunnel":"culvert","name:ml":null,"designation":null,"layer":"-1","boat":null,"name:ur":null,"name:te":null,"name:fa":null,"name":null},"geometry":{"type":"LineString","coordinates":[[78.5817697,17.4104907],[78.581738,17.4103934]]}},
{"type":"Feature","properties":{"full_id":"w1420154621","osm_id":"1420154621","osm_type":"way","waterway":"canal","bridge":null,"usage":null,"width":null,"ship":null,"intermittent":null,"tunnel":null,"name:ml":null,"designation":null,"layer":null,"boat":null,"name:ur":null,"name:te":null,"name:fa":null,"name":null},"geometry":{"type":"LineString","coordinates":[[78.4171858,17.4801667],[78.4172323,17.4801211],[78.4169857,17.4798111],[78.4169895,17.4794334],[78.4170978,17.4790592],[78.4172846,17.4786494],[78.4172286,17.4783394],[78.4168213,17.4777763],[78.416657,17.4774592],[78.4167429,17.4770708],[78.4168475,17.4768712],[78.4170791,17.4768213],[78.4172809,17.4767108],[78.4173668,17.4765968],[78.4178076,17.4764899],[78.4181638,17.4765888],[78.4182435,17.4765952]]}},
{"type":"Feature","properties":{"full_id":"w1420154622","osm_id":"1420154622","osm_type":"way","waterway":"canal","bridge":null,"usage":null,"width":null,"ship":null,"intermittent":null,"tunnel":null,"name:ml":null,"designation":null,"layer":null,"boat":null,"name:ur":null,"name:te":null,"name:fa":null,"name":null},"geometry":{"type":"LineString","coordinates":[[78.4162759,17.4800035],[78.4168363,17.480285],[78.4169633,17.4803848],[78.4171067,17.4802442]]}},
{"type":"Feature","properties":{"full_id":"w1420154623","osm_id":"1420154623","osm_type":"way","waterway":"canal","bridge":null,"usage":null,"width":null,"ship":null,"intermittent":null,"tunnel":null,"name:ml":null,"designation":null,"layer":null,"boat":null,"name:ur":null,"name:te":null,"name:fa":null,"name":null},"geometry":{"type":"LineString","coordinates":[[78.4171067,17.4802442],[78.4171858,17.4801667]]}},
{"type":"Feature","properties":{"full_id":"w1451064961","osm_id":"1451064961","osm_type":"way","waterway":"stream","bridge":null,"usage":null,"width":null,"ship":null,"intermittent":null,"tunnel":null,"name:ml":null,"designation":null,"layer":null,"boat":null,"name:ur":null,"name:te":null,"name:fa":null,"name":null},"geometry":{"type":"LineString","coordinates":[[78.3908084,17.4384782],[78.3906592,17.4379777],[78.3906411,17.4378229],[78.3906329,17.4369757],[78.3906017,17.4358253]]}},
{"type":"Feature","properties":{"full_id":"w1454136273","osm_id":"1454136273","osm_type":"way","waterway":"drain","bridge":null,"usage":null,"width":null,"ship":null,"intermittent":null,"tunnel":null,"name:ml":null,"designation":null,"layer":null,"boat":null,"name:ur":null,"name:te":null,"name:fa":null,"name":null},"geometry":{"type":"LineString","coordinates":[[78.5974585,17.3876713],[78.5977425,17.3869424],[78.5977679,17.3866512],[78.5980641,17.3867136],[78.5983211,17.3867632],[78.5985126,17.3867765],[78.5987594,17.3867565],[78.5989402,17.386745],[78.5990925,17.3867717],[78.5992555,17.3867965],[78.5994344,17.3867632],[78.5996273,17.3867366],[78.5998036,17.3867166],[78.5999273,17.3867323],[78.6000789,17.3866712],[78.600188,17.3865955],[78.6003092,17.3865489],[78.6003784,17.3865973],[78.6004215,17.3866742],[78.6004786,17.386765],[78.6005554,17.3868165],[78.6006905,17.3868758],[78.6008281,17.3869164],[78.6009924,17.3869103],[78.60125,17.38688],[78.6016275,17.3869315],[78.6020772,17.3868395],[78.6023843,17.3867329],[78.6027256,17.3865586],[78.6029533,17.3864115],[78.6030986,17.3862843],[78.6031728,17.3862861],[78.603417,17.3862056],[78.6034963,17.3861784],[78.6036302,17.3862589],[78.6037831,17.3862292],[78.6038814,17.386242],[78.6039778,17.3863104],[78.6042633,17.3862625],[78.6047695,17.3862165],[78.6051483,17.3860519],[78.6055238,17.3858884],[78.6056298,17.3858872],[78.6059305,17.3859853],[78.606025,17.386001],[78.6064811,17.3860379],[78.6065947,17.3860985],[78.6067387,17.386222],[78.6069823,17.3862946],[78.6070977,17.3863073],[78.6073585,17.3863364],[78.6076959,17.3864018],[78.6078184,17.3863891],[78.6079307,17.3864551],[78.6080778,17.3865386],[78.6081927,17.3865876],[78.6083544,17.3865761],[78.6084401,17.3865453],[78.608586,17.3864544],[78.6086849,17.3863642],[78.6089444,17.3861239],[78.6091195,17.3859635],[78.609266,17.385869],[78.6095058,17.385728],[78.60966,17.3855512],[78.6098287,17.3853308],[78.6099658,17.3851238],[78.6101301,17.3848998],[78.6103033,17.3846467],[78.6104377,17.3844796],[78.6106217,17.3844021],[78.6108698,17.3843791],[78.6110854,17.3843767],[78.611329,17.3844312],[78.6114813,17.3845014],[78.6117027,17.3845977],[78.6120205,17.3847327],[78.6122248,17.3848326],[78.6124893,17.3850045],[78.6127463,17.3851789],[78.6129467,17.3852939],[78.6131713,17.385369],[78.6133413,17.3854216],[78.6135602,17.3854616],[78.6138659,17.3854925],[78.6141552,17.3855009],[78.6144267,17.3854731],[78.6146818,17.3853865],[78.614853,17.3853145],[78.6150554,17.3852473],[78.6152495,17.3852479],[78.6154195,17.3852497],[78.6155712,17.3852122],[78.6157082,17.3851928],[78.6158477,17.3851746],[78.6160488,17.3851268],[78.6161821,17.3851093],[78.6163356,17.3851492],[78.6165291,17.385188],[78.616649,17.3851831],[78.6169344,17.3850826],[78.6171723,17.3849422],[78.6173411,17.3848701],[78.6176475,17.384697],[78.6177997,17.3846461],[78.6180148,17.3846298],[78.6182622,17.3845311],[78.618417,17.3845947],[78.6185807,17.3846013],[78.6187291,17.3845559],[78.6191979,17.3847387],[78.6195011,17.3848671],[78.6197422,17.3849458],[78.6199547,17.3849391],[78.6201603,17.3847502],[78.6203842,17.3846952],[78.6206126,17.384743],[78.620754,17.384749],[78.6208917,17.3848162],[78.621011,17.3848538],[78.6212007,17.3848356],[78.6213662,17.3847696],[78.6215673,17.3847781],[78.6217411,17.3848053],[78.6218433,17.3848023],[78.6220038,17.3847551],[78.622439,17.3847999],[78.6225455,17.3847648],[78.6226147,17.3848053],[78.6230784,17.3847981],[78.6233322,17.384769],[78.6234692,17.3847478],[78.6236417,17.3846189],[78.6237521,17.3845396],[78.6239653,17.3844984],[78.6242495,17.3843803],[78.6244138,17.3843035],[78.6244944,17.3842254],[78.6246174,17.3840201],[78.6248223,17.3839148],[78.6249581,17.3839342],[78.6252264,17.3838682],[78.6254409,17.3838718],[78.6257206,17.383847],[78.6260778,17.3838306],[78.6262763,17.3838355],[78.626421,17.3838573],[78.62669,17.3837986],[78.6270122,17.3836944],[78.6273795,17.3836472],[78.6278642,17.3835758],[78.6280729,17.3834965],[78.6284104,17.3833324],[78.6286787,17.3831816],[78.628857,17.383023],[78.628956,17.3828814],[78.6291253,17.3827125],[78.629204,17.3825726],[78.6292287,17.3823662],[78.6293017,17.3821531],[78.6293791,17.381986],[78.6295415,17.3818497],[78.6297045,17.3817638],[78.6298948,17.3817305],[78.630134,17.3815604],[78.6304252,17.3814532],[78.6306631,17.3813866],[78.6308915,17.38132],[78.6311871,17.3811081],[78.6313457,17.3809634],[78.6314618,17.3807897],[78.6315874,17.3805832],[78.6317047,17.3804337],[78.6318589,17.3804985],[78.6320422,17.3805499],[78.6322693,17.3805445],[78.632374,17.3805153],[78.632515,17.3804434],[78.6325992,17.3804225],[78.6326701,17.3804802],[78.6327849,17.3805421],[78.6336612,17.3808155],[78.6339644,17.380849],[78.6340651,17.3808281],[78.6345041,17.380573],[78.6346689,17.3805044],[78.6348573,17.3805061],[78.6352349,17.3803614],[78.6355591,17.3803447],[78.6357765,17.3802945],[78.6360595,17.3801867],[78.6362251,17.3801014],[78.6363215,17.3800997],[78.6365931,17.3801591],[78.6368735,17.3801633],[78.6373651,17.380083],[78.637635,17.3800512],[78.637819,17.3800244],[78.6380197,17.3800863],[78.6381476,17.3801716],[78.6382089,17.3802987],[78.6381686,17.3805304],[78.6381345,17.3806893],[78.6381309,17.3808264],[78.6382089,17.3809694],[78.6383535,17.3811358],[78.6386006,17.3813123],[78.6387934,17.3814084],[78.6389257,17.3814419],[78.6392438,17.3814477],[78.6395505,17.3814226],[78.6401875,17.381344],[78.6404425,17.3812704],[78.6409323,17.3812077],[78.6412732,17.3811634],[78.6414064,17.3811701],[78.6415317,17.3812328],[78.6416158,17.3813323],[78.6417201,17.3814201],[78.6418822,17.3815213],[78.6420671,17.3816367],[78.6421714,17.3817312],[78.64233,17.3817605],[78.6425762,17.3817237],[78.6429057,17.3816376],[78.6430818,17.3816141],[78.6432001,17.3815765],[78.6433771,17.3815932],[78.643569,17.3815589],[78.6437241,17.3815272],[78.6439668,17.3814946],[78.6441307,17.381484],[78.6443216,17.3814476],[78.6444978,17.3813833],[78.6446205,17.3813123],[78.644801,17.3811492],[78.6449018,17.381048],[78.644943,17.3808624],[78.6449228,17.3807687],[78.6449465,17.3807051],[78.6450393,17.3806408],[78.6451664,17.380486],[78.6451798,17.3804519]]}},
{"type":"Feature","properties":{"full_id":"w1454150385","osm_id":"1454150385","osm_type":"way","waterway":"drain","bridge":null,"usage":null,"width":null,"ship":null,"intermittent":null,"tunnel":null,"name:ml":null,"designation":null,"layer":null,"boat":null,"name:ur":null,"name:te":null,"name:fa":null,"name":null},"geometry":{"type":"LineString","coordinates":[[78.5780813,17.3866962],[78.5784388,17.3868253],[78.578446,17.386998],[78.5779183,17.3881864],[78.5776907,17.3886755],[78.5776457,17.3888359],[78.5775676,17.3891861]]}},
{"type":"Feature","properties":{"full_id":"w1454387193","osm_id":"1454387193","osm_type":"way","waterway":"canal","bridge":null,"usage":null,"width":null,"ship":null,"intermittent":null,"tunnel":null,"name:ml":null,"designation":null,"layer":null,"boat":null,"name:ur":null,"name:te":null,"name:fa":null,"name":null},"geometry":{"type":"LineString","coordinates":[[78.4390515,17.350326],[78.4394297,17.3503541],[78.4400962,17.3502719],[78.4405804,17.3500788],[78.441028,17.3499427],[78.4411938,17.3499522],[78.4412339,17.349993]]}},
{"type":"Feature","properties":{"full_id":"w1454387198","osm_id":"1454387198","osm_type":"way","waterway":"canal","bridge":null,"usage":null,"width":null,"ship":null,"intermittent":null,"tunnel":null,"name:ml":null,"designation":null,"layer":null,"boat":null,"name:ur":null,"name:te":null,"name:fa":null,"name":null},"geometry":{"type":"LineString","coordinates":[[78.4413015,17.3500617],[78.4413463,17.3501073],[78.4416813,17.3500598],[78.4419333,17.3501294],[78.4422307,17.3501458]]}},
{"type":"Feature","properties":{"full_id":"w1454387199","osm_id":"1454387199","osm_type":"way","waterway":"canal","bridge":null,"usage":null,"width":null,"ship":null,"intermittent":null,"tunnel":"culvert","name:ml":null,"designation":null,"layer":"-1","boat":null,"name:ur":null,"name:te":null,"name:fa":null,"name":null},"geometry":{"type":"LineString","coordinates":[[78.4412339,17.349993],[78.4413015,17.3500617]]}},
{"type":"Feature","properties":{"full_id":"w1454387201","osm_id":"1454387201","osm_type":"way","waterway":"drain","bridge":null,"usage":null,"width":null,"ship":null,"intermittent":null,"tunnel":null,"name:ml":null,"designation":null,"layer":null,"boat":null,"name:ur":null,"name:te":null,"name:fa":null,"name":null},"geometry":{"type":"LineString","coordinates":[[78.4485632,17.3555797],[78.4486103,17.3556932],[78.4491534,17.3567969],[78.4492758,17.3577983],[78.4495194,17.3582263],[78.449879,17.3588581],[78.4503337,17.3589165],[78.4505697,17.3595256],[78.4513146,17.3600979]]}},
{"type":"Feature","properties":{"full_id":"w1454387202","osm_id":"1454387202","osm_type":"way","waterway":"drain","bridge":null,"usage":null,"width":null,"ship":null,"intermittent":null,"tunnel":"culvert","name:ml":null,"designation":null,"layer":"-1","boat":null,"name:ur":null,"name:te":null,"name:fa":null,"name":null},"geometry":{"type":"LineString","coordinates":[[78.4485246,17.3554868],[78.4485632,17.3555797]]}},
{"type":"Feature","properties":{"full_id":"w1458034446","osm_id":"1458034446","osm_type":"way","waterway":"canal","bridge":null,"usage":null,"width":null,"ship":null,"intermittent":null,"tunnel":null,"name:ml":null,"designation":null,"layer":null,"boat":null,"name:ur":null,"name:te":null,"name:fa":null,"name":null},"geometry":{"type":"LineString","coordinates":[[78.489575,17.2110237],[78.489494,17.2099989],[78.4893227,17.2095708],[78.4889097,17.2092519],[78.4882199,17.209042],[78.4869194,17.2089161],[78.4864144,17.2090404]]}},
{"type":"Feature","properties":{"full_id":"w1458034447","osm_id":"1458034447","osm_type":"way","waterway":"canal","bridge":null,"usage":null,"width":null,"ship":null,"intermittent":null,"tunnel":null,"name:ml":null,"designation":null,"layer":null,"boat":null,"name:ur":null,"name:te":null,"name:fa":null,"name":null},"geometry":{"type":"LineString","coordinates":[[78.4650108,17.1904348],[78.4648382,17.1901404],[78.4645067,17.1897563],[78.4638859,17.1896485],[78.4635709,17.1893295],[78.4633875,17.1887477],[78.463056,17.1882491],[78.4627738,17.1879615],[78.4625269,17.1873348],[78.4620496,17.1868789],[78.4614618,17.1865419],[78.4614171,17.1860433],[78.4613889,17.1851223],[78.4610833,17.1846056],[78.4610339,17.1841452],[78.4613537,17.1837139],[78.4618944,17.1831006],[78.4619673,17.1824312],[78.461704,17.1813238],[78.4612408,17.1803017],[78.460867,17.1796144]]}},
{"type":"Feature","properties":{"full_id":"w1458034448","osm_id":"1458034448","osm_type":"way","waterway":"canal","bridge":null,"usage":null,"width":null,"ship":null,"intermittent":null,"tunnel":"culvert","name:ml":null,"designation":null,"layer":"-1","boat":null,"name:ur":null,"name:te":null,"name:fa":null,"name":null},"geometry":{"type":"LineString","coordinates":[[78.4650615,17.1905212],[78.4650108,17.1904348]]}},
{"type":"Feature","properties":{"full_id":"w1458034449","osm_id":"1458034449","osm_type":"way","waterway":"canal","bridge":null,"usage":null,"width":null,"ship":null,"intermittent":null,"tunnel":null,"name:ml":null,"designation":null,"layer":null,"boat":null,"name:ur":null,"name:te":null,"name:fa":null,"name":null},"geometry":{"type":"LineString","coordinates":[[78.4680932,17.1975847],[78.467594,17.1974901],[78.4672667,17.1972475],[78.4670658,17.196609],[78.4671151,17.1962916],[78.4672774,17.1959885],[78.4671432,17.1954982],[78.4670084,17.1950213],[78.4672247,17.1944486],[78.4671871,17.1936849],[78.4670625,17.1931121],[78.4669049,17.1927213],[78.4667051,17.192427],[78.466651,17.1918138],[78.4663712,17.1914387],[78.4655295,17.1909827],[78.4651556,17.1906817],[78.4650615,17.1905212]]}},
{"type":"Feature","properties":{"full_id":"w1458034450","osm_id":"1458034450","osm_type":"way","waterway":"canal","bridge":null,"usage":null,"width":null,"ship":null,"intermittent":null,"tunnel":"culvert","name:ml":null,"designation":null,"layer":"-1","boat":null,"name:ur":null,"name:te":null,"name:fa":null,"name":null},"geometry":{"type":"LineString","coordinates":[[78.4682013,17.1976051],[78.4680932,17.1975847]]}},
{"type":"Feature","properties":{"full_id":"w1458034451","osm_id":"1458034451","osm_type":"way","waterway":"canal","bridge":null,"usage":null,"width":null,"ship":null,"intermittent":null,"tunnel":null,"name:ml":null,"designation":null,"layer":null,"boat":null,"name:ur":null,"name:te":null,"name:fa":null,"name":null},"geometry":{"type":"LineString","coordinates":[[78.4729096,17.1979471],[78.4727948,17.1977879],[78.4723181,17.1975415],[78.4716287,17.1974863],[78.4706545,17.1974449],[78.4699218,17.1976046],[78.4696122,17.1977505],[78.4686463,17.1976893],[78.4682013,17.1976051]]}},
{"type":"Feature","properties":{"full_id":"w1458034452","osm_id":"1458034452","osm_type":"way","waterway":"canal","bridge":null,"usage":null,"width":null,"ship":null,"intermittent":null,"tunnel":"culvert","name:ml":null,"designation":null,"layer":"-1","boat":null,"name:ur":null,"name:te":null,"name:fa":null,"name":null},"geometry":{"type":"LineString","coordinates":[[78.4729739,17.1980364],[78.4729096,17.1979471]]}},
{"type":"Feature","properties":{"full_id":"w1458034453","osm_id":"1458034453","osm_type":"way","waterway":"canal","bridge":null,"usage":null,"width":null,"ship":null,"intermittent":null,"tunnel":null,"name:ml":null,"designation":null,"layer":null,"boat":null,"name:ur":null,"name:te":null,"name:fa":null,"name":null},"geometry":{"type":"LineString","coordinates":[[78.4760887,17.2021113],[78.4757071,17.2020408],[78.4751684,17.201473],[78.4746297,17.2011871],[78.4742479,17.2011437],[78.4734636,17.201329],[78.4732778,17.2012423],[78.4730405,17.2010727],[78.4727474,17.2008874],[78.4726421,17.2003491],[78.4728568,17.1997754],[78.4730776,17.1995408],[78.4731086,17.1987817],[78.4732076,17.1985037],[78.4730962,17.1982059],[78.4729739,17.1980364]]}},
{"type":"Feature","properties":{"full_id":"w1458034458","osm_id":"1458034458","osm_type":"way","waterway":"canal","bridge":null,"usage":null,"width":null,"ship":null,"intermittent":null,"tunnel":null,"name:ml":null,"designation":null,"layer":null,"boat":null,"name:ur":null,"name:te":null,"name:fa":null,"name":null},"geometry":{"type":"LineString","coordinates":[[78.4814269,17.2079827],[78.4812645,17.2078312],[78.4812833,17.2068502],[78.4812153,17.2062051],[78.4808659,17.2053361],[78.4807792,17.2051322],[78.4802774,17.2047179],[78.4801461,17.2045768],[78.4802258,17.2042721],[78.4801157,17.2032711],[78.4795358,17.2030858],[78.4792716,17.20321],[78.478027,17.2030207],[78.4776431,17.2029635],[78.4770508,17.2029557],[78.4767762,17.2027644],[78.4765087,17.2023701],[78.4762087,17.2021335],[78.4760887,17.2021113]]}},
{"type":"Feature","properties":{"full_id":"w1458034459","osm_id":"1458034459","osm_type":"way","waterway":"canal","bridge":null,"usage":null,"width":null,"ship":null,"intermittent":null,"tunnel":"culvert","name:ml":null,"designation":null,"layer":"-1","boat":null,"name:ur":null,"name:te":null,"name:fa":null,"name":null},"geometry":{"type":"LineString","coordinates":[[78.4815011,17.208052],[78.4814269,17.2079827]]}},
{"type":"Feature","properties":{"full_id":"w1458034460","osm_id":"1458034460","osm_type":"way","waterway":"canal","bridge":null,"usage":null,"width":null,"ship":null,"intermittent":null,"tunnel":null,"name:ml":null,"designation":null,"layer":null,"boat":null,"name:ur":null,"name:te":null,"name:fa":null,"name":null},"geometry":{"type":"LineString","coordinates":[[78.486308,17.2090665],[78.4860494,17.2091302],[78.4851224,17.2091637],[78.4844229,17.2089578],[78.4832998,17.208857],[78.4826151,17.208521],[78.4820969,17.2081448],[78.4816725,17.2082119],[78.4815011,17.208052]]}},
{"type":"Feature","properties":{"full_id":"w1458034461","osm_id":"1458034461","osm_type":"way","waterway":"canal","bridge":null,"usage":null,"width":null,"ship":null,"intermittent":null,"tunnel":"culvert","name:ml":null,"designation":null,"layer":"-1","boat":null,"name:ur":null,"name:te":null,"name:fa":null,"name":null},"geometry":{"type":"LineString","coordinates":[[78.4864144,17.2090404],[78.486308,17.2090665]]}},
{"type":"Feature","properties":{"full_id":"w1458034462","osm_id":"1458034462","osm_type":"way","waterway":"canal","bridge":null,"usage":null,"width":null,"ship":null,"intermittent":null,"tunnel":null,"name:ml":null,"designation":null,"layer":null,"boat":null,"name:ur":null,"name:te":null,"name:fa":null,"name":null},"geometry":{"type":"LineString","coordinates":[[78.4911046,17.2137031],[78.4895951,17.211279],[78.4895834,17.2111302]]}},
{"type":"Feature","properties":{"full_id":"w1458034463","osm_id":"1458034463","osm_type":"way","waterway":"canal","bridge":null,"usage":null,"width":null,"ship":null,"intermittent":null,"tunnel":"culvert","name:ml":null,"designation":null,"layer":"-1","boat":null,"name:ur":null,"name:te":null,"name:fa":null,"name":null},"geometry":{"type":"LineString","coordinates":[[78.4895834,17.2111302],[78.489575,17.2110237]]}},
{"type":"Feature","properties":{"full_id":"w1458977644","osm_id":"1458977644","osm_type":"way","waterway":"drain","bridge":null,"usage":null,"width":null,"ship":null,"intermittent":null,"tunnel":null,"name:ml":null,"designation":null,"layer":null,"boat":null,"name:ur":null,"name:te":null,"name:fa":null,"name":null},"geometry":{"type":"LineString","coordinates":[[78.2384169,17.4864711],[78.2384813,17.4862767],[78.2388461,17.4860618],[78.2392001,17.485765],[78.2394469,17.4855706],[78.2394576,17.4852943],[78.2395649,17.4850896],[78.2396185,17.4837081],[78.2399833,17.4835035],[78.2400262,17.4831351],[78.2400691,17.4819583],[78.2402193,17.4815899],[78.2404554,17.4814466],[78.2405841,17.4812829],[78.2408309,17.4812215],[78.2409704,17.4811601],[78.2409704,17.4810475],[78.240906,17.4807405],[78.2409918,17.4803823],[78.2409382,17.4800856],[78.2410187,17.4798911],[78.2410938,17.479799],[78.2410938,17.4794716],[78.2407075,17.4789803],[78.2403481,17.4781719],[78.240273,17.4776705],[78.2401764,17.4770872],[78.2401872,17.4767904],[78.2402247,17.4764066],[78.2402784,17.4760587],[78.2408148,17.4758694],[78.2408309,17.4755572],[78.2406646,17.4750404],[78.2401121,17.4744418],[78.2400048,17.4736179],[78.2399994,17.4728351],[78.2397312,17.4719652],[78.2397419,17.4714637]]}},
{"type":"Feature","properties":{"full_id":"w1460738637","osm_id":"1460738637","osm_type":"way","waterway":"drain","bridge":null,"usage":null,"width":null,"ship":null,"intermittent":null,"tunnel":null,"name:ml":null,"designation":null,"layer":null,"boat":null,"name:ur":null,"name:te":null,"name:fa":null,"name":null},"geometry":{"type":"LineString","coordinates":[[78.513221,17.4167984],[78.5131972,17.4169154],[78.5131931,17.4170638],[78.5132119,17.4172148],[78.5133693,17.4177699]]}},
{"type":"Feature","properties":{"full_id":"w1460738638","osm_id":"1460738638","osm_type":"way","waterway":"drain","bridge":null,"usage":null,"width":null,"ship":null,"intermittent":null,"tunnel":"culvert","name:ml":null,"designation":null,"layer":"-1","boat":null,"name:ur":null,"name:te":null,"name:fa":null,"name":null},"geometry":{"type":"LineString","coordinates":[[78.5133693,17.4177699],[78.5133809,17.417816]]}},
{"type":"Feature","properties":{"full_id":"w1460738641","osm_id":"1460738641","osm_type":"way","waterway":"drain","bridge":null,"usage":null,"width":null,"ship":null,"intermittent":"no","tunnel":null,"name:ml":null,"designation":null,"layer":null,"boat":null,"name:ur":null,"name:te":null,"name:fa":null,"name":null},"geometry":{"type":"LineString","coordinates":[[78.5143907,17.420043],[78.5144055,17.420078],[78.5144672,17.4201408],[78.5144801,17.420158],[78.5144908,17.4201724],[78.5146122,17.4203998],[78.5146887,17.4205485],[78.5147751,17.4207046],[78.5148364,17.4208097]]}},
{"type":"Feature","properties":{"full_id":"w1460738642","osm_id":"1460738642","osm_type":"way","waterway":"drain","bridge":null,"usage":null,"width":null,"ship":null,"intermittent":"no","tunnel":"culvert","name:ml":null,"designation":null,"layer":"-1","boat":null,"name:ur":null,"name:te":null,"name:fa":null,"name":null},"geometry":{"type":"LineString","coordinates":[[78.5143474,17.4199404],[78.5143907,17.420043]]}},
{"type":"Feature","properties":{"full_id":"w1460932351","osm_id":"1460932351","osm_type":"way","waterway":"stream","bridge":null,"usage":null,"width":null,"ship":null,"intermittent":null,"tunnel":null,"name:ml":null,"designation":"drain from mansarovar to hussain sagar","layer":null,"boat":null,"name:ur":null,"name:te":null,"name:fa":null,"name":null},"geometry":{"type":"LineString","coordinates":[[78.4958,17.4780308],[78.4956059,17.4773232]]}},
{"type":"Feature","properties":{"full_id":"w1460932352","osm_id":"1460932352","osm_type":"way","waterway":"stream","bridge":null,"usage":null,"width":null,"ship":null,"intermittent":null,"tunnel":"culvert","name:ml":null,"designation":"drain from mansarovar to hussain sagar","layer":"-1","boat":null,"name:ur":null,"name:te":null,"name:fa":null,"name":null},"geometry":{"type":"LineString","coordinates":[[78.4956059,17.4773232],[78.4955776,17.4772203]]}},
{"type":"Feature","properties":{"full_id":"w1488734251","osm_id":"1488734251","osm_type":"way","waterway":"river","bridge":"aqueduct","usage":null,"width":null,"ship":null,"intermittent":null,"tunnel":null,"name:ml":null,"designation":null,"layer":"0","boat":null,"name:ur":null,"name:te":null,"name:fa":null,"name":null},"geometry":{"type":"LineString","coordinates":[[78.5726687,17.4013833],[78.5726776,17.4012434],[78.5727224,17.4010677],[78.5728332,17.4008919],[78.5732355,17.4005285],[78.5734501,17.4002879],[78.5736647,17.3999313],[78.5738042,17.3996463],[78.5739078,17.3991781],[78.5739119,17.3986673],[78.5738943,17.398538],[78.573691,17.3980724],[78.5735555,17.3977052],[78.5734742,17.3975836],[78.5731476,17.3973703],[78.5728728,17.3970693],[78.5726126,17.3967538],[78.5723308,17.3963891],[78.5719622,17.3962521],[78.5718077,17.3962521],[78.5715637,17.3962624],[78.5714065,17.3963064],[78.5712548,17.3964512],[78.5706748,17.3973538],[78.5704363,17.3977651],[78.570252,17.3978452],[78.5699457,17.3977056],[78.5698264,17.3975608],[78.5695635,17.3970487],[78.5694551,17.3969323],[78.5693223,17.3968573],[78.5688128,17.3968599],[78.5684848,17.3968288],[78.5680783,17.3964254],[78.5679699,17.3962831],[78.567959,17.3961383],[78.568081,17.395996],[78.5683032,17.395771],[78.5686556,17.3954193],[78.5687775,17.3951891],[78.5687586,17.3949123],[78.5686761,17.3946043],[78.5686698,17.3943993],[78.5685235,17.3941587],[78.5682589,17.3937813],[78.5679257,17.3934011],[78.5676051,17.3931396],[78.5671225,17.3930267],[78.5668112,17.3931574],[78.5660951,17.3933951],[78.5654911,17.3936328],[78.5653884,17.3937903],[78.5649329,17.3945356],[78.5648203,17.3946329],[78.5647523,17.3947745],[78.5646272,17.3948923],[78.5641855,17.3950202],[78.5639119,17.3951209],[78.5637993,17.3952352],[78.5636133,17.3953137],[78.563413,17.3953905],[78.5632718,17.3955799],[78.5630053,17.3960133],[78.5625118,17.3961345],[78.5623705,17.3961516],[78.5621935,17.3960202],[78.5620379,17.395812],[78.5618627,17.3956226],[78.5615587,17.3952847],[78.5614782,17.3951892],[78.5614335,17.39508],[78.5614478,17.3949691],[78.5614926,17.3948377],[78.5615712,17.3945817],[78.5615784,17.3943138],[78.5615605,17.3940033],[78.5614854,17.3937985],[78.5613334,17.3936603],[78.5612172,17.3935323],[78.5612029,17.3934094],[78.5612583,17.3931978],[78.56143,17.3927201],[78.5614729,17.3924829],[78.5615355,17.3923685],[78.5618073,17.3921706],[78.562054,17.3918737],[78.562206,17.3916502],[78.562265,17.3913857],[78.5622668,17.3911058],[78.5621899,17.3909113],[78.5620361,17.390756],[78.5617751,17.3906297],[78.5614537,17.3905581],[78.5612534,17.3906264],[78.5610585,17.3907322],[78.5608243,17.3907765],[78.5605078,17.3907834],[78.5602592,17.3908755],[78.5600536,17.390954],[78.5598784,17.3910666],[78.5594778,17.3914079],[78.559206,17.3916451],[78.5586034,17.3918226],[78.5583942,17.3919574],[78.557754,17.3923601],[78.5575556,17.3924437],[78.5574304,17.3924505],[78.5573049,17.3924131],[78.5568636,17.3922094],[78.5565239,17.3921621],[78.5562891,17.3921756],[78.556098,17.3922476],[78.555868,17.3922645],[78.5556568,17.3922184],[78.5555353,17.3921306],[78.5553725,17.392018],[78.5553253,17.3919887],[78.55512,17.3920146],[78.5547036,17.3920506],[78.5543626,17.392072],[78.5541125,17.3921328],[78.5539662,17.392179],[78.5537454,17.3922833]]}},
{"type":"Feature","properties":{"full_id":"w1488734252","osm_id":"1488734252","osm_type":"way","waterway":"river","bridge":"aqueduct","usage":null,"width":null,"ship":null,"intermittent":null,"tunnel":null,"name:ml":null,"designation":null,"layer":"1","boat":null,"name:ur":null,"name:te":null,"name:fa":null,"name":null},"geometry":{"type":"LineString","coordinates":[[78.5536519,17.3923275],[78.5535769,17.3923629],[78.5533999,17.3924388],[78.5532595,17.3925233],[78.5530843,17.3925437],[78.5530137,17.3925301]]}},
{"type":"Feature","properties":{"full_id":"w1488734253","osm_id":"1488734253","osm_type":"way","waterway":"river","bridge":"aqueduct","usage":null,"width":null,"ship":null,"intermittent":null,"tunnel":null,"name:ml":null,"designation":null,"layer":"0","boat":null,"name:ur":null,"name:te":null,"name:fa":null,"name":null},"geometry":{"type":"LineString","coordinates":[[78.5537454,17.3922833],[78.5536519,17.3923275]]}},
{"type":"Feature","properties":{"full_id":"w1511551510","osm_id":"1511551510","osm_type":"way","waterway":"stream","bridge":null,"usage":null,"width":null,"ship":null,"intermittent":null,"tunnel":null,"name:ml":null,"designation":null,"layer":null,"boat":null,"name:ur":null,"name:te":null,"name:fa":null,"name":null},"geometry":{"type":"LineString","coordinates":[[78.3218329,17.4522143],[78.3217851,17.4520724],[78.3217077,17.451993],[78.3216332,17.4519275],[78.3216119,17.4518592],[78.3216467,17.4517669],[78.3216999,17.4516811],[78.3216661,17.4515971],[78.3215606,17.4515749],[78.3214658,17.4515703],[78.3213758,17.4515214],[78.3212597,17.4514318],[78.3211833,17.4514245],[78.3210788,17.4514337],[78.3209878,17.4513959],[78.3207276,17.4512583],[78.3205815,17.4512113],[78.320475,17.4512232],[78.3203464,17.4512648],[78.3202428,17.4512574],[78.3201548,17.4511577],[78.3201263,17.4510626],[78.3201292,17.4510027],[78.3201776,17.450962],[78.3202657,17.4508328],[78.3203063,17.450711],[78.320317,17.4506307],[78.3202676,17.4504895],[78.3201892,17.4503067],[78.320195,17.4502375],[78.3202357,17.4501839],[78.3204456,17.450063],[78.320494,17.4500178],[78.3205153,17.4498747],[78.3205579,17.4496652],[78.3205966,17.4495581],[78.3206333,17.4494742],[78.3206317,17.4494233],[78.3206285,17.4493237],[78.3207282,17.4492905],[78.3208675,17.4492111],[78.3209429,17.4491059],[78.3209381,17.4490025],[78.320791,17.4485151],[78.3207465,17.448301],[78.3207156,17.448001],[78.3206982,17.4476678],[78.3207223,17.4474814],[78.320703,17.4473817],[78.3205434,17.4471315],[78.320406,17.4469294],[78.3203663,17.4468085],[78.3203199,17.4467429],[78.3201863,17.4466626],[78.3201331,17.4465648],[78.3201399,17.4465]]}},
{"type":"Feature","properties":{"full_id":"w1511551512","osm_id":"1511551512","osm_type":"way","waterway":"stream","bridge":null,"usage":null,"width":null,"ship":null,"intermittent":null,"tunnel":null,"name:ml":null,"designation":null,"layer":null,"boat":null,"name:ur":null,"name:te":null,"name:fa":null,"name":null},"geometry":{"type":"LineString","coordinates":[[78.3290209,17.4508399],[78.329286,17.4507688],[78.3294641,17.4506414],[78.3296363,17.4505073],[78.3296375,17.4504302],[78.3295426,17.4502995],[78.3295391,17.4502235],[78.3296984,17.4501251],[78.3298179,17.4500301],[78.3298495,17.4499429],[78.3297921,17.4498032],[78.3297394,17.4497652],[78.3297488,17.4496702],[78.3297042,17.4495864],[78.3295637,17.4495395],[78.3294582,17.4494545],[78.3294301,17.4493383],[78.3294699,17.4492467],[78.3295789,17.449183],[78.3297909,17.449155],[78.3299854,17.4490913],[78.330092,17.4490455],[78.3303509,17.4490209],[78.3305864,17.4489661],[78.3307973,17.4489203],[78.3310175,17.4487891]]}},
{"type":"Feature","properties":{"full_id":"w1511551516","osm_id":"1511551516","osm_type":"way","waterway":"stream","bridge":null,"usage":null,"width":null,"ship":null,"intermittent":null,"tunnel":null,"name:ml":null,"designation":null,"layer":null,"boat":null,"name:ur":null,"name:te":null,"name:fa":null,"name":null},"geometry":{"type":"LineString","coordinates":[[78.3219244,17.4526772],[78.3219555,17.452944],[78.3219442,17.4531415],[78.321852,17.4533039],[78.3218747,17.4534095],[78.321964,17.453603],[78.3220321,17.4538087],[78.3220208,17.4539832],[78.3219811,17.4541537],[78.3219201,17.4542945],[78.3218773,17.4543513]]}},
{"type":"Feature","properties":{"full_id":"w1511551517","osm_id":"1511551517","osm_type":"way","waterway":"stream","bridge":null,"usage":null,"width":null,"ship":null,"intermittent":null,"tunnel":null,"name:ml":null,"designation":null,"layer":null,"boat":null,"name:ur":null,"name:te":null,"name:fa":null,"name":null},"geometry":{"type":"LineString","coordinates":[[78.3220755,17.4544016],[78.3222875,17.4543486],[78.3224704,17.454354],[78.3226634,17.4544582],[78.3229471,17.4545015],[78.3232747,17.4544393],[78.3234918,17.4544271],[78.3237088,17.4543784],[78.3238599,17.4542776],[78.3240748,17.454239],[78.3243301,17.4541889],[78.3244862,17.4540929],[78.3246152,17.4539575],[78.3246606,17.45381],[78.3247174,17.4536422],[78.3247656,17.4535367],[78.3248209,17.4534433],[78.3249458,17.4533567],[78.3250167,17.4532309],[78.3251571,17.4530969],[78.3254167,17.4529819],[78.325733,17.4529034],[78.3260508,17.4528641],[78.3263529,17.4528141],[78.3264486,17.4528022]]}}
]
}
